id,hospcode,areacode,date_com,b_year,result
"2d85d6ec39840f8051854b028fa13073","04094","37010201","202311160805","2566",5
"2d85d6ec39840f8051854b028fa13073","01324","14130412","202311152244","2566",1
"2d85d6ec39840f8051854b028fa13073","07484","65010802","202311162019","2566",273
"2d85d6ec39840f8051854b028fa13073","02028","22020210","202311160701","2566",1
"2d85d6ec39840f8051854b028fa13073","07483","65010703","202311162019","2566",2
"2d85d6ec39840f8051854b028fa13073","07496","65011901","202311162019","2566",4
"2d85d6ec39840f8051854b028fa13073","04783","43010307","202311160552","2566",144
"2d85d6ec39840f8051854b028fa13073","07492","65011504","202311162019","2566",1007
"2d85d6ec39840f8051854b028fa13073","07295","63020309","202311160932","2566",1
"2d85d6ec39840f8051854b028fa13073","11251","65030105","202311162019","2566",1242
"2d85d6ec39840f8051854b028fa13073","10699","27010102","202311161603","2566",1114
"2d85d6ec39840f8051854b028fa13073","11460","94070100","202311161423","2566",88
"2d85d6ec39840f8051854b028fa13073","10866","27020101","202311161603","2566",921
"2d85d6ec39840f8051854b028fa13073","11320","77070100","202311160811","2566",12
"2d85d6ec39840f8051854b028fa13073","11318","77050104","202311160811","2566",222
"2d85d6ec39840f8051854b028fa13073","11317","77040105","202311160811","2566",60
"2d85d6ec39840f8051854b028fa13073","04810","38010304","202311160711","2566",317
"2d85d6ec39840f8051854b028fa13073","04809","38010201","202311160711","2566",399
"2d85d6ec39840f8051854b028fa13073","04811","38010401","202311160711","2566",175
"2d85d6ec39840f8051854b028fa13073","05827","50020612","202311170830","2566",2
"2d85d6ec39840f8051854b028fa13073","04812","38010404","202311160711","2566",953
"2d85d6ec39840f8051854b028fa13073","04813","38010508","202311160711","2566",170
"2d85d6ec39840f8051854b028fa13073","04814","38010605","202311160711","2566",183
"2d85d6ec39840f8051854b028fa13073","04815","38010705","202311160711","2566",232
"2d85d6ec39840f8051854b028fa13073","04817","38010910","202311160711","2566",367
"2d85d6ec39840f8051854b028fa13073","04818","38010907","202311160711","2566",178
"2d85d6ec39840f8051854b028fa13073","04816","38010806","202311160711","2566",223
"2d85d6ec39840f8051854b028fa13073","04105","37010903","202311160805","2566",1
"2d85d6ec39840f8051854b028fa13073","11364","84100503","202311160440","2566",4
"2d85d6ec39840f8051854b028fa13073","01429","15070507","202311160913","2566",20
"2d85d6ec39840f8051854b028fa13073","11034","42070106","202311171034","2566",247
"2d85d6ec39840f8051854b028fa13073","21739","43010304","202311160552","2566",50
"2d85d6ec39840f8051854b028fa13073","21356","43140103","202311160552","2566",401
"2d85d6ec39840f8051854b028fa13073","10241","43070304","202311160552","2566",1
"2d85d6ec39840f8051854b028fa13073","10706","43010103","202311160552","2566",2159
"2d85d6ec39840f8051854b028fa13073","11042","43050103","202311160552","2566",2152
"2d85d6ec39840f8051854b028fa13073","11044","43070101","202311160552","2566",654
"2d85d6ec39840f8051854b028fa13073","11033","42060105","202311171034","2566",258
"2d85d6ec39840f8051854b028fa13073","11289","72020102","202311161216","2566",324
"2d85d6ec39840f8051854b028fa13073","13960","45190307","202311150609","2566",1
"2d85d6ec39840f8051854b028fa13073","11316","77030306","202311160811","2566",170
"2d85d6ec39840f8051854b028fa13073","06847","58020501","202311160542","2566",1
"2d85d6ec39840f8051854b028fa13073","10829","21030100","202311170943","2566",403
"2d85d6ec39840f8051854b028fa13073","10828","21020201","202311170943","2566",2926
"2d85d6ec39840f8051854b028fa13073","04565","41070207","202310181814","2566",1
"2d85d6ec39840f8051854b028fa13073","10153","96080301","202311151853","2566",6
"2d85d6ec39840f8051854b028fa13073","08109","71091208","202311170906","2566",6
"2d85d6ec39840f8051854b028fa13073","08110","71090204","202311170906","2566",4
"2d85d6ec39840f8051854b028fa13073","08111","71090301","202311170906","2566",1
"2d85d6ec39840f8051854b028fa13073","08113","71090502","202311170906","2566",54
"2d85d6ec39840f8051854b028fa13073","01428","15070403","202311160913","2566",20
"2d85d6ec39840f8051854b028fa13073","01426","15070204","202311160913","2566",8
"2d85d6ec39840f8051854b028fa13073","03092","32010503","202311161643","2566",16
"2d85d6ec39840f8051854b028fa13073","03287","33011901","202311160358","2566",1
"2d85d6ec39840f8051854b028fa13073","01784","19110508","202311160757","2566",8
"2d85d6ec39840f8051854b028fa13073","10827","21011300","202311170943","2566",427
"2d85d6ec39840f8051854b028fa13073","10675","60010100","202311161704","2566",7379
"2d85d6ec39840f8051854b028fa13073","11216","60090808","202311161704","2566",1
"2d85d6ec39840f8051854b028fa13073","11032","42040101","202311171034","2566",400
"2d85d6ec39840f8051854b028fa13073","11078","46030111","202311121525","2566",367
"2d85d6ec39840f8051854b028fa13073","09788","93011302","202311160913","2566",3
"2d85d6ec39840f8051854b028fa13073","10724","64010601","202311170558","2566",316
"2d85d6ec39840f8051854b028fa13073","09782","93011008","202311160913","2566",7
"2d85d6ec39840f8051854b028fa13073","11537","10080100","202311160936","2566",18490
"2d85d6ec39840f8051854b028fa13073","10676","65010100","202311162019","2566",22
"2d85d6ec39840f8051854b028fa13073","01339","14150303","202311152244","2566",1
"2d85d6ec39840f8051854b028fa13073","10768","14020100","202311152244","2566",27
"2d85d6ec39840f8051854b028fa13073","10774","14080505","202311152244","2566",6
"2d85d6ec39840f8051854b028fa13073","10772","14060111","202311152244","2566",8
"2d85d6ec39840f8051854b028fa13073","10776","14100303","202311152244","2566",509
"2d85d6ec39840f8051854b028fa13073","10775","14090102","202311152244","2566",237
"2d85d6ec39840f8051854b028fa13073","10822","20060901","202311132106","2566",636
"2d85d6ec39840f8051854b028fa13073","11217","60100108","202311161704","2566",5
"2d85d6ec39840f8051854b028fa13073","11031","42030102","202311171034","2566",742
"2d85d6ec39840f8051854b028fa13073","11030","42020106","202311171034","2566",226
"2d85d6ec39840f8051854b028fa13073","03101","32011302","202311161643","2566",20
"2d85d6ec39840f8051854b028fa13073","01783","19110501","202311160757","2566",23
"2d85d6ec39840f8051854b028fa13073","10751","96100100","202311151853","2566",15
"2d85d6ec39840f8051854b028fa13073","11208","58070101","202311160542","2566",77
"2d85d6ec39840f8051854b028fa13073","11207","58060203","202311160542","2566",242
"2d85d6ec39840f8051854b028fa13073","11206","58050109","202311160542","2566",235
"2d85d6ec39840f8051854b028fa13073","10663","21010100","202311170943","2566",290
"2d85d6ec39840f8051854b028fa13073","10913","31190101","202311162001","2566",4
"2d85d6ec39840f8051854b028fa13073","10914","31200107","202311162001","2566",364
"2d85d6ec39840f8051854b028fa13073","11619","31230202","202311162001","2566",4
"2d85d6ec39840f8051854b028fa13073","10899","31060108","202311162001","2566",1114
"2d85d6ec39840f8051854b028fa13073","03150","32050301","202311161643","2566",7
"2d85d6ec39840f8051854b028fa13073","11157","52130104","202311151309","2566",48
"2d85d6ec39840f8051854b028fa13073","03283","33011204","202311160358","2566",68
"2d85d6ec39840f8051854b028fa13073","03318","33040203","202311160358","2566",2
"2d85d6ec39840f8051854b028fa13073","03330","33041206","202311160358","2566",3
"2d85d6ec39840f8051854b028fa13073","03341","33040205","202311160358","2566",8
"2d85d6ec39840f8051854b028fa13073","03783","34250109","202311121923","2566",83
"2d85d6ec39840f8051854b028fa13073","03784","34250203","202311121923","2566",691
"2d85d6ec39840f8051854b028fa13073","03786","34250504","202311121923","2566",61
"2d85d6ec39840f8051854b028fa13073","10957","34200102","202311121923","2566",15
"2d85d6ec39840f8051854b028fa13073","10956","34190100","202311121923","2566",349
"2d85d6ec39840f8051854b028fa13073","11250","64090308","202311170558","2566",24
"2d85d6ec39840f8051854b028fa13073","09783","93011013","202311160913","2566",1
"2d85d6ec39840f8051854b028fa13073","09784","93011103","202311160913","2566",1
"2d85d6ec39840f8051854b028fa13073","03311","33031201","202311160358","2566",1
"2d85d6ec39840f8051854b028fa13073","11166","54020406","202311061252","2566",142
"2d85d6ec39840f8051854b028fa13073","10722","63010100","202311160932","2566",2547
"2d85d6ec39840f8051854b028fa13073","13846","31190108","202311162001","2566",17
"2d85d6ec39840f8051854b028fa13073","10974","36061001","202311170416","2566",852
"2d85d6ec39840f8051854b028fa13073","04090","36150210","202311170416","2566",13
"2d85d6ec39840f8051854b028fa13073","04091","36150305","202311170416","2566",9
"2d85d6ec39840f8051854b028fa13073","04820","38011011","202311160711","2566",140
"2d85d6ec39840f8051854b028fa13073","04821","38011101","202311160711","2566",104
"2d85d6ec39840f8051854b028fa13073","04822","38011204","202311160711","2566",292
"2d85d6ec39840f8051854b028fa13073","10705","42010101","202311171034","2566",1931
"2d85d6ec39840f8051854b028fa13073","04092","36150307","202311170416","2566",37
"2d85d6ec39840f8051854b028fa13073","04505","41020105","202310181814","2566",148
"2d85d6ec39840f8051854b028fa13073","04506","41020203","202310181814","2566",35
"2d85d6ec39840f8051854b028fa13073","04497","41011505","202310181814","2566",24
"2d85d6ec39840f8051854b028fa13073","04511","41020701","202310181814","2566",21
"2d85d6ec39840f8051854b028fa13073","04509","41020401","202310181814","2566",14
"2d85d6ec39840f8051854b028fa13073","04524","41040304","202310181814","2566",183
"2d85d6ec39840f8051854b028fa13073","04525","41040306","202310181814","2566",112
"2d85d6ec39840f8051854b028fa13073","04533","41040913","202310181814","2566",64
"2d85d6ec39840f8051854b028fa13073","04529","41040704","202310181814","2566",129
"2d85d6ec39840f8051854b028fa13073","04539","41041101","202310181814","2566",156
"2d85d6ec39840f8051854b028fa13073","04538","41041404","202310181814","2566",148
"2d85d6ec39840f8051854b028fa13073","04537","41041403","202310181814","2566",144
"2d85d6ec39840f8051854b028fa13073","11026","41200104","202310181814","2566",667
"2d85d6ec39840f8051854b028fa13073","11025","41190101","202310181814","2566",10041
"2d85d6ec39840f8051854b028fa13073","11024","41181001","202310181814","2566",859
"2d85d6ec39840f8051854b028fa13073","11016","41040704","202310181814","2566",1900
"2d85d6ec39840f8051854b028fa13073","11017","41050102","202310181814","2566",1577
"2d85d6ec39840f8051854b028fa13073","11018","41060106","202310181814","2566",3421
"2d85d6ec39840f8051854b028fa13073","04780","42130301","202311171034","2566",2
"2d85d6ec39840f8051854b028fa13073","04781","42130401","202311171034","2566",1
"2d85d6ec39840f8051854b028fa13073","10234","42060505","202311171034","2566",16
"2d85d6ec39840f8051854b028fa13073","03089","32010201","202311161643","2566",16
"2d85d6ec39840f8051854b028fa13073","11076","45170403","202311150609","2566",474
"2d85d6ec39840f8051854b028fa13073","11075","45160203","202311150609","2566",368
"2d85d6ec39840f8051854b028fa13073","11074","45150106","202311150609","2566",1177
"2d85d6ec39840f8051854b028fa13073","11073","45140107","202311150609","2566",394
"2d85d6ec39840f8051854b028fa13073","04777","42130106","202311171034","2566",2
"2d85d6ec39840f8051854b028fa13073","11094","47070205","202311161837","2566",123
"2d85d6ec39840f8051854b028fa13073","11095","47081209","202311161837","2566",1350
"2d85d6ec39840f8051854b028fa13073","11536","10030102","202311160936","2566",283
"2d85d6ec39840f8051854b028fa13073","04778","42130201","202311171034","2566",1
"2d85d6ec39840f8051854b028fa13073","11096","47090111","202311161837","2566",293
"2d85d6ec39840f8051854b028fa13073","15223","31050318","202311162001","2566",1
"2d85d6ec39840f8051854b028fa13073","02936","31050101","202311162001","2566",2
"2d85d6ec39840f8051854b028fa13073","05503","47080210","202311161837","2566",5
"2d85d6ec39840f8051854b028fa13073","02943","31050801","202311162001","2566",1
"2d85d6ec39840f8051854b028fa13073","23578","31220106","202311162001","2566",32
"2d85d6ec39840f8051854b028fa13073","02984","31080803","202311162001","2566",1
"2d85d6ec39840f8051854b028fa13073","12260","12010204","202311131417","2566",359
"2d85d6ec39840f8051854b028fa13073","05516","47081202","202311161837","2566",1
"2d85d6ec39840f8051854b028fa13073","05515","47081101","202311161837","2566",2
"2d85d6ec39840f8051854b028fa13073","05512","47080802","202311161837","2566",152
"2d85d6ec39840f8051854b028fa13073","05508","47080505","202311161837","2566",9
"2d85d6ec39840f8051854b028fa13073","05505","47080310","202311161837","2566",671
"2d85d6ec39840f8051854b028fa13073","14441","47010100","202311161837","2566",31
"2d85d6ec39840f8051854b028fa13073","05551","47121203","202311161837","2566",4
"2d85d6ec39840f8051854b028fa13073","21323","47180300","202311161837","2566",228
"2d85d6ec39840f8051854b028fa13073","05548","47121001","202311161837","2566",23
"2d85d6ec39840f8051854b028fa13073","11079","46040101","202311121525","2566",409
"2d85d6ec39840f8051854b028fa13073","77677","22070101","202311160701","2566",94
"2d85d6ec39840f8051854b028fa13073","25058","41240107","202310181814","2566",722
"2d85d6ec39840f8051854b028fa13073","01486","16040506","202311160800","2566",1
"2d85d6ec39840f8051854b028fa13073","03081","31210408","202311162001","2566",1
"2d85d6ec39840f8051854b028fa13073","01970","21040101","202311170943","2566",1
"2d85d6ec39840f8051854b028fa13073","10906","31120103","202311162001","2566",18
"2d85d6ec39840f8051854b028fa13073","77707","91050103","202311170108","2566",6
"2d85d6ec39840f8051854b028fa13073","03315","33032007","202311160358","2566",1
"2d85d6ec39840f8051854b028fa13073","77510","21010202","202311170943","2566",1
"2d85d6ec39840f8051854b028fa13073","10909","31150401","202311162001","2566",1
"2d85d6ec39840f8051854b028fa13073","10832","21060101","202311170943","2566",276
"2d85d6ec39840f8051854b028fa13073","10831","21050204","202311170943","2566",325
"2d85d6ec39840f8051854b028fa13073","10907","31130508","202311162001","2566",23
"2d85d6ec39840f8051854b028fa13073","00990","11060201","202311160054","2566",1
"2d85d6ec39840f8051854b028fa13073","07568","65061104","202311162019","2566",47
"2d85d6ec39840f8051854b028fa13073","11169","54041203","202311061252","2566",180
"2d85d6ec39840f8051854b028fa13073","11167","54030106","202311061252","2566",40
"2d85d6ec39840f8051854b028fa13073","01782","19110402","202311160757","2566",4
"2d85d6ec39840f8051854b028fa13073","01781","19110401","202311160757","2566",13
"2d85d6ec39840f8051854b028fa13073","01610","18010501","202311151014","2566",7
"2d85d6ec39840f8051854b028fa13073","11080","46060116","202311121525","2566",821
"2d85d6ec39840f8051854b028fa13073","11081","46070120","202311121525","2566",34
"2d85d6ec39840f8051854b028fa13073","11363","84090103","202311160440","2566",316
"2d85d6ec39840f8051854b028fa13073","10743","85010100","202311160409","2566",1433
"2d85d6ec39840f8051854b028fa13073","08619","76050503","202311161420","2566",1
"2d85d6ec39840f8051854b028fa13073","11388","90040100","202311132002","2566",1208
"2d85d6ec39840f8051854b028fa13073","11387","90030102","202311132002","2566",40
"2d85d6ec39840f8051854b028fa13073","11386","90020101","202311132002","2566",35
"2d85d6ec39840f8051854b028fa13073","10745","90010402","202311132002","2566",4276
"2d85d6ec39840f8051854b028fa13073","10682","90110100","202311132002","2566",9585
"2d85d6ec39840f8051854b028fa13073","11390","90050105","202311132002","2566",151
"2d85d6ec39840f8051854b028fa13073","28858","70100103","202311152345","2566",5
"2d85d6ec39840f8051854b028fa13073","14334","60010100","202311161704","2566",396
"2d85d6ec39840f8051854b028fa13073","14333","60010609","202311161704","2566",514
"2d85d6ec39840f8051854b028fa13073","11220","60130109","202311161704","2566",1
"2d85d6ec39840f8051854b028fa13073","07161","62011303","202311161302","2566",3
"2d85d6ec39840f8051854b028fa13073","10837","22030805","202311160701","2566",22
"2d85d6ec39840f8051854b028fa13073","06251","53010205","202311161306","2566",143
"2d85d6ec39840f8051854b028fa13073","24689","95080203","202311161701","2566",63
"2d85d6ec39840f8051854b028fa13073","24705","95010100","202311161701","2566",2
"2d85d6ec39840f8051854b028fa13073","10053","95040306","202311161701","2566",3
"2d85d6ec39840f8051854b028fa13073","10050","95040201","202311161701","2566",9
"2d85d6ec39840f8051854b028fa13073","02214","24030407","202311170904","2566",1
"2d85d6ec39840f8051854b028fa13073","02205","24020809","202311170904","2566",3
"2d85d6ec39840f8051854b028fa13073","02218","24030705","202311170904","2566",1
"2d85d6ec39840f8051854b028fa13073","02228","24040602","202311170904","2566",30
"2d85d6ec39840f8051854b028fa13073","77661","24010100","202311170904","2566",1
"2d85d6ec39840f8051854b028fa13073","03862","35030909","202311170351","2566",2
"2d85d6ec39840f8051854b028fa13073","08615","76050205","202311161420","2566",3
"2d85d6ec39840f8051854b028fa13073","06253","53010405","202311161306","2566",25
"2d85d6ec39840f8051854b028fa13073","07167","62011508","202311161302","2566",186
"2d85d6ec39840f8051854b028fa13073","04773","42120409","202311171034","2566",2
"2d85d6ec39840f8051854b028fa13073","04770","42120102","202311171034","2566",2
"2d85d6ec39840f8051854b028fa13073","07566","65061004","202311162019","2566",179
"2d85d6ec39840f8051854b028fa13073","02991","31091001","202311162001","2566",10
"2d85d6ec39840f8051854b028fa13073","28020","31210109","202311162001","2566",9
"2d85d6ec39840f8051854b028fa13073","11541","10310100","202311160936","2566",3303
"2d85d6ec39840f8051854b028fa13073","10964","35030114","202311170351","2566",506
"2d85d6ec39840f8051854b028fa13073","05946","50120703","202311170830","2566",25
"2d85d6ec39840f8051854b028fa13073","03437","33100801","202311160358","2566",1
"2d85d6ec39840f8051854b028fa13073","02092","22070504","202311160701","2566",13
"2d85d6ec39840f8051854b028fa13073","04785","43010505","202311160552","2566",96
"2d85d6ec39840f8051854b028fa13073","07067","61010405","202311160829","2566",12
"2d85d6ec39840f8051854b028fa13073","04823","38020102","202311160711","2566",26
"2d85d6ec39840f8051854b028fa13073","04824","38020201","202311160711","2566",26
"2d85d6ec39840f8051854b028fa13073","04825","38020411","202311160711","2566",26
"2d85d6ec39840f8051854b028fa13073","04826","38020508","202311160711","2566",9
"2d85d6ec39840f8051854b028fa13073","04827","38020702","202311160711","2566",33
"2d85d6ec39840f8051854b028fa13073","04843","38030211","202311160711","2566",159
"2d85d6ec39840f8051854b028fa13073","04844","38030316","202311160711","2566",325
"2d85d6ec39840f8051854b028fa13073","04845","38030313","202311160711","2566",377
"2d85d6ec39840f8051854b028fa13073","04846","38030412","202311160711","2566",81
"2d85d6ec39840f8051854b028fa13073","04848","38030514","202311160711","2566",159
"2d85d6ec39840f8051854b028fa13073","04847","38030409","202311160711","2566",171
"2d85d6ec39840f8051854b028fa13073","04849","38030509","202311160711","2566",164
"2d85d6ec39840f8051854b028fa13073","04850","38030610","202311160711","2566",182
"2d85d6ec39840f8051854b028fa13073","04851","38030604","202311160711","2566",245
"2d85d6ec39840f8051854b028fa13073","04852","38030708","202311160711","2566",206
"2d85d6ec39840f8051854b028fa13073","04869","38040210","202311160711","2566",22
"2d85d6ec39840f8051854b028fa13073","11173","55020204","202311160627","2566",466
"2d85d6ec39840f8051854b028fa13073","10716","55010100","202311160627","2566",2465
"2d85d6ec39840f8051854b028fa13073","06842","58020301","202311160542","2566",26
"2d85d6ec39840f8051854b028fa13073","02093","22070505","202311160701","2566",8
"2d85d6ec39840f8051854b028fa13073","02090","22070401","202311160701","2566",41
"2d85d6ec39840f8051854b028fa13073","11315","77020105","202311160811","2566",78
"2d85d6ec39840f8051854b028fa13073","10867","27030101","202311161603","2566",578
"2d85d6ec39840f8051854b028fa13073","10868","27040106","202311161603","2566",917
"2d85d6ec39840f8051854b028fa13073","10696","23010700","202311170100","2566",486
"2d85d6ec39840f8051854b028fa13073","11353","82070101","202311170153","2566",206
"2d85d6ec39840f8051854b028fa13073","09071","82020302","202311170153","2566",2
"2d85d6ec39840f8051854b028fa13073","09078","82030501","202311170153","2566",2
"2d85d6ec39840f8051854b028fa13073","10725","64060108","202311170558","2566",48
"2d85d6ec39840f8051854b028fa13073","09793","93011402","202311160913","2566",3
"2d85d6ec39840f8051854b028fa13073","21557","93010100","202311160913","2566",8
"2d85d6ec39840f8051854b028fa13073","11082","46080104","202311121525","2566",617
"2d85d6ec39840f8051854b028fa13073","11083","46090710","202311121525","2566",401
"2d85d6ec39840f8051854b028fa13073","04771","42120203","202311171034","2566",6
"2d85d6ec39840f8051854b028fa13073","08115","71090615","202311170906","2566",226
"2d85d6ec39840f8051854b028fa13073","08116","71090611","202311170906","2566",3
"2d85d6ec39840f8051854b028fa13073","01611","18010602","202311151014","2566",14
"2d85d6ec39840f8051854b028fa13073","01612","18010606","202311151014","2566",1
"2d85d6ec39840f8051854b028fa13073","01614","18010803","202311151014","2566",9
"2d85d6ec39840f8051854b028fa13073","11170","54060103","202311061252","2566",228
"2d85d6ec39840f8051854b028fa13073","04535","41250101","202310181814","2566",4
"2d85d6ec39840f8051854b028fa13073","03433","33100402","202311160358","2566",1
"2d85d6ec39840f8051854b028fa13073","10927","33020107","202311160358","2566",112
"2d85d6ec39840f8051854b028fa13073","10928","33030105","202311160358","2566",245
"2d85d6ec39840f8051854b028fa13073","04093","36150402","202311170416","2566",2
"2d85d6ec39840f8051854b028fa13073","10702","36010105","202311170416","2566",1052
"2d85d6ec39840f8051854b028fa13073","11171","54070108","202311061252","2566",176
"2d85d6ec39840f8051854b028fa13073","10750","96010100","202311151853","2566",295
"2d85d6ec39840f8051854b028fa13073","10041","95030304","202311161701","2566",2
"2d85d6ec39840f8051854b028fa13073","04541","41041602","202310181814","2566",136
"2d85d6ec39840f8051854b028fa13073","04580","41090705","202310181814","2566",20
"2d85d6ec39840f8051854b028fa13073","04559","41061201","202310181814","2566",3
"2d85d6ec39840f8051854b028fa13073","04563","41070110","202310181814","2566",17
"2d85d6ec39840f8051854b028fa13073","04564","41070202","202310181814","2566",65
"2d85d6ec39840f8051854b028fa13073","04595","41110603","202310181814","2566",114
"2d85d6ec39840f8051854b028fa13073","04601","41111101","202310181814","2566",132
"2d85d6ec39840f8051854b028fa13073","04600","41111002","202310181814","2566",33
"2d85d6ec39840f8051854b028fa13073","04662","41240204","202310181814","2566",30
"2d85d6ec39840f8051854b028fa13073","10815","19110209","202311160757","2566",22
"2d85d6ec39840f8051854b028fa13073","01780","19110203","202311160757","2566",10
"2d85d6ec39840f8051854b028fa13073","77686","24030110","202311170904","2566",7
"2d85d6ec39840f8051854b028fa13073","02235","24041206","202311170904","2566",4
"2d85d6ec39840f8051854b028fa13073","04870","38040316","202311160711","2566",42
"2d85d6ec39840f8051854b028fa13073","04772","42120208","202311171034","2566",1
"2d85d6ec39840f8051854b028fa13073","03155","32050704","202311161643","2566",3
"2d85d6ec39840f8051854b028fa13073","03156","32050803","202311161643","2566",13
"2d85d6ec39840f8051854b028fa13073","11072","45130109","202311150609","2566",285
"2d85d6ec39840f8051854b028fa13073","11071","45120104","202311150609","2566",180
"2d85d6ec39840f8051854b028fa13073","04786","43010601","202311160552","2566",215
"2d85d6ec39840f8051854b028fa13073","11098","47110103","202311161837","2566",1055
"2d85d6ec39840f8051854b028fa13073","10710","47010100","202311161837","2566",322
"2d85d6ec39840f8051854b028fa13073","11406","91060108","202311170108","2566",469
"2d85d6ec39840f8051854b028fa13073","10781","14160201","202311152244","2566",1
"2d85d6ec39840f8051854b028fa13073","10780","14150106","202311152244","2566",297
"2d85d6ec39840f8051854b028fa13073","10779","14140605","202311152244","2566",2
"2d85d6ec39840f8051854b028fa13073","10778","14130101","202311152244","2566",22
"2d85d6ec39840f8051854b028fa13073","11174","55030205","202311160627","2566",200
"2d85d6ec39840f8051854b028fa13073","04766","42110104","202311171034","2566",1
"2d85d6ec39840f8051854b028fa13073","11394","90090101","202311132002","2566",42
"2d85d6ec39840f8051854b028fa13073","11393","90080303","202311132002","2566",21
"2d85d6ec39840f8051854b028fa13073","11392","90070105","202311132002","2566",40
"2d85d6ec39840f8051854b028fa13073","10740","82050200","202311170153","2566",456
"2d85d6ec39840f8051854b028fa13073","15012","57020203","202311160644","2566",1537
"2d85d6ec39840f8051854b028fa13073","11070","45110101","202311150609","2566",823
"2d85d6ec39840f8051854b028fa13073","01777","19110112","202311160757","2566",7
"2d85d6ec39840f8051854b028fa13073","01255","14070703","202311152244","2566",2
"2d85d6ec39840f8051854b028fa13073","01251","14070305","202311152244","2566",13
"2d85d6ec39840f8051854b028fa13073","11244","64020202","202311170558","2566",3
"2d85d6ec39840f8051854b028fa13073","09800","93020304","202311160913","2566",28
"2d85d6ec39840f8051854b028fa13073","11323","85020303","202311160409","2566",77
"2d85d6ec39840f8051854b028fa13073","11362","84080807","202311160440","2566",3
"2d85d6ec39840f8051854b028fa13073","11361","84070110","202311160440","2566",107
"2d85d6ec39840f8051854b028fa13073","11187","56060601","202311151309","2566",154
"2d85d6ec39840f8051854b028fa13073","04871","38040402","202311160711","2566",10
"2d85d6ec39840f8051854b028fa13073","10788","15070110","202311160913","2566",243
"2d85d6ec39840f8051854b028fa13073","03166","32051707","202311161643","2566",1
"2d85d6ec39840f8051854b028fa13073","13853","32050210","202311161643","2566",5
"2d85d6ec39840f8051854b028fa13073","13854","32050415","202311161643","2566",30
"2d85d6ec39840f8051854b028fa13073","01779","19110109","202311160757","2566",5
"2d85d6ec39840f8051854b028fa13073","04872","38040411","202311160711","2566",17
"2d85d6ec39840f8051854b028fa13073","11248","64070104","202311170558","2566",226
"2d85d6ec39840f8051854b028fa13073","03907","35080212","202311170351","2566",5
"2d85d6ec39840f8051854b028fa13073","11444","35080301","202311170351","2566",680
"2d85d6ec39840f8051854b028fa13073","10970","36020101","202311170416","2566",5
"2d85d6ec39840f8051854b028fa13073","10971","36030113","202311170416","2566",112
"2d85d6ec39840f8051854b028fa13073","04873","38040504","202311160711","2566",8
"2d85d6ec39840f8051854b028fa13073","11360","84060101","202311160440","2566",432
"2d85d6ec39840f8051854b028fa13073","01322","14130302","202311152244","2566",1
"2d85d6ec39840f8051854b028fa13073","07070","61010702","202311160829","2566",5
"2d85d6ec39840f8051854b028fa13073","04874","38040510","202311160711","2566",84
"2d85d6ec39840f8051854b028fa13073","04875","38040602","202311160711","2566",115
"2d85d6ec39840f8051854b028fa13073","04876","38040604","202311160711","2566",76
"2d85d6ec39840f8051854b028fa13073","04877","38040706","202311160711","2566",18
"2d85d6ec39840f8051854b028fa13073","04878","38040801","202311160711","2566",224
"2d85d6ec39840f8051854b028fa13073","04879","38040901","202311160711","2566",233
"2d85d6ec39840f8051854b028fa13073","04880","38050111","202311160711","2566",175
"2d85d6ec39840f8051854b028fa13073","04881","38050202","202311160711","2566",313
"2d85d6ec39840f8051854b028fa13073","11262","66070105","202311090108","2566",463
"2d85d6ec39840f8051854b028fa13073","14463","42040603","202311171034","2566",2
"2d85d6ec39840f8051854b028fa13073","14955","10370100","202311160936","2566",201
"2d85d6ec39840f8051854b028fa13073","11069","45101707","202311150609","2566",1065
"2d85d6ec39840f8051854b028fa13073","11395","90100100","202311132002","2566",16
"2d85d6ec39840f8051854b028fa13073","07679","66120114","202311090108","2566",1
"2d85d6ec39840f8051854b028fa13073","10704","39010101","202311160849","2566",1667
"2d85d6ec39840f8051854b028fa13073","10938","33130104","202311160358","2566",37
"2d85d6ec39840f8051854b028fa13073","01348","14151002","202311152244","2566",2
"2d85d6ec39840f8051854b028fa13073","10726","66010100","202311090108","2566",1188
"2d85d6ec39840f8051854b028fa13073","28811","43150111","202311160552","2566",1416
"2d85d6ec39840f8051854b028fa13073","11186","56050208","202311151309","2566",153
"2d85d6ec39840f8051854b028fa13073","10972","36040101","202311170416","2566",7
"2d85d6ec39840f8051854b028fa13073","10973","36050102","202311170416","2566",154
"2d85d6ec39840f8051854b028fa13073","01347","14150904","202311152244","2566",1
"2d85d6ec39840f8051854b028fa13073","10739","82010100","202311170153","2566",1138
"2d85d6ec39840f8051854b028fa13073","09792","93011401","202311160913","2566",2
"2d85d6ec39840f8051854b028fa13073","10667","31010105","202311162001","2566",18625
"2d85d6ec39840f8051854b028fa13073","01354","14160505","202311152244","2566",1
"2d85d6ec39840f8051854b028fa13073","06254","53010504","202311161306","2566",417
"2d85d6ec39840f8051854b028fa13073","11084","46100110","202311121525","2566",1549
"2d85d6ec39840f8051854b028fa13073","10664","22010200","202311160701","2566",3821
"2d85d6ec39840f8051854b028fa13073","04882","38050306","202311160711","2566",166
"2d85d6ec39840f8051854b028fa13073","04073","36130202","202311170416","2566",1
"2d85d6ec39840f8051854b028fa13073","04045","36100701","202311170416","2566",1
"2d85d6ec39840f8051854b028fa13073","28778","43170107","202311160552","2566",139
"2d85d6ec39840f8051854b028fa13073","27980","66110502","202311090108","2566",126
"2d85d6ec39840f8051854b028fa13073","11263","66080204","202311090108","2566",36
"2d85d6ec39840f8051854b028fa13073","27979","66100502","202311090108","2566",405
"2d85d6ec39840f8051854b028fa13073","11085","46110501","202311121525","2566",392
"2d85d6ec39840f8051854b028fa13073","09674","92020502","202311161823","2566",12
"2d85d6ec39840f8051854b028fa13073","09666","92011904","202311161823","2566",10
"2d85d6ec39840f8051854b028fa13073","28815","43160111","202311160552","2566",561
"2d85d6ec39840f8051854b028fa13073","09676","92020605","202311161823","2566",23
"2d85d6ec39840f8051854b028fa13073","11185","56040201","202311151309","2566",540
"2d85d6ec39840f8051854b028fa13073","04883","38050505","202311160711","2566",390
"2d85d6ec39840f8051854b028fa13073","04791","43011001","202311160552","2566",132
"2d85d6ec39840f8051854b028fa13073","09677","92020701","202311161823","2566",37
"2d85d6ec39840f8051854b028fa13073","04795","43011603","202311160552","2566",123
"2d85d6ec39840f8051854b028fa13073","01424","15061501","202311160913","2566",16
"2d85d6ec39840f8051854b028fa13073","05692","48120104","202311170435","2566",6
"2d85d6ec39840f8051854b028fa13073","40840","48120101","202311170435","2566",558
"2d85d6ec39840f8051854b028fa13073","11107","48110304","202311170435","2566",49
"2d85d6ec39840f8051854b028fa13073","07071","61010806","202311160829","2566",40
"2d85d6ec39840f8051854b028fa13073","07069","61010604","202311160829","2566",99
"2d85d6ec39840f8051854b028fa13073","07075","61011201","202311160829","2566",4
"2d85d6ec39840f8051854b028fa13073","07072","61010906","202311160829","2566",62
"2d85d6ec39840f8051854b028fa13073","10991","39020106","202311160849","2566",1475
"2d85d6ec39840f8051854b028fa13073","01423","15061406","202311160913","2566",32
"2d85d6ec39840f8051854b028fa13073","01617","18010908","202311151014","2566",8
"2d85d6ec39840f8051854b028fa13073","11184","56020107","202311151309","2566",26
"2d85d6ec39840f8051854b028fa13073","10718","56030104","202311151309","2566",1888
"2d85d6ec39840f8051854b028fa13073","08650","76061805","202311161420","2566",36
"2d85d6ec39840f8051854b028fa13073","14356","42130403","202311171034","2566",2
"2d85d6ec39840f8051854b028fa13073","14272","61040210","202311160829","2566",3
"2d85d6ec39840f8051854b028fa13073","07073","61011005","202311160829","2566",31
"2d85d6ec39840f8051854b028fa13073","07077","61011403","202311160829","2566",7
"2d85d6ec39840f8051854b028fa13073","01422","15061302","202311160913","2566",231
"2d85d6ec39840f8051854b028fa13073","10992","39030115","202311160849","2566",681
"2d85d6ec39840f8051854b028fa13073","01778","19110107","202311160757","2566",3
"2d85d6ec39840f8051854b028fa13073","01421","15061206","202311160913","2566",88
"2d85d6ec39840f8051854b028fa13073","06844","58020307","202311160542","2566",1
"2d85d6ec39840f8051854b028fa13073","10836","22030712","202311160701","2566",38
"2d85d6ec39840f8051854b028fa13073","05739","48110301","202311170435","2566",39
"2d85d6ec39840f8051854b028fa13073","04048","36100806","202311170416","2566",1
"2d85d6ec39840f8051854b028fa13073","04051","36101101","202311170416","2566",2
"2d85d6ec39840f8051854b028fa13073","04052","36110201","202311170416","2566",67
"2d85d6ec39840f8051854b028fa13073","09680","92020901","202311161823","2566",7
"2d85d6ec39840f8051854b028fa13073","09678","92020802","202311161823","2566",18
"2d85d6ec39840f8051854b028fa13073","11329","80080103","202311122020","2566",178
"2d85d6ec39840f8051854b028fa13073","07108","61040906","202311160829","2566",18
"2d85d6ec39840f8051854b028fa13073","05738","48110202","202311170435","2566",85
"2d85d6ec39840f8051854b028fa13073","09755","92080203","202311161823","2566",3
"2d85d6ec39840f8051854b028fa13073","09684","92021204","202311161823","2566",7
"2d85d6ec39840f8051854b028fa13073","03193","32071309","202311161643","2566",34
"2d85d6ec39840f8051854b028fa13073","01420","15061105","202311160913","2566",248
"2d85d6ec39840f8051854b028fa13073","07563","65060801","202311162019","2566",44
"2d85d6ec39840f8051854b028fa13073","05737","48110201","202311170435","2566",81
"2d85d6ec39840f8051854b028fa13073","05735","48110103","202311170435","2566",242
"2d85d6ec39840f8051854b028fa13073","09799","93020312","202311160913","2566",8
"2d85d6ec39840f8051854b028fa13073","05736","48110101","202311170435","2566",74
"2d85d6ec39840f8051854b028fa13073","05734","48100701","202311170435","2566",262
"2d85d6ec39840f8051854b028fa13073","05725","48100604","202311170435","2566",119
"2d85d6ec39840f8051854b028fa13073","23137","48100602","202311170435","2566",443
"2d85d6ec39840f8051854b028fa13073","05731","48100510","202311170435","2566",604
"2d85d6ec39840f8051854b028fa13073","05733","48100504","202311170435","2566",406
"2d85d6ec39840f8051854b028fa13073","05732","48100502","202311170435","2566",363
"2d85d6ec39840f8051854b028fa13073","05730","48100402","202311170435","2566",464
"2d85d6ec39840f8051854b028fa13073","05729","48100303","202311170435","2566",339
"2d85d6ec39840f8051854b028fa13073","05728","48100302","202311170435","2566",283
"2d85d6ec39840f8051854b028fa13073","05727","48100206","202311170435","2566",196
"2d85d6ec39840f8051854b028fa13073","05726","48100203","202311170435","2566",497
"2d85d6ec39840f8051854b028fa13073","11112","48100105","202311170435","2566",1731
"2d85d6ec39840f8051854b028fa13073","05724","48090601","202311170435","2566",225
"2d85d6ec39840f8051854b028fa13073","05723","48090502","202311170435","2566",119
"2d85d6ec39840f8051854b028fa13073","05722","48090501","202311170435","2566",84
"2d85d6ec39840f8051854b028fa13073","11359","84050104","202311160440","2566",7
"2d85d6ec39840f8051854b028fa13073","11065","45060103","202311150609","2566",454
"2d85d6ec39840f8051854b028fa13073","04567","41070402","202310181814","2566",3
"2d85d6ec39840f8051854b028fa13073","09749","92070104","202311161823","2566",15
"2d85d6ec39840f8051854b028fa13073","28785","11060112","202311160054","2566",2
"2d85d6ec39840f8051854b028fa13073","11358","84030105","202311160440","2566",41
"2d85d6ec39840f8051854b028fa13073","01419","15061002","202311160913","2566",156
"2d85d6ec39840f8051854b028fa13073","05721","48090402","202311170435","2566",57
"2d85d6ec39840f8051854b028fa13073","05720","48090308","202311170435","2566",98
"2d85d6ec39840f8051854b028fa13073","05719","48090304","202311170435","2566",237
"2d85d6ec39840f8051854b028fa13073","05718","48090213","202311170435","2566",272
"2d85d6ec39840f8051854b028fa13073","05717","48090203","202311170435","2566",259
"2d85d6ec39840f8051854b028fa13073","05716","48090201","202311170435","2566",248
"2d85d6ec39840f8051854b028fa13073","11111","48090105","202311170435","2566",346
"2d85d6ec39840f8051854b028fa13073","05715","48080905","202311170435","2566",322
"2d85d6ec39840f8051854b028fa13073","05714","48080903","202311170435","2566",864
"2d85d6ec39840f8051854b028fa13073","05712","48080802","202311170435","2566",202
"2d85d6ec39840f8051854b028fa13073","05713","48080801","202311170435","2566",59
"2d85d6ec39840f8051854b028fa13073","05711","48080707","202311170435","2566",165
"2d85d6ec39840f8051854b028fa13073","05710","48080705","202311170435","2566",55
"2d85d6ec39840f8051854b028fa13073","05709","48080704","202311170435","2566",117
"2d85d6ec39840f8051854b028fa13073","05708","48080611","202311170435","2566",55
"2d85d6ec39840f8051854b028fa13073","05707","48080601","202311170435","2566",52
"2d85d6ec39840f8051854b028fa13073","05706","48080507","202311170435","2566",87
"2d85d6ec39840f8051854b028fa13073","05705","48080504","202311170435","2566",127
"2d85d6ec39840f8051854b028fa13073","05704","48080409","202311170435","2566",635
"2d85d6ec39840f8051854b028fa13073","05702","48080402","202311170435","2566",297
"2d85d6ec39840f8051854b028fa13073","05703","48080401","202311170435","2566",49
"2d85d6ec39840f8051854b028fa13073","05701","48080310","202311170435","2566",170
"2d85d6ec39840f8051854b028fa13073","05700","48080304","202311170435","2566",113
"2d85d6ec39840f8051854b028fa13073","05698","48080203","202311170435","2566",301
"2d85d6ec39840f8051854b028fa13073","05697","48080201","202311170435","2566",340
"2d85d6ec39840f8051854b028fa13073","11110","48080101","202311170435","2566",884
"2d85d6ec39840f8051854b028fa13073","11086","46120102","202311121525","2566",666
"2d85d6ec39840f8051854b028fa13073","01418","15060904","202311160913","2566",21
"2d85d6ec39840f8051854b028fa13073","77681","92060100","202311161823","2566",33
"2d85d6ec39840f8051854b028fa13073","11411","92060802","202311161823","2566",730
"2d85d6ec39840f8051854b028fa13073","11064","45050403","202311150609","2566",1113
"2d85d6ec39840f8051854b028fa13073","14100","92040303","202311161823","2566",21
"2d85d6ec39840f8051854b028fa13073","13982","48071505","202311170435","2566",146
"2d85d6ec39840f8051854b028fa13073","10761","13020607","202311162149","2566",30
"2d85d6ec39840f8051854b028fa13073","10662","20010502","202311132106","2566",2274
"2d85d6ec39840f8051854b028fa13073","11337","80160104","202311122020","2566",618
"2d85d6ec39840f8051854b028fa13073","77746","61010100","202311160829","2566",128
"2d85d6ec39840f8051854b028fa13073","07103","61040706","202311160829","2566",18
"2d85d6ec39840f8051854b028fa13073","05695","48071301","202311170435","2566",85
"2d85d6ec39840f8051854b028fa13073","11109","48071207","202311170435","2566",763
"2d85d6ec39840f8051854b028fa13073","05694","48071202","202311170435","2566",151
"2d85d6ec39840f8051854b028fa13073","05690","48070901","202311170435","2566",121
"2d85d6ec39840f8051854b028fa13073","05689","48070805","202311170435","2566",62
"2d85d6ec39840f8051854b028fa13073","05688","48070802","202311170435","2566",1897
"2d85d6ec39840f8051854b028fa13073","01417","15060802","202311160913","2566",175
"2d85d6ec39840f8051854b028fa13073","06868","58040804","202311160542","2566",5
"2d85d6ec39840f8051854b028fa13073","05687","48070706","202311170435","2566",149
"2d85d6ec39840f8051854b028fa13073","05686","48070704","202311170435","2566",76
"2d85d6ec39840f8051854b028fa13073","05685","48070613","202311170435","2566",112
"2d85d6ec39840f8051854b028fa13073","05684","48070604","202311170435","2566",41
"2d85d6ec39840f8051854b028fa13073","05683","48070514","202311170435","2566",201
"2d85d6ec39840f8051854b028fa13073","05682","48070506","202311170435","2566",253
"2d85d6ec39840f8051854b028fa13073","05680","48070407","202311170435","2566",142
"2d85d6ec39840f8051854b028fa13073","05679","48070405","202311170435","2566",53
"2d85d6ec39840f8051854b028fa13073","05678","48070301","202311170435","2566",85
"2d85d6ec39840f8051854b028fa13073","05677","48070211","202311170435","2566",38
"2d85d6ec39840f8051854b028fa13073","14355","42140110","202311171034","2566",1
"2d85d6ec39840f8051854b028fa13073","14353","42130108","202311171034","2566",2
"2d85d6ec39840f8051854b028fa13073","01416","15060712","202311160913","2566",117
"2d85d6ec39840f8051854b028fa13073","01415","15060706","202311160913","2566",384
"2d85d6ec39840f8051854b028fa13073","01414","15060606","202311160913","2566",61
"2d85d6ec39840f8051854b028fa13073","01413","15060504","202311160913","2566",73
"2d85d6ec39840f8051854b028fa13073","05676","48070204","202311170435","2566",248
"2d85d6ec39840f8051854b028fa13073","13981","48070107","202311170435","2566",343
"2d85d6ec39840f8051854b028fa13073","04763","42140101","202311171034","2566",12
"2d85d6ec39840f8051854b028fa13073","01412","15060403","202311160913","2566",602
"2d85d6ec39840f8051854b028fa13073","01411","15060301","202311160913","2566",103
"2d85d6ec39840f8051854b028fa13073","06414","54060802","202311061252","2566",12
"2d85d6ec39840f8051854b028fa13073","05675","48060902","202311170435","2566",201
"2d85d6ec39840f8051854b028fa13073","14278","48060810","202311170435","2566",189
"2d85d6ec39840f8051854b028fa13073","05674","48060801","202311170435","2566",180
"2d85d6ec39840f8051854b028fa13073","05673","48060704","202311170435","2566",75
"2d85d6ec39840f8051854b028fa13073","05672","48060505","202311170435","2566",69
"2d85d6ec39840f8051854b028fa13073","05671","48060501","202311170435","2566",307
"2d85d6ec39840f8051854b028fa13073","05670","48060412","202311170435","2566",99
"2d85d6ec39840f8051854b028fa13073","05669","48060403","202311170435","2566",209
"2d85d6ec39840f8051854b028fa13073","05668","48060301","202311170435","2566",197
"2d85d6ec39840f8051854b028fa13073","11108","48060209","202311170435","2566",117
"2d85d6ec39840f8051854b028fa13073","11873","48051207","202311170435","2566",79
"2d85d6ec39840f8051854b028fa13073","05666","48051101","202311170435","2566",9
"2d85d6ec39840f8051854b028fa13073","09895","94010702","202311161423","2566",1
"2d85d6ec39840f8051854b028fa13073","09391","86030703","202311151213","2566",1
"2d85d6ec39840f8051854b028fa13073","10660","14010104","202311152244","2566",1316
"2d85d6ec39840f8051854b028fa13073","05664","48050901","202311170435","2566",289
"2d85d6ec39840f8051854b028fa13073","10952","34120114","202311121923","2566",143
"2d85d6ec39840f8051854b028fa13073","10951","34110108","202311121923","2566",2343
"2d85d6ec39840f8051854b028fa13073","08950","80161106","202311122020","2566",1
"2d85d6ec39840f8051854b028fa13073","05663","48050807","202311170435","2566",18
"2d85d6ec39840f8051854b028fa13073","05662","48050806","202311170435","2566",21
"2d85d6ec39840f8051854b028fa13073","05661","48050803","202311170435","2566",159
"2d85d6ec39840f8051854b028fa13073","10787","15060204","202311160913","2566",33
"2d85d6ec39840f8051854b028fa13073","01410","15060103","202311160913","2566",415
"2d85d6ec39840f8051854b028fa13073","05660","48050703","202311170435","2566",185
"2d85d6ec39840f8051854b028fa13073","05659","48050602","202311170435","2566",174
"2d85d6ec39840f8051854b028fa13073","05658","48050507","202311170435","2566",66
"2d85d6ec39840f8051854b028fa13073","05656","48050410","202311170435","2566",1
"2d85d6ec39840f8051854b028fa13073","05655","48050304","202311170435","2566",2
"2d85d6ec39840f8051854b028fa13073","05654","48050301","202311170435","2566",12
"2d85d6ec39840f8051854b028fa13073","05653","48050208","202311170435","2566",313
"2d85d6ec39840f8051854b028fa13073","11205","58040201","202311160542","2566",692
"2d85d6ec39840f8051854b028fa13073","11249","64080103","202311170558","2566",25
"2d85d6ec39840f8051854b028fa13073","04796","43011702","202311160552","2566",98
"2d85d6ec39840f8051854b028fa13073","01409","15050704","202311160913","2566",38
"2d85d6ec39840f8051854b028fa13073","01408","15050603","202311160913","2566",16
"2d85d6ec39840f8051854b028fa13073","01407","15050510","202311160913","2566",20
"2d85d6ec39840f8051854b028fa13073","01406","15050503","202311160913","2566",19
"2d85d6ec39840f8051854b028fa13073","01405","15050406","202311160913","2566",19
"2d85d6ec39840f8051854b028fa13073","07392","64030303","202311170558","2566",12
"2d85d6ec39840f8051854b028fa13073","11419","93070109","202311160913","2566",12
"2d85d6ec39840f8051854b028fa13073","11341","81030101","202311161136","2566",245
"2d85d6ec39840f8051854b028fa13073","11340","81020109","202311161136","2566",439
"2d85d6ec39840f8051854b028fa13073","10738","81010100","202311161136","2566",503
"2d85d6ec39840f8051854b028fa13073","77724","48050113","202311170435","2566",2167
"2d85d6ec39840f8051854b028fa13073","11451","48050107","202311170435","2566",823
"2d85d6ec39840f8051854b028fa13073","13980","48040901","202311170435","2566",43
"2d85d6ec39840f8051854b028fa13073","04053","36110214","202311170416","2566",7
"2d85d6ec39840f8051854b028fa13073","04054","36110301","202311170416","2566",162
"2d85d6ec39840f8051854b028fa13073","04534","41041003","202310181814","2566",142
"2d85d6ec39840f8051854b028fa13073","05652","48040803","202311170435","2566",30
"2d85d6ec39840f8051854b028fa13073","11267","67060212","202311170034","2566",351
"2d85d6ec39840f8051854b028fa13073","05651","48040414","202311170435","2566",25
"2d85d6ec39840f8051854b028fa13073","05650","48040402","202311170435","2566",30
"2d85d6ec39840f8051854b028fa13073","11375","86010203","202311151213","2566",200
"2d85d6ec39840f8051854b028fa13073","10665","25010512","202311161251","2566",2621
"2d85d6ec39840f8051854b028fa13073","10005","94110105","202311161423","2566",6
"2d85d6ec39840f8051854b028fa13073","05649","48040401","202311170435","2566",263
"2d85d6ec39840f8051854b028fa13073","05648","48040308","202311170435","2566",371
"2d85d6ec39840f8051854b028fa13073","11345","81070105","202311161136","2566",334
"2d85d6ec39840f8051854b028fa13073","11269","67080109","202311170034","2566",26
"2d85d6ec39840f8051854b028fa13073","04884","38050604","202311160711","2566",137
"2d85d6ec39840f8051854b028fa13073","06885","58070106","202311160542","2566",15
"2d85d6ec39840f8051854b028fa13073","06886","58070201","202311160542","2566",31
"2d85d6ec39840f8051854b028fa13073","06887","58070301","202311160542","2566",12
"2d85d6ec39840f8051854b028fa13073","10817","20020101","202311132106","2566",6704
"2d85d6ec39840f8051854b028fa13073","10818","20030101","202311132106","2566",5
"2d85d6ec39840f8051854b028fa13073","10744","86010100","202311151213","2566",1096
"2d85d6ec39840f8051854b028fa13073","10993","39040107","202311160849","2566",15
"2d85d6ec39840f8051854b028fa13073","04055","36110413","202311170416","2566",287
"2d85d6ec39840f8051854b028fa13073","11376","86020902","202311151213","2566",5
"2d85d6ec39840f8051854b028fa13073","05645","48040305","202311170435","2566",32
"2d85d6ec39840f8051854b028fa13073","11175","55040306","202311160627","2566",238
"2d85d6ec39840f8051854b028fa13073","11177","55070111","202311160627","2566",120
"2d85d6ec39840f8051854b028fa13073","10814","19100107","202311160757","2566",4
"2d85d6ec39840f8051854b028fa13073","11007","40150116","202311142336","2566",179
"2d85d6ec39840f8051854b028fa13073","24412","11060102","202311160054","2566",1
"2d85d6ec39840f8051854b028fa13073","11344","81060105","202311161136","2566",1
"2d85d6ec39840f8051854b028fa13073","09814","93030704","202311160913","2566",27
"2d85d6ec39840f8051854b028fa13073","10717","56010700","202311151309","2566",2082
"2d85d6ec39840f8051854b028fa13073","04056","36110407","202311170416","2566",220
"2d85d6ec39840f8051854b028fa13073","13887","36010605","202311170416","2566",28
"2d85d6ec39840f8051854b028fa13073","05647","48040303","202311170435","2566",7
"2d85d6ec39840f8051854b028fa13073","11343","81050107","202311161136","2566",421
"2d85d6ec39840f8051854b028fa13073","11357","84020709","202311160440","2566",40
"2d85d6ec39840f8051854b028fa13073","11159","53030101","202311161306","2566",351
"2d85d6ec39840f8051854b028fa13073","10869","27050111","202311161603","2566",1469
"2d85d6ec39840f8051854b028fa13073","10687","13010105","202311162149","2566",155
"2d85d6ec39840f8051854b028fa13073","07170","62011802","202311161302","2566",2
"2d85d6ec39840f8051854b028fa13073","11410","92050106","202311161823","2566",334
"2d85d6ec39840f8051854b028fa13073","03127","32030312","202311161643","2566",187
"2d85d6ec39840f8051854b028fa13073","14096","91030209","202311170108","2566",15
"2d85d6ec39840f8051854b028fa13073","10695","19090308","202311160757","2566",30
"2d85d6ec39840f8051854b028fa13073","77732","19090200","202311160757","2566",1
"2d85d6ec39840f8051854b028fa13073","10983","36150105","202311170416","2566",111
"2d85d6ec39840f8051854b028fa13073","05644","48040201","202311170435","2566",306
"2d85d6ec39840f8051854b028fa13073","10673","53010100","202311161306","2566",1135
"2d85d6ec39840f8051854b028fa13073","10857","25020105","202311161251","2566",111
"2d85d6ec39840f8051854b028fa13073","10799","17030211","202311160708","2566",589
"2d85d6ec39840f8051854b028fa13073","14098","91040405","202311170108","2566",7
"2d85d6ec39840f8051854b028fa13073","11178","55080402","202311160627","2566",102
"2d85d6ec39840f8051854b028fa13073","24057","93010100","202311160913","2566",2
"2d85d6ec39840f8051854b028fa13073","13998","51010914","202311161652","2566",8
"2d85d6ec39840f8051854b028fa13073","10995","40020609","202311142336","2566",81
"2d85d6ec39840f8051854b028fa13073","03109","32012501","202311161643","2566",15
"2d85d6ec39840f8051854b028fa13073","03152","32050502","202311161643","2566",2
"2d85d6ec39840f8051854b028fa13073","10798","17020306","202311160708","2566",191
"2d85d6ec39840f8051854b028fa13073","01404","15050302","202311160913","2566",24
"2d85d6ec39840f8051854b028fa13073","04760","42140306","202311171034","2566",1
"2d85d6ec39840f8051854b028fa13073","04757","42100106","202311171034","2566",2
"2d85d6ec39840f8051854b028fa13073","10009","94110305","202311161423","2566",15
"2d85d6ec39840f8051854b028fa13073","10813","19080109","202311160757","2566",57
"2d85d6ec39840f8051854b028fa13073","01081","13011102","202311162149","2566",2
"2d85d6ec39840f8051854b028fa13073","11405","91050106","202311170108","2566",176
"2d85d6ec39840f8051854b028fa13073","11204","58030101","202311160542","2566",1337
"2d85d6ec39840f8051854b028fa13073","10835","22030100","202311160701","2566",320
"2d85d6ec39840f8051854b028fa13073","07398","64030710","202311170558","2566",2
"2d85d6ec39840f8051854b028fa13073","07104","61040710","202311160829","2566",35
"2d85d6ec39840f8051854b028fa13073","01403","15050201","202311160913","2566",13
"2d85d6ec39840f8051854b028fa13073","04126","37030201","202311160805","2566",14
"2d85d6ec39840f8051854b028fa13073","14352","42010405","202311171034","2566",4
"2d85d6ec39840f8051854b028fa13073","08866","80091001","202311122020","2566",7
"2d85d6ec39840f8051854b028fa13073","10693","17060301","202311160708","2566",1817
"2d85d6ec39840f8051854b028fa13073","07105","61040808","202311160829","2566",2
"2d85d6ec39840f8051854b028fa13073","07106","61040811","202311160829","2566",3
"2d85d6ec39840f8051854b028fa13073","07107","61040904","202311160829","2566",13
"2d85d6ec39840f8051854b028fa13073","11179","55090105","202311160627","2566",43
"2d85d6ec39840f8051854b028fa13073","10786","15050101","202311160913","2566",629
"2d85d6ec39840f8051854b028fa13073","14133","42130203","202311171034","2566",511
"2d85d6ec39840f8051854b028fa13073","11396","90120203","202311132002","2566",15
"2d85d6ec39840f8051854b028fa13073","10748","94010100","202311161423","2566",27
"2d85d6ec39840f8051854b028fa13073","11180","55100214","202311160627","2566",345
"2d85d6ec39840f8051854b028fa13073","04552","41060514","202310181814","2566",10
"2d85d6ec39840f8051854b028fa13073","10819","20040805","202311132106","2566",343
"2d85d6ec39840f8051854b028fa13073","10692","17010100","202311160708","2566",1666
"2d85d6ec39840f8051854b028fa13073","07433","64060203","202311170558","2566",1
"2d85d6ec39840f8051854b028fa13073","04802","43020406","202311160552","2566",125
"2d85d6ec39840f8051854b028fa13073","11087","46130102","202311121525","2566",60
"2d85d6ec39840f8051854b028fa13073","06255","53010602","202311161306","2566",90
"2d85d6ec39840f8051854b028fa13073","11106","48040102","202311170435","2566",42
"2d85d6ec39840f8051854b028fa13073","11373","85040103","202311160409","2566",37
"2d85d6ec39840f8051854b028fa13073","02554","30011909","202311090835","2566",36
"2d85d6ec39840f8051854b028fa13073","02564","30020401","202311090835","2566",7
"2d85d6ec39840f8051854b028fa13073","02547","30011302","202311090835","2566",2
"2d85d6ec39840f8051854b028fa13073","02548","30011307","202311090835","2566",14
"2d85d6ec39840f8051854b028fa13073","02545","30011103","202311090835","2566",19
"2d85d6ec39840f8051854b028fa13073","10666","30010100","202311090835","2566",2794
"2d85d6ec39840f8051854b028fa13073","10871","30020104","202311090835","2566",23
"2d85d6ec39840f8051854b028fa13073","10875","30060104","202311090835","2566",9
"2d85d6ec39840f8051854b028fa13073","11145","51070106","202311161652","2566",25
"2d85d6ec39840f8051854b028fa13073","10948","34080111","202311121923","2566",5
"2d85d6ec39840f8051854b028fa13073","10945","34030102","202311121923","2566",93
"2d85d6ec39840f8051854b028fa13073","10946","34040106","202311121923","2566",861
"2d85d6ec39840f8051854b028fa13073","04010","36070101","202311170416","2566",2
"2d85d6ec39840f8051854b028fa13073","11404","91040102","202311170108","2566",249
"2d85d6ec39840f8051854b028fa13073","11403","91030207","202311170108","2566",399
"2d85d6ec39840f8051854b028fa13073","14028","58070404","202311160542","2566",8
"2d85d6ec39840f8051854b028fa13073","04750","42091002","202311171034","2566",16
"2d85d6ec39840f8051854b028fa13073","05637","48031406","202311170435","2566",51
"2d85d6ec39840f8051854b028fa13073","11418","93060101","202311160913","2566",48
"2d85d6ec39840f8051854b028fa13073","11181","55110104","202311160627","2566",112
"2d85d6ec39840f8051854b028fa13073","11182","55120203","202311160627","2566",35
"2d85d6ec39840f8051854b028fa13073","04137","37040311","202311160805","2566",8
"2d85d6ec39840f8051854b028fa13073","01010","12020304","202311131417","2566",2
"2d85d6ec39840f8051854b028fa13073","13930","42130303","202311171034","2566",10
"2d85d6ec39840f8051854b028fa13073","13928","42090603","202311171034","2566",2
"2d85d6ec39840f8051854b028fa13073","11183","55130102","202311160627","2566",113
"2d85d6ec39840f8051854b028fa13073","11158","53020202","202311161306","2566",393
"2d85d6ec39840f8051854b028fa13073","01002","12010810","202311131417","2566",1
"2d85d6ec39840f8051854b028fa13073","10996","40030101","202311142336","2566",451
"2d85d6ec39840f8051854b028fa13073","77555","51040114","202311161652","2566",40
"2d85d6ec39840f8051854b028fa13073","13927","42080304","202311171034","2566",11
"2d85d6ec39840f8051854b028fa13073","04599","41110901","202310181814","2566",145
"2d85d6ec39840f8051854b028fa13073","11088","46140308","202311121525","2566",329
"2d85d6ec39840f8051854b028fa13073","11449","46050113","202311121525","2566",273
"2d85d6ec39840f8051854b028fa13073","28789","46180111","202311121525","2566",253
"2d85d6ec39840f8051854b028fa13073","10876","30070813","202311090835","2566",1565
"2d85d6ec39840f8051854b028fa13073","10878","30090101","202311090835","2566",770
"2d85d6ec39840f8051854b028fa13073","10879","30100106","202311090835","2566",4
"2d85d6ec39840f8051854b028fa13073","10880","30110113","202311090835","2566",4
"2d85d6ec39840f8051854b028fa13073","10881","30120100","202311090835","2566",20
"2d85d6ec39840f8051854b028fa13073","11453","55051406","202311160627","2566",44
"2d85d6ec39840f8051854b028fa13073","05638","48031403","202311170435","2566",222
"2d85d6ec39840f8051854b028fa13073","06269","53011503","202311161306","2566",30
"2d85d6ec39840f8051854b028fa13073","06289","53030801","202311161306","2566",19
"2d85d6ec39840f8051854b028fa13073","13926","42050204","202311171034","2566",53
"2d85d6ec39840f8051854b028fa13073","04741","42090211","202311171034","2566",1
"2d85d6ec39840f8051854b028fa13073","05643","48031205","202311170435","2566",30
"2d85d6ec39840f8051854b028fa13073","05642","48031201","202311170435","2566",108
"2d85d6ec39840f8051854b028fa13073","11407","92020402","202311161823","2566",342
"2d85d6ec39840f8051854b028fa13073","10683","92010100","202311161823","2566",944
"2d85d6ec39840f8051854b028fa13073","06265","53011203","202311161306","2566",11
"2d85d6ec39840f8051854b028fa13073","06248","52130411","202311151309","2566",2
"2d85d6ec39840f8051854b028fa13073","15079","60010610","202311161704","2566",57
"2d85d6ec39840f8051854b028fa13073","10997","40040101","202311142336","2566",84
"2d85d6ec39840f8051854b028fa13073","10901","31080103","202311162001","2566",3
"2d85d6ec39840f8051854b028fa13073","11402","91020206","202311170108","2566",335
"2d85d6ec39840f8051854b028fa13073","04596","41110702","202310181814","2566",31
"2d85d6ec39840f8051854b028fa13073","04602","41111106","202310181814","2566",145
"2d85d6ec39840f8051854b028fa13073","04658","41230101","202310181814","2566",241
"2d85d6ec39840f8051854b028fa13073","03094","32010601","202311161643","2566",12
"2d85d6ec39840f8051854b028fa13073","10998","40050108","202311142336","2566",492
"2d85d6ec39840f8051854b028fa13073","11372","85030201","202311160409","2566",49
"2d85d6ec39840f8051854b028fa13073","06415","54060209","202311061252","2566",1
"2d85d6ec39840f8051854b028fa13073","04804","43020604","202311160552","2566",1
"2d85d6ec39840f8051854b028fa13073","11148","52040101","202311151309","2566",1
"2d85d6ec39840f8051854b028fa13073","11218","60110108","202311161704","2566",19
"2d85d6ec39840f8051854b028fa13073","04805","43020702","202311160552","2566",154
"2d85d6ec39840f8051854b028fa13073","21984","34011200","202311121923","2566",17
"2d85d6ec39840f8051854b028fa13073","12269","34010100","202311121923","2566",707
"2d85d6ec39840f8051854b028fa13073","11443","34070119","202311121923","2566",209
"2d85d6ec39840f8051854b028fa13073","10672","52010200","202311151309","2566",16809
"2d85d6ec39840f8051854b028fa13073","11326","80050405","202311122020","2566",5
"2d85d6ec39840f8051854b028fa13073","03979","36011905","202311170416","2566",3
"2d85d6ec39840f8051854b028fa13073","11176","55060906","202311160627","2566",77
"2d85d6ec39840f8051854b028fa13073","01402","15041508","202311160913","2566",77
"2d85d6ec39840f8051854b028fa13073","11246","64040102","202311170558","2566",13
"2d85d6ec39840f8051854b028fa13073","06416","54060301","202311061252","2566",2
"2d85d6ec39840f8051854b028fa13073","06417","54060310","202311061252","2566",13
"2d85d6ec39840f8051854b028fa13073","10742","84040101","202311160440","2566",1924
"2d85d6ec39840f8051854b028fa13073","06419","54060402","202311061252","2566",23
"2d85d6ec39840f8051854b028fa13073","11245","64030107","202311170558","2566",11
"2d85d6ec39840f8051854b028fa13073","06263","53011007","202311161306","2566",140
"2d85d6ec39840f8051854b028fa13073","11165","53090209","202311161306","2566",244
"2d85d6ec39840f8051854b028fa13073","04742","42090303","202311171034","2566",1
"2d85d6ec39840f8051854b028fa13073","10961","34250410","202311121923","2566",304
"2d85d6ec39840f8051854b028fa13073","10669","34010110","202311121923","2566",1334
"2d85d6ec39840f8051854b028fa13073","10944","34020115","202311121923","2566",48
"2d85d6ec39840f8051854b028fa13073","23811","93050109","202311160913","2566",4
"2d85d6ec39840f8051854b028fa13073","06858","58030701","202311160542","2566",198
"2d85d6ec39840f8051854b028fa13073","10690","16010601","202311160800","2566",51
"2d85d6ec39840f8051854b028fa13073","04739","42080604","202311171034","2566",10
"2d85d6ec39840f8051854b028fa13073","09785","93011101","202311160913","2566",6
"2d85d6ec39840f8051854b028fa13073","04661","41240106","202310181814","2566",25
"2d85d6ec39840f8051854b028fa13073","04660","41230304","202310181814","2566",124
"2d85d6ec39840f8051854b028fa13073","04659","41230201","202310181814","2566",740
"2d85d6ec39840f8051854b028fa13073","04663","41240301","202310181814","2566",30
"2d85d6ec39840f8051854b028fa13073","10834","22020100","202311160701","2566",34
"2d85d6ec39840f8051854b028fa13073","03997","36060202","202311170416","2566",2
"2d85d6ec39840f8051854b028fa13073","10715","54010100","202311061252","2566",48
"2d85d6ec39840f8051854b028fa13073","77671","31010104","202311162001","2566",271
"2d85d6ec39840f8051854b028fa13073","11160","53040104","202311161306","2566",223
"2d85d6ec39840f8051854b028fa13073","01401","15041502","202311160913","2566",52
"2d85d6ec39840f8051854b028fa13073","10994","39050606","202311160849","2566",429
"2d85d6ec39840f8051854b028fa13073","11597","10480108","202311160936","2566",797
"2d85d6ec39840f8051854b028fa13073","03098","32011001","202311161643","2566",20
"2d85d6ec39840f8051854b028fa13073","03153","32050617","202311161643","2566",6
"2d85d6ec39840f8051854b028fa13073","10746","91010100","202311170108","2566",483
"2d85d6ec39840f8051854b028fa13073","06421","54060503","202311061252","2566",5
"2d85d6ec39840f8051854b028fa13073","06275","53020404","202311161306","2566",7
"2d85d6ec39840f8051854b028fa13073","10064","95060201","202311161701","2566",1
"2d85d6ec39840f8051854b028fa13073","03149","32050211","202311161643","2566",10
"2d85d6ec39840f8051854b028fa13073","09649","91070108","202311170108","2566",12
"2d85d6ec39840f8051854b028fa13073","04806","43020806","202311160552","2566",116
"2d85d6ec39840f8051854b028fa13073","23815","34010100","202311121923","2566",184
"2d85d6ec39840f8051854b028fa13073","10930","33050906","202311160358","2566",37
"2d85d6ec39840f8051854b028fa13073","04000","36060502","202311170416","2566",1
"2d85d6ec39840f8051854b028fa13073","10999","40060410","202311142336","2566",474
"2d85d6ec39840f8051854b028fa13073","11000","40070102","202311142336","2566",1861
"2d85d6ec39840f8051854b028fa13073","10176","96110501","202311151853","2566",22
"2d85d6ec39840f8051854b028fa13073","10735","75010100","202311162239","2566",5
"2d85d6ec39840f8051854b028fa13073","04149","37060302","202311160805","2566",1
"2d85d6ec39840f8051854b028fa13073","04738","42080602","202311171034","2566",1
"2d85d6ec39840f8051854b028fa13073","04736","42080401","202311171034","2566",33
"2d85d6ec39840f8051854b028fa13073","07559","65060505","202311162019","2566",54
"2d85d6ec39840f8051854b028fa13073","05641","48031107","202311170435","2566",72
"2d85d6ec39840f8051854b028fa13073","07558","65060403","202311162019","2566",37
"2d85d6ec39840f8051854b028fa13073","04733","42080202","202311171034","2566",13
"2d85d6ec39840f8051854b028fa13073","07557","65060309","202311162019","2566",280
"2d85d6ec39840f8051854b028fa13073","09646","91060405","202311170108","2566",29
"2d85d6ec39840f8051854b028fa13073","04001","36060608","202311170416","2566",1
"2d85d6ec39840f8051854b028fa13073","04148","37060205","202311160805","2566",121
"2d85d6ec39840f8051854b028fa13073","05640","48031101","202311170435","2566",64
"2d85d6ec39840f8051854b028fa13073","04734","42080209","202311171034","2566",224
"2d85d6ec39840f8051854b028fa13073","04735","42080301","202311171034","2566",13
"2d85d6ec39840f8051854b028fa13073","03274","32160302","202311161643","2566",24
"2d85d6ec39840f8051854b028fa13073","03275","32160407","202311161643","2566",14
"2d85d6ec39840f8051854b028fa13073","03276","32160502","202311161643","2566",12
"2d85d6ec39840f8051854b028fa13073","03268","32150301","202311161643","2566",12
"2d85d6ec39840f8051854b028fa13073","04002","36060701","202311170416","2566",1
"2d85d6ec39840f8051854b028fa13073","11347","82020102","202311170153","2566",33
"2d85d6ec39840f8051854b028fa13073","10947","34050107","202311121923","2566",34
"2d85d6ec39840f8051854b028fa13073","10671","41010100","202310181814","2566",219
"2d85d6ec39840f8051854b028fa13073","24933","41020605","202310181814","2566",19
"2d85d6ec39840f8051854b028fa13073","22758","41010100","202310181814","2566",29
"2d85d6ec39840f8051854b028fa13073","14845","41020103","202310181814","2566",95
"2d85d6ec39840f8051854b028fa13073","14248","41240101","202310181814","2566",113
"2d85d6ec39840f8051854b028fa13073","14247","41230207","202310181814","2566",119
"2d85d6ec39840f8051854b028fa13073","11029","41230111","202310181814","2566",1614
"2d85d6ec39840f8051854b028fa13073","11446","41110107","202310181814","2566",3777
"2d85d6ec39840f8051854b028fa13073","13907","41020206","202310181814","2566",17
"2d85d6ec39840f8051854b028fa13073","13910","41030409","202310181814","2566",355
"2d85d6ec39840f8051854b028fa13073","11028","41220107","202310181814","2566",685
"2d85d6ec39840f8051854b028fa13073","11027","41210407","202310181814","2566",1299
"2d85d6ec39840f8051854b028fa13073","04807","43020902","202311160552","2566",517
"2d85d6ec39840f8051854b028fa13073","04831","43050306","202311160552","2566",33
"2d85d6ec39840f8051854b028fa13073","10791","16040111","202311160800","2566",1
"2d85d6ec39840f8051854b028fa13073","01400","15041408","202311160913","2566",75
"2d85d6ec39840f8051854b028fa13073","04532","41040909","202310181814","2566",154
"2d85d6ec39840f8051854b028fa13073","04636","41190609","202310181814","2566",1
"2d85d6ec39840f8051854b028fa13073","04642","41200201","202310181814","2566",12
"2d85d6ec39840f8051854b028fa13073","04604","41111309","202310181814","2566",154
"2d85d6ec39840f8051854b028fa13073","03093","32010510","202311161643","2566",15
"2d85d6ec39840f8051854b028fa13073","04792","43011014","202311160552","2566",116
"2d85d6ec39840f8051854b028fa13073","04787","43010706","202311160552","2566",147
"2d85d6ec39840f8051854b028fa13073","04732","42080105","202311171034","2566",8
"2d85d6ec39840f8051854b028fa13073","04731","42070601","202311171034","2566",13
"2d85d6ec39840f8051854b028fa13073","08244","72050906","202311161216","2566",2
"2d85d6ec39840f8051854b028fa13073","03099","32011105","202311161643","2566",21
"2d85d6ec39840f8051854b028fa13073","11348","82030201","202311170153","2566",90
"2d85d6ec39840f8051854b028fa13073","04788","43010808","202311160552","2566",227
"2d85d6ec39840f8051854b028fa13073","03154","32050701","202311161643","2566",14
"2d85d6ec39840f8051854b028fa13073","10647","95040303","202311161701","2566",1
"2d85d6ec39840f8051854b028fa13073","04726","42070205","202311171034","2566",2
"2d85d6ec39840f8051854b028fa13073","04724","42060408","202311171034","2566",1
"2d85d6ec39840f8051854b028fa13073","03108","32012201","202311161643","2566",11
"2d85d6ec39840f8051854b028fa13073","03164","32051508","202311161643","2566",13
"2d85d6ec39840f8051854b028fa13073","03177","32070309","202311161643","2566",7
"2d85d6ec39840f8051854b028fa13073","10931","33060120","202311160358","2566",48
"2d85d6ec39840f8051854b028fa13073","04789","43010805","202311160552","2566",28
"2d85d6ec39840f8051854b028fa13073","04790","43010901","202311160552","2566",124
"2d85d6ec39840f8051854b028fa13073","04833","43050413","202311160552","2566",1
"2d85d6ec39840f8051854b028fa13073","04725","42060501","202311171034","2566",7
"2d85d6ec39840f8051854b028fa13073","04721","42051003","202311171034","2566",36
"2d85d6ec39840f8051854b028fa13073","12246","10260100","202311160936","2566",2
"2d85d6ec39840f8051854b028fa13073","04482","41010302","202310181814","2566",1
"2d85d6ec39840f8051854b028fa13073","04523","41040215","202310181814","2566",147
"2d85d6ec39840f8051854b028fa13073","11021","41090208","202310181814","2566",2159
"2d85d6ec39840f8051854b028fa13073","11022","41100611","202310181814","2566",2542
"2d85d6ec39840f8051854b028fa13073","11023","41170102","202310181814","2566",1713
"2d85d6ec39840f8051854b028fa13073","11015","41041505","202310181814","2566",2321
"2d85d6ec39840f8051854b028fa13073","11014","41030105","202310181814","2566",1571
"2d85d6ec39840f8051854b028fa13073","04664","41240411","202310181814","2566",4
"2d85d6ec39840f8051854b028fa13073","11331","80100102","202311122020","2566",136
"2d85d6ec39840f8051854b028fa13073","04592","41110402","202310181814","2566",147
"2d85d6ec39840f8051854b028fa13073","04004","36061101","202311170416","2566",52
"2d85d6ec39840f8051854b028fa13073","01399","15041306","202311160913","2566",74
"2d85d6ec39840f8051854b028fa13073","11448","43020113","202311160552","2566",727
"2d85d6ec39840f8051854b028fa13073","11045","43080203","202311160552","2566",495
"2d85d6ec39840f8051854b028fa13073","11356","83030101","202311161102","2566",494
"2d85d6ec39840f8051854b028fa13073","04720","42050902","202311171034","2566",8
"2d85d6ec39840f8051854b028fa13073","10882","30130113","202311090835","2566",21
"2d85d6ec39840f8051854b028fa13073","10883","30141701","202311090835","2566",622
"2d85d6ec39840f8051854b028fa13073","10884","30150101","202311090835","2566",66
"2d85d6ec39840f8051854b028fa13073","06273","53020110","202311161306","2566",2
"2d85d6ec39840f8051854b028fa13073","11203","58020101","202311160542","2566",13
"2d85d6ec39840f8051854b028fa13073","06747","57080301","202311160644","2566",2
"2d85d6ec39840f8051854b028fa13073","04719","42050804","202311171034","2566",5
"2d85d6ec39840f8051854b028fa13073","04507","41020302","202310181814","2566",16
"2d85d6ec39840f8051854b028fa13073","07555","65060208","202311162019","2566",15
"2d85d6ec39840f8051854b028fa13073","09644","91060204","202311170108","2566",20
"2d85d6ec39840f8051854b028fa13073","04784","43010403","202311160552","2566",101
"2d85d6ec39840f8051854b028fa13073","05046","44091013","202310280730","2566",1
"2d85d6ec39840f8051854b028fa13073","13936","44010414","202310280730","2566",2
"2d85d6ec39840f8051854b028fa13073","04718","42050706","202311171034","2566",6
"2d85d6ec39840f8051854b028fa13073","10982","36140203","202311170416","2566",100
"2d85d6ec39840f8051854b028fa13073","05639","48030605","202311170435","2566",284
"2d85d6ec39840f8051854b028fa13073","10870","27060101","202311161603","2566",625
"2d85d6ec39840f8051854b028fa13073","03157","32050810","202311161643","2566",3
"2d85d6ec39840f8051854b028fa13073","03161","32051202","202311161643","2566",4
"2d85d6ec39840f8051854b028fa13073","03160","32051104","202311161643","2566",22
"2d85d6ec39840f8051854b028fa13073","03159","32051004","202311161643","2566",14
"2d85d6ec39840f8051854b028fa13073","03158","32050901","202311161643","2566",68
"2d85d6ec39840f8051854b028fa13073","03163","32051408","202311161643","2566",5
"2d85d6ec39840f8051854b028fa13073","03167","32051803","202311161643","2566",6
"2d85d6ec39840f8051854b028fa13073","42717","32011111","202311161643","2566",16
"2d85d6ec39840f8051854b028fa13073","03169","32060401","202311161643","2566",20
"2d85d6ec39840f8051854b028fa13073","03175","32061009","202311161643","2566",7
"2d85d6ec39840f8051854b028fa13073","04717","42050702","202311171034","2566",16
"2d85d6ec39840f8051854b028fa13073","11252","65040107","202311162019","2566",1130
"2d85d6ec39840f8051854b028fa13073","04715","42050613","202311171034","2566",16
"2d85d6ec39840f8051854b028fa13073","07210","62050502","202311161302","2566",108
"2d85d6ec39840f8051854b028fa13073","07209","62050404","202311161302","2566",663
"2d85d6ec39840f8051854b028fa13073","11349","82040602","202311170153","2566",1121
"2d85d6ec39840f8051854b028fa13073","04146","37060108","202311160805","2566",4
"2d85d6ec39840f8051854b028fa13073","03165","32051602","202311161643","2566",19
"2d85d6ec39840f8051854b028fa13073","10981","36130705","202311170416","2566",63
"2d85d6ec39840f8051854b028fa13073","11097","47100102","202311161837","2566",222
"2d85d6ec39840f8051854b028fa13073","10840","22060205","202311160701","2566",51
"2d85d6ec39840f8051854b028fa13073","10741","83010100","202311161102","2566",100
"2d85d6ec39840f8051854b028fa13073","02264","24070207","202311170904","2566",20
"2d85d6ec39840f8051854b028fa13073","02263","24070102","202311170904","2566",4
"2d85d6ec39840f8051854b028fa13073","10810","19050606","202311160757","2566",19
"2d85d6ec39840f8051854b028fa13073","11324","80030101","202311122020","2566",3
"2d85d6ec39840f8051854b028fa13073","11330","80090100","202311122020","2566",57
"2d85d6ec39840f8051854b028fa13073","10493","58020205","202311160542","2566",71
"2d85d6ec39840f8051854b028fa13073","10681","84010202","202311160440","2566",66
"2d85d6ec39840f8051854b028fa13073","06084","51040203","202311161652","2566",20
"2d85d6ec39840f8051854b028fa13073","06091","51040603","202311161652","2566",1
"2d85d6ec39840f8051854b028fa13073","09645","91060303","202311170108","2566",11
"2d85d6ec39840f8051854b028fa13073","11247","64050103","202311170558","2566",408
"2d85d6ec39840f8051854b028fa13073","10885","30160101","202311090835","2566",618
"2d85d6ec39840f8051854b028fa13073","01818","20011704","202311132106","2566",1
"2d85d6ec39840f8051854b028fa13073","41768","12020503","202311131417","2566",29
"2d85d6ec39840f8051854b028fa13073","10923","32100101","202311161643","2566",327
"2d85d6ec39840f8051854b028fa13073","10924","32110103","202311161643","2566",1123
"2d85d6ec39840f8051854b028fa13073","10921","32080103","202311161643","2566",216
"2d85d6ec39840f8051854b028fa13073","10922","32090101","202311161643","2566",434
"2d85d6ec39840f8051854b028fa13073","10919","32060101","202311161643","2566",205
"2d85d6ec39840f8051854b028fa13073","10920","32070108","202311161643","2566",2184
"2d85d6ec39840f8051854b028fa13073","10917","32040106","202311161643","2566",216
"2d85d6ec39840f8051854b028fa13073","10918","32050102","202311161643","2566",352
"2d85d6ec39840f8051854b028fa13073","10916","32030107","202311161643","2566",610
"2d85d6ec39840f8051854b028fa13073","10915","32020101","202311161643","2566",310
"2d85d6ec39840f8051854b028fa13073","10668","32010100","202311161643","2566",685
"2d85d6ec39840f8051854b028fa13073","03270","32150404","202311161643","2566",17
"2d85d6ec39840f8051854b028fa13073","03272","32160101","202311161643","2566",15
"2d85d6ec39840f8051854b028fa13073","11147","52030503","202311151309","2566",15
"2d85d6ec39840f8051854b028fa13073","09192","84050302","202311160440","2566",250
"2d85d6ec39840f8051854b028fa13073","10980","36120101","202311170416","2566",4
"2d85d6ec39840f8051854b028fa13073","09675","92020604","202311161823","2566",27
"2d85d6ec39840f8051854b028fa13073","11397","90130110","202311132002","2566",63
"2d85d6ec39840f8051854b028fa13073","11400","90150205","202311132002","2566",2
"2d85d6ec39840f8051854b028fa13073","04713","42050401","202311171034","2566",95
"2d85d6ec39840f8051854b028fa13073","09745","92061702","202311161823","2566",40
"2d85d6ec39840f8051854b028fa13073","04714","42050506","202311171034","2566",14
"2d85d6ec39840f8051854b028fa13073","06331","53090103","202311161306","2566",93
"2d85d6ec39840f8051854b028fa13073","14006","53030704","202311161306","2566",10
"2d85d6ec39840f8051854b028fa13073","09186","84040601","202311160440","2566",2
"2d85d6ec39840f8051854b028fa13073","09162","84020604","202311160440","2566",1
"2d85d6ec39840f8051854b028fa13073","13857","32060402","202311161643","2566",19
"2d85d6ec39840f8051854b028fa13073","13856","32051308","202311161643","2566",45
"2d85d6ec39840f8051854b028fa13073","10925","32120201","202311161643","2566",348
"2d85d6ec39840f8051854b028fa13073","10926","32130101","202311161643","2566",255
"2d85d6ec39840f8051854b028fa13073","13848","32010410","202311161643","2566",15
"2d85d6ec39840f8051854b028fa13073","13849","32011801","202311161643","2566",15
"2d85d6ec39840f8051854b028fa13073","77561","32010100","202311161643","2566",3
"2d85d6ec39840f8051854b028fa13073","27842","32160106","202311161643","2566",234
"2d85d6ec39840f8051854b028fa13073","27843","32150102","202311161643","2566",243
"2d85d6ec39840f8051854b028fa13073","27844","32170106","202311161643","2566",252
"2d85d6ec39840f8051854b028fa13073","22302","32140118","202311161643","2566",473
"2d85d6ec39840f8051854b028fa13073","14876","32051102","202311161643","2566",43
"2d85d6ec39840f8051854b028fa13073","10949","34090712","202311121923","2566",71
"2d85d6ec39840f8051854b028fa13073","10950","34100101","202311121923","2566",517
"2d85d6ec39840f8051854b028fa13073","10888","30190107","202311090835","2566",42
"2d85d6ec39840f8051854b028fa13073","09633","91040404","202311170108","2566",8
"2d85d6ec39840f8051854b028fa13073","04536","41041309","202310181814","2566",175
"2d85d6ec39840f8051854b028fa13073","06322","53080303","202311161306","2566",5
"2d85d6ec39840f8051854b028fa13073","11355","83020203","202311161102","2566",67
"2d85d6ec39840f8051854b028fa13073","10368","54060412","202311061252","2566",10
"2d85d6ec39840f8051854b028fa13073","04712","42050301","202311171034","2566",13
"2d85d6ec39840f8051854b028fa13073","10843","22090112","202311160701","2566",1004
"2d85d6ec39840f8051854b028fa13073","09803","93020502","202311160913","2566",22
"2d85d6ec39840f8051854b028fa13073","06420","54060404","202311061252","2566",21
"2d85d6ec39840f8051854b028fa13073","04710","42050202","202311171034","2566",2
"2d85d6ec39840f8051854b028fa13073","10979","36110103","202311170416","2566",743
"2d85d6ec39840f8051854b028fa13073","10978","36100104","202311170416","2566",68
"2d85d6ec39840f8051854b028fa13073","04709","42040504","202311171034","2566",33
"2d85d6ec39840f8051854b028fa13073","04708","42040501","202311171034","2566",1
"2d85d6ec39840f8051854b028fa13073","04925","44011305","202310280730","2566",1
"2d85d6ec39840f8051854b028fa13073","10719","58010100","202311160542","2566",663
"2d85d6ec39840f8051854b028fa13073","05636","48030509","202311170435","2566",56
"2d85d6ec39840f8051854b028fa13073","09741","92061407","202311161823","2566",19
"2d85d6ec39840f8051854b028fa13073","04923","44011107","202310280730","2566",3
"2d85d6ec39840f8051854b028fa13073","03097","32010912","202311161643","2566",13
"2d85d6ec39840f8051854b028fa13073","03096","32010709","202311161643","2566",15
"2d85d6ec39840f8051854b028fa13073","03095","32010701","202311161643","2566",14
"2d85d6ec39840f8051854b028fa13073","03107","32012103","202311161643","2566",16
"2d85d6ec39840f8051854b028fa13073","10977","36090101","202311170416","2566",1
"2d85d6ec39840f8051854b028fa13073","04885","38060104","202311160711","2566",162
"2d85d6ec39840f8051854b028fa13073","11164","53080501","202311161306","2566",495
"2d85d6ec39840f8051854b028fa13073","11019","41070111","202310181814","2566",939
"2d85d6ec39840f8051854b028fa13073","11020","41080105","202310181814","2566",544
"2d85d6ec39840f8051854b028fa13073","04707","42040406","202311171034","2566",1
"2d85d6ec39840f8051854b028fa13073","11001","40080302","202311142336","2566",3188
"2d85d6ec39840f8051854b028fa13073","11002","40100203","202311142336","2566",514
"2d85d6ec39840f8051854b028fa13073","09728","92050507","202311161823","2566",1
"2d85d6ec39840f8051854b028fa13073","04528","41040607","202310181814","2566",143
"2d85d6ec39840f8051854b028fa13073","11332","80110102","202311122020","2566",12
"2d85d6ec39840f8051854b028fa13073","06285","53030509","202311161306","2566",45
"2d85d6ec39840f8051854b028fa13073","10844","22100210","202311160701","2566",2
"2d85d6ec39840f8051854b028fa13073","10841","22070101","202311160701","2566",169
"2d85d6ec39840f8051854b028fa13073","01039","12040607","202311131417","2566",2
"2d85d6ec39840f8051854b028fa13073","11003","40110107","202311142336","2566",621
"2d85d6ec39840f8051854b028fa13073","11004","40120101","202311142336","2566",717
"2d85d6ec39840f8051854b028fa13073","04704","42040304","202311171034","2566",8
"2d85d6ec39840f8051854b028fa13073","04703","42040204","202311171034","2566",3
"2d85d6ec39840f8051854b028fa13073","04540","41041104","202310181814","2566",150
"2d85d6ec39840f8051854b028fa13073","04649","41210207","202310181814","2566",5
"2d85d6ec39840f8051854b028fa13073","11163","53070101","202311161306","2566",71
"2d85d6ec39840f8051854b028fa13073","11426","94050101","202311161423","2566",1
"2d85d6ec39840f8051854b028fa13073","11631","66120113","202311090108","2566",306
"2d85d6ec39840f8051854b028fa13073","11456","66040100","202311090108","2566",125
"2d85d6ec39840f8051854b028fa13073","09864","93080101","202311160913","2566",36
"2d85d6ec39840f8051854b028fa13073","04568","41080105","202310181814","2566",285
"2d85d6ec39840f8051854b028fa13073","10805","18050108","202311151014","2566",1
"2d85d6ec39840f8051854b028fa13073","10806","18060902","202311151014","2566",308
"2d85d6ec39840f8051854b028fa13073","09865","93080106","202311160913","2566",12
"2d85d6ec39840f8051854b028fa13073","10731","71010303","202311170906","2566",12625
"2d85d6ec39840f8051854b028fa13073","04702","42040201","202311171034","2566",13
"2d85d6ec39840f8051854b028fa13073","04701","42040102","202311171034","2566",4
"2d85d6ec39840f8051854b028fa13073","03110","32012608","202311161643","2566",16
"2d85d6ec39840f8051854b028fa13073","07680","66120104","202311090108","2566",5
"2d85d6ec39840f8051854b028fa13073","07685","66120402","202311090108","2566",3
"2d85d6ec39840f8051854b028fa13073","10967","35060104","202311170351","2566",567
"2d85d6ec39840f8051854b028fa13073","04700","42030801","202311171034","2566",155
"2d85d6ec39840f8051854b028fa13073","11437","96050101","202311151853","2566",384
"2d85d6ec39840f8051854b028fa13073","11013","41020603","202310181814","2566",4806
"2d85d6ec39840f8051854b028fa13073","10839","22050101","202311160701","2566",6
"2d85d6ec39840f8051854b028fa13073","11142","51040104","202311161652","2566",5
"2d85d6ec39840f8051854b028fa13073","05635","48030503","202311170435","2566",55
"2d85d6ec39840f8051854b028fa13073","02514","27070104","202311161603","2566",2
"2d85d6ec39840f8051854b028fa13073","04944","44031002","202310280730","2566",58
"2d85d6ec39840f8051854b028fa13073","04960","44040517","202310280730","2566",1
"2d85d6ec39840f8051854b028fa13073","10087","95080303","202311161701","2566",7
"2d85d6ec39840f8051854b028fa13073","10953","34140110","202311121923","2566",2436
"2d85d6ec39840f8051854b028fa13073","10954","34151003","202311121923","2566",1265
"2d85d6ec39840f8051854b028fa13073","00987","11060101","202311160054","2566",1
"2d85d6ec39840f8051854b028fa13073","07065","61010204","202311160829","2566",148
"2d85d6ec39840f8051854b028fa13073","11253","65050111","202311162019","2566",583
"2d85d6ec39840f8051854b028fa13073","03100","32011201","202311161643","2566",18
"2d85d6ec39840f8051854b028fa13073","01098","13020613","202311162149","2566",1
"2d85d6ec39840f8051854b028fa13073","10889","30200902","202311090835","2566",13
"2d85d6ec39840f8051854b028fa13073","10721","62010100","202311161302","2566",3061
"2d85d6ec39840f8051854b028fa13073","11228","62011212","202311161302","2566",1047
"2d85d6ec39840f8051854b028fa13073","10934","33090102","202311160358","2566",20
"2d85d6ec39840f8051854b028fa13073","04699","42030706","202311171034","2566",286
"2d85d6ec39840f8051854b028fa13073","04510","41020510","202310181814","2566",121
"2d85d6ec39840f8051854b028fa13073","04516","41030407","202310181814","2566",10
"2d85d6ec39840f8051854b028fa13073","10890","30210100","202311090835","2566",631
"2d85d6ec39840f8051854b028fa13073","06422","54060511","202311061252","2566",5
"2d85d6ec39840f8051854b028fa13073","06423","54060606","202311061252","2566",34
"2d85d6ec39840f8051854b028fa13073","05002","44070212","202310280730","2566",6
"2d85d6ec39840f8051854b028fa13073","04698","42030601","202311171034","2566",652
"2d85d6ec39840f8051854b028fa13073","09627","91030111","202311170108","2566",151
"2d85d6ec39840f8051854b028fa13073","10935","33100107","202311160358","2566",6
"2d85d6ec39840f8051854b028fa13073","11399","90140101","202311132002","2566",13
"2d85d6ec39840f8051854b028fa13073","11398","90100709","202311132002","2566",35
"2d85d6ec39840f8051854b028fa13073","11401","90160101","202311132002","2566",2
"2d85d6ec39840f8051854b028fa13073","12290","90010100","202311132002","2566",188
"2d85d6ec39840f8051854b028fa13073","25059","41250103","202310181814","2566",335
"2d85d6ec39840f8051854b028fa13073","15049","10320100","202311160936","2566",3357
"2d85d6ec39840f8051854b028fa13073","02255","24060210","202311170904","2566",1
"2d85d6ec39840f8051854b028fa13073","02252","24060102","202311170904","2566",4
"2d85d6ec39840f8051854b028fa13073","11304","74020100","202311161952","2566",11
"2d85d6ec39840f8051854b028fa13073","05469","47020514","202311161837","2566",14
"2d85d6ec39840f8051854b028fa13073","11438","96060102","202311151853","2566",36
"2d85d6ec39840f8051854b028fa13073","04697","42030606","202311171034","2566",1
"2d85d6ec39840f8051854b028fa13073","10958","34210111","202311121923","2566",367
"2d85d6ec39840f8051854b028fa13073","03794","34260410","202311121923","2566",7
"2d85d6ec39840f8051854b028fa13073","11292","72050801","202311161216","2566",118
"2d85d6ec39840f8051854b028fa13073","06740","57071104","202311160644","2566",1
"2d85d6ec39840f8051854b028fa13073","11192","57070105","202311160644","2566",853
"2d85d6ec39840f8051854b028fa13073","10941","33150105","202311160358","2566",1
"2d85d6ec39840f8051854b028fa13073","10929","33040605","202311160358","2566",1
"2d85d6ec39840f8051854b028fa13073","10989","37060807","202311160805","2566",541
"2d85d6ec39840f8051854b028fa13073","10988","37050101","202311160805","2566",553
"2d85d6ec39840f8051854b028fa13073","10990","37070101","202311160805","2566",704
"2d85d6ec39840f8051854b028fa13073","01514","16060501","202311160800","2566",2
"2d85d6ec39840f8051854b028fa13073","04696","42030603","202311171034","2566",45
"2d85d6ec39840f8051854b028fa13073","03316","33040103","202311160358","2566",45
"2d85d6ec39840f8051854b028fa13073","19544","90100100","202311132002","2566",2
"2d85d6ec39840f8051854b028fa13073","03278","33010406","202311160358","2566",2
"2d85d6ec39840f8051854b028fa13073","10858","25030201","202311161251","2566",156
"2d85d6ec39840f8051854b028fa13073","04692","42030412","202311171034","2566",145
"2d85d6ec39840f8051854b028fa13073","03943","36011408","202311170416","2566",1
"2d85d6ec39840f8051854b028fa13073","11143","51050103","202311161652","2566",3
"2d85d6ec39840f8051854b028fa13073","08664","76080102","202311161420","2566",3
"2d85d6ec39840f8051854b028fa13073","04693","42030409","202311171034","2566",35
"2d85d6ec39840f8051854b028fa13073","03764","34210501","202311121923","2566",1
"2d85d6ec39840f8051854b028fa13073","03944","36011508","202311170416","2566",5
"2d85d6ec39840f8051854b028fa13073","11229","62020104","202311161302","2566",591
"2d85d6ec39840f8051854b028fa13073","11149","52050104","202311151309","2566",69
"2d85d6ec39840f8051854b028fa13073","10736","76010200","202311161420","2566",517
"2d85d6ec39840f8051854b028fa13073","10933","33080106","202311160358","2566",11
"2d85d6ec39840f8051854b028fa13073","04886","38060201","202311160711","2566",109
"2d85d6ec39840f8051854b028fa13073","11144","51061107","202311161652","2566",935
"2d85d6ec39840f8051854b028fa13073","00980","11050103","202311160054","2566",2
"2d85d6ec39840f8051854b028fa13073","23367","39060100","202311160849","2566",218
"2d85d6ec39840f8051854b028fa13073","13972","47080309","202311161837","2566",35
"2d85d6ec39840f8051854b028fa13073","11450","47120111","202311161837","2566",505
"2d85d6ec39840f8051854b028fa13073","11254","65060101","202311162019","2566",458
"2d85d6ec39840f8051854b028fa13073","10755","11050103","202311160054","2566",2
"2d85d6ec39840f8051854b028fa13073","08671","76080604","202311161420","2566",67
"2d85d6ec39840f8051854b028fa13073","11190","57050901","202311160644","2566",1032
"2d85d6ec39840f8051854b028fa13073","08668","76080301","202311161420","2566",30
"2d85d6ec39840f8051854b028fa13073","10678","72010100","202311161216","2566",9311
"2d85d6ec39840f8051854b028fa13073","11379","86041205","202311151213","2566",42
"2d85d6ec39840f8051854b028fa13073","11230","62030109","202311161302","2566",911
"2d85d6ec39840f8051854b028fa13073","11231","62040502","202311161302","2566",1114
"2d85d6ec39840f8051854b028fa13073","09877","93090211","202311160913","2566",3
"2d85d6ec39840f8051854b028fa13073","02972","31071601","202311162001","2566",10
"2d85d6ec39840f8051854b028fa13073","04694","42030501","202311171034","2566",3
"2d85d6ec39840f8051854b028fa13073","06058","51010901","202311161652","2566",2
"2d85d6ec39840f8051854b028fa13073","11232","62050110","202311161302","2566",837
"2d85d6ec39840f8051854b028fa13073","08667","76080201","202311161420","2566",6
"2d85d6ec39840f8051854b028fa13073","11233","62060111","202311161302","2566",547
"2d85d6ec39840f8051854b028fa13073","04264","40011201","202311142336","2566",22
"2d85d6ec39840f8051854b028fa13073","11445","40090111","202311142336","2566",200
"2d85d6ec39840f8051854b028fa13073","11005","40130109","202311142336","2566",86
"2d85d6ec39840f8051854b028fa13073","11196","57110211","202311160644","2566",1935
"2d85d6ec39840f8051854b028fa13073","09733","92060602","202311161823","2566",23
"2d85d6ec39840f8051854b028fa13073","05633","48030413","202311170435","2566",70
"2d85d6ec39840f8051854b028fa13073","05634","48030409","202311170435","2566",254
"2d85d6ec39840f8051854b028fa13073","05632","48030401","202311170435","2566",200
"2d85d6ec39840f8051854b028fa13073","05631","48030308","202311170435","2566",90
"2d85d6ec39840f8051854b028fa13073","05630","48030305","202311170435","2566",80
"2d85d6ec39840f8051854b028fa13073","05629","48030301","202311170435","2566",142
"2d85d6ec39840f8051854b028fa13073","05628","48030208","202311170435","2566",228
"2d85d6ec39840f8051854b028fa13073","11105","48030206","202311170435","2566",204
"2d85d6ec39840f8051854b028fa13073","05627","48030201","202311170435","2566",90
"2d85d6ec39840f8051854b028fa13073","05626","48020801","202311170435","2566",2
"2d85d6ec39840f8051854b028fa13073","05625","48020707","202311170435","2566",119
"2d85d6ec39840f8051854b028fa13073","05624","48020702","202311170435","2566",58
"2d85d6ec39840f8051854b028fa13073","05623","48020602","202311170435","2566",88
"2d85d6ec39840f8051854b028fa13073","05622","48020501","202311170435","2566",54
"2d85d6ec39840f8051854b028fa13073","10891","30220404","202311090835","2566",840
"2d85d6ec39840f8051854b028fa13073","10892","30230101","202311090835","2566",653
"2d85d6ec39840f8051854b028fa13073","10893","30240109","202311090835","2566",51
"2d85d6ec39840f8051854b028fa13073","25017","55140100","202311160627","2566",63
"2d85d6ec39840f8051854b028fa13073","04887","38060303","202311160711","2566",33
"2d85d6ec39840f8051854b028fa13073","11427","94060101","202311161423","2566",8
"2d85d6ec39840f8051854b028fa13073","10688","14120301","202311152244","2566",23
"2d85d6ec39840f8051854b028fa13073","09870","93080409","202311160913","2566",53
"2d85d6ec39840f8051854b028fa13073","11255","65070101","202311162019","2566",424
"2d85d6ec39840f8051854b028fa13073","41436","83010608","202311161102","2566",5
"2d85d6ec39840f8051854b028fa13073","10084","95080103","202311161701","2566",2
"2d85d6ec39840f8051854b028fa13073","13806","95070105","202311161701","2566",68
"2d85d6ec39840f8051854b028fa13073","04695","42030504","202311171034","2566",1
"2d85d6ec39840f8051854b028fa13073","04691","42030307","202311171034","2566",107
"2d85d6ec39840f8051854b028fa13073","04690","42030303","202311171034","2566",238
"2d85d6ec39840f8051854b028fa13073","10937","33120111","202311160358","2566",34
"2d85d6ec39840f8051854b028fa13073","11103","47170210","202311161837","2566",296
"2d85d6ec39840f8051854b028fa13073","77490","90030107","202311132002","2566",1
"2d85d6ec39840f8051854b028fa13073","09631","91040302","202311170108","2566",55
"2d85d6ec39840f8051854b028fa13073","06311","53070401","202311161306","2566",736
"2d85d6ec39840f8051854b028fa13073","03106","32012007","202311161643","2566",14
"2d85d6ec39840f8051854b028fa13073","03105","32011907","202311161643","2566",46
"2d85d6ec39840f8051854b028fa13073","03104","32011806","202311161643","2566",14
"2d85d6ec39840f8051854b028fa13073","03103","32011603","202311161643","2566",18
"2d85d6ec39840f8051854b028fa13073","03102","32011401","202311161643","2566",15
"2d85d6ec39840f8051854b028fa13073","04794","43011303","202311160552","2566",283
"2d85d6ec39840f8051854b028fa13073","04498","41011601","202310181814","2566",22
"2d85d6ec39840f8051854b028fa13073","04492","41011103","202310181814","2566",28
"2d85d6ec39840f8051854b028fa13073","04486","41010611","202310181814","2566",126
"2d85d6ec39840f8051854b028fa13073","01398","15041201","202311160913","2566",213
"2d85d6ec39840f8051854b028fa13073","11350","82050304","202311170153","2566",174
"2d85d6ec39840f8051854b028fa13073","03920","35081303","202311170351","2566",1
"2d85d6ec39840f8051854b028fa13073","03854","35030302","202311170351","2566",3
"2d85d6ec39840f8051854b028fa13073","03788","34250602","202311121923","2566",37
"2d85d6ec39840f8051854b028fa13073","03789","34250605","202311121923","2566",870
"2d85d6ec39840f8051854b028fa13073","03756","34200508","202311121923","2566",1
"2d85d6ec39840f8051854b028fa13073","03759","34210201","202311121923","2566",4
"2d85d6ec39840f8051854b028fa13073","03754","34200406","202311121923","2566",1
"2d85d6ec39840f8051854b028fa13073","03748","34191808","202311121923","2566",4
"2d85d6ec39840f8051854b028fa13073","01397","15041104","202311160913","2566",67
"2d85d6ec39840f8051854b028fa13073","01396","15041007","202311160913","2566",66
"2d85d6ec39840f8051854b028fa13073","01395","15041002","202311160913","2566",80
"2d85d6ec39840f8051854b028fa13073","01394","15040901","202311160913","2566",62
"2d85d6ec39840f8051854b028fa13073","05008","44070606","202310280730","2566",48
"2d85d6ec39840f8051854b028fa13073","03945","36011608","202311170416","2566",26
"2d85d6ec39840f8051854b028fa13073","09891","93110403","202311160913","2566",1
"2d85d6ec39840f8051854b028fa13073","09872","93080407","202311160913","2566",43
"2d85d6ec39840f8051854b028fa13073","06881","58060301","202311160542","2566",23
"2d85d6ec39840f8051854b028fa13073","05621","48020408","202311170435","2566",57
"2d85d6ec39840f8051854b028fa13073","05620","48020311","202311170435","2566",11
"2d85d6ec39840f8051854b028fa13073","05619","48020310","202311170435","2566",54
"2d85d6ec39840f8051854b028fa13073","07688","66120104","202311090108","2566",12
"2d85d6ec39840f8051854b028fa13073","03851","35030107","202311170351","2566",1
"2d85d6ec39840f8051854b028fa13073","10701","35010308","202311170351","2566",1711
"2d85d6ec39840f8051854b028fa13073","11461","95050106","202311161701","2566",520
"2d85d6ec39840f8051854b028fa13073","03091","32010412","202311161643","2566",16
"2d85d6ec39840f8051854b028fa13073","03090","32010301","202311161643","2566",16
"2d85d6ec39840f8051854b028fa13073","04797","43011801","202311160552","2566",96
"2d85d6ec39840f8051854b028fa13073","04798","43011907","202311160552","2566",97
"2d85d6ec39840f8051854b028fa13073","05843","50040302","202311170830","2566",3
"2d85d6ec39840f8051854b028fa13073","11006","40140407","202311142336","2566",232
"2d85d6ec39840f8051854b028fa13073","11428","94080104","202311161423","2566",27
"2d85d6ec39840f8051854b028fa13073","11464","94110101","202311161423","2566",1
"2d85d6ec39840f8051854b028fa13073","02019","22010801","202311160701","2566",1
"2d85d6ec39840f8051854b028fa13073","11412","92070507","202311161823","2566",216
"2d85d6ec39840f8051854b028fa13073","10856","24090204","202311170904","2566",148
"2d85d6ec39840f8051854b028fa13073","10939","33140104","202311160358","2566",344
"2d85d6ec39840f8051854b028fa13073","10700","33010200","202311160358","2566",1787
"2d85d6ec39840f8051854b028fa13073","27443","63090102","202311160932","2566",1
"2d85d6ec39840f8051854b028fa13073","11102","47160202","202311161837","2566",242
"2d85d6ec39840f8051854b028fa13073","09874","93090104","202311160913","2566",3
"2d85d6ec39840f8051854b028fa13073","11439","96070102","202311151853","2566",69
"2d85d6ec39840f8051854b028fa13073","04793","43011105","202311160552","2566",104
"2d85d6ec39840f8051854b028fa13073","11008","40161703","202311142336","2566",616
"2d85d6ec39840f8051854b028fa13073","11009","40170114","202311142336","2566",93
"2d85d6ec39840f8051854b028fa13073","04888","38060409","202311160711","2566",117
"2d85d6ec39840f8051854b028fa13073","11256","65080105","202311162019","2566",1389
"2d85d6ec39840f8051854b028fa13073","09869","93080302","202311160913","2566",36
"2d85d6ec39840f8051854b028fa13073","23839","30011706","202311090835","2566",34
"2d85d6ec39840f8051854b028fa13073","11434","95060101","202311161701","2566",81
"2d85d6ec39840f8051854b028fa13073","01393","15040805","202311160913","2566",73
"2d85d6ec39840f8051854b028fa13073","05618","48020207","202311170435","2566",56
"2d85d6ec39840f8051854b028fa13073","11342","81040109","202311161136","2566",572
"2d85d6ec39840f8051854b028fa13073","10855","24080104","202311170904","2566",87
"2d85d6ec39840f8051854b028fa13073","10854","24060604","202311170904","2566",64
"2d85d6ec39840f8051854b028fa13073","03553","34021102","202311121923","2566",2
"2d85d6ec39840f8051854b028fa13073","11101","47150108","202311161837","2566",162
"2d85d6ec39840f8051854b028fa13073","11368","84140102","202311160440","2566",51
"2d85d6ec39840f8051854b028fa13073","06888","58070401","202311160542","2566",12
"2d85d6ec39840f8051854b028fa13073","11104","48020102","202311170435","2566",377
"2d85d6ec39840f8051854b028fa13073","03495","33170410","202311160358","2566",1
"2d85d6ec39840f8051854b028fa13073","11413","92080102","202311161823","2566",265
"2d85d6ec39840f8051854b028fa13073","10846","23030201","202311170100","2566",14
"2d85d6ec39840f8051854b028fa13073","06291","53040204","202311161306","2566",181
"2d85d6ec39840f8051854b028fa13073","10853","24050101","202311170904","2566",503
"2d85d6ec39840f8051854b028fa13073","11433","95040101","202311161701","2566",85
"2d85d6ec39840f8051854b028fa13073","11440","96080107","202311151853","2566",38
"2d85d6ec39840f8051854b028fa13073","10966","35050104","202311170351","2566",639
"2d85d6ec39840f8051854b028fa13073","11257","65090602","202311162019","2566",434
"2d85d6ec39840f8051854b028fa13073","06317","53070902","202311161306","2566",29
"2d85d6ec39840f8051854b028fa13073","06319","53071104","202311161306","2566",55
"2d85d6ec39840f8051854b028fa13073","11161","53050101","202311161306","2566",174
"2d85d6ec39840f8051854b028fa13073","06321","53080207","202311161306","2566",14
"2d85d6ec39840f8051854b028fa13073","06330","53090101","202311161306","2566",62
"2d85d6ec39840f8051854b028fa13073","06320","53080202","202311161306","2566",350
"2d85d6ec39840f8051854b028fa13073","09632","91040307","202311170108","2566",27
"2d85d6ec39840f8051854b028fa13073","09623","91020304","202311170108","2566",11
"2d85d6ec39840f8051854b028fa13073","28786","91070101","202311170108","2566",75
"2d85d6ec39840f8051854b028fa13073","09624","91020403","202311170108","2566",16
"2d85d6ec39840f8051854b028fa13073","09622","91020202","202311170108","2566",6
"2d85d6ec39840f8051854b028fa13073","09620","91011205","202311170108","2566",4
"2d85d6ec39840f8051854b028fa13073","11234","62070106","202311161302","2566",866
"2d85d6ec39840f8051854b028fa13073","11235","62080101","202311161302","2566",1964
"2d85d6ec39840f8051854b028fa13073","11236","62090204","202311161302","2566",365
"2d85d6ec39840f8051854b028fa13073","14135","62100307","202311161302","2566",312
"2d85d6ec39840f8051854b028fa13073","28010","62110103","202311161302","2566",182
"2d85d6ec39840f8051854b028fa13073","77735","62010100","202311161302","2566",34
"2d85d6ec39840f8051854b028fa13073","99791","62010100","202311161302","2566",28
"2d85d6ec39840f8051854b028fa13073","07245","62080206","202311161302","2566",125
"2d85d6ec39840f8051854b028fa13073","11154","52100110","202311151309","2566",16
"2d85d6ec39840f8051854b028fa13073","11150","52060703","202311151309","2566",26
"2d85d6ec39840f8051854b028fa13073","11153","52090405","202311151309","2566",14
"2d85d6ec39840f8051854b028fa13073","10698","26010106","202311160421","2566",189
"2d85d6ec39840f8051854b028fa13073","24673","93110203","202311160913","2566",21
"2d85d6ec39840f8051854b028fa13073","14105","93090304","202311160913","2566",3
"2d85d6ec39840f8051854b028fa13073","11420","93080608","202311160913","2566",198
"2d85d6ec39840f8051854b028fa13073","11421","93090101","202311160913","2566",21
"2d85d6ec39840f8051854b028fa13073","11422","93100101","202311160913","2566",48
"2d85d6ec39840f8051854b028fa13073","12431","93010100","202311160913","2566",22
"2d85d6ec39840f8051854b028fa13073","11417","93050109","202311160913","2566",34
"2d85d6ec39840f8051854b028fa13073","11416","93040101","202311160913","2566",123
"2d85d6ec39840f8051854b028fa13073","11415","93030103","202311160913","2566",81
"2d85d6ec39840f8051854b028fa13073","11414","93020401","202311160913","2566",191
"2d85d6ec39840f8051854b028fa13073","11162","53060203","202311161306","2566",445
"2d85d6ec39840f8051854b028fa13073","06328","53080703","202311161306","2566",45
"2d85d6ec39840f8051854b028fa13073","06332","53090214","202311161306","2566",64
"2d85d6ec39840f8051854b028fa13073","06334","53090401","202311161306","2566",57
"2d85d6ec39840f8051854b028fa13073","09873","93080604","202311160913","2566",8
"2d85d6ec39840f8051854b028fa13073","06840","58020103","202311160542","2566",7
"2d85d6ec39840f8051854b028fa13073","06845","58020401","202311160542","2566",15
"2d85d6ec39840f8051854b028fa13073","06841","58020201","202311160542","2566",63
"2d85d6ec39840f8051854b028fa13073","06862","58040404","202311160542","2566",6
"2d85d6ec39840f8051854b028fa13073","10908","31140102","202311162001","2566",226
"2d85d6ec39840f8051854b028fa13073","10910","31160808","202311162001","2566",1544
"2d85d6ec39840f8051854b028fa13073","10911","31170110","202311162001","2566",15
"2d85d6ec39840f8051854b028fa13073","23962","21080302","202311170943","2566",2576
"2d85d6ec39840f8051854b028fa13073","10912","31180108","202311162001","2566",75
"2d85d6ec39840f8051854b028fa13073","22734","21070202","202311170943","2566",23
"2d85d6ec39840f8051854b028fa13073","11378","86030512","202311151213","2566",5
"2d85d6ec39840f8051854b028fa13073","11380","86040904","202311151213","2566",3
"2d85d6ec39840f8051854b028fa13073","11381","86050107","202311151213","2566",11
"2d85d6ec39840f8051854b028fa13073","11382","86060108","202311151213","2566",55
"2d85d6ec39840f8051854b028fa13073","11241","63050202","202311160932","2566",282
"2d85d6ec39840f8051854b028fa13073","11240","63040104","202311160932","2566",26
"2d85d6ec39840f8051854b028fa13073","07397","64030703","202311170558","2566",3
"2d85d6ec39840f8051854b028fa13073","11239","63030104","202311160932","2566",669
"2d85d6ec39840f8051854b028fa13073","11238","63020107","202311160932","2566",29
"2d85d6ec39840f8051854b028fa13073","10734","74010100","202311161952","2566",17
"2d85d6ec39840f8051854b028fa13073","10763","13030100","202311162149","2566",2
"2d85d6ec39840f8051854b028fa13073","10762","13030302","202311162149","2566",249
"2d85d6ec39840f8051854b028fa13073","11802","13060118","202311162149","2566",62
"2d85d6ec39840f8051854b028fa13073","10766","13060609","202311162149","2566",2
"2d85d6ec39840f8051854b028fa13073","28823","57180108","202311160644","2566",9
"2d85d6ec39840f8051854b028fa13073","06704","57041302","202311160644","2566",1
"2d85d6ec39840f8051854b028fa13073","06776","57110503","202311160644","2566",1
"2d85d6ec39840f8051854b028fa13073","10674","57010100","202311160644","2566",1293
"2d85d6ec39840f8051854b028fa13073","11189","57040120","202311160644","2566",47
"2d85d6ec39840f8051854b028fa13073","11191","57060104","202311160644","2566",113
"2d85d6ec39840f8051854b028fa13073","11193","57080106","202311160644","2566",197
"2d85d6ec39840f8051854b028fa13073","11194","57090610","202311160644","2566",950
"2d85d6ec39840f8051854b028fa13073","11195","57100313","202311160644","2566",1064
"2d85d6ec39840f8051854b028fa13073","11197","57120110","202311160644","2566",352
"2d85d6ec39840f8051854b028fa13073","07689","66080106","202311090108","2566",2
"2d85d6ec39840f8051854b028fa13073","07692","66080308","202311090108","2566",1
"2d85d6ec39840f8051854b028fa13073","07678","66120409","202311090108","2566",1
"2d85d6ec39840f8051854b028fa13073","11261","66060102","202311090108","2566",475
"2d85d6ec39840f8051854b028fa13073","11260","66050109","202311090108","2566",413
"2d85d6ec39840f8051854b028fa13073","11258","66020101","202311090108","2566",64
"2d85d6ec39840f8051854b028fa13073","11259","66030102","202311090108","2566",209
"2d85d6ec39840f8051854b028fa13073","27978","66090112","202311090108","2566",172
"2d85d6ec39840f8051854b028fa13073","03946","36011701","202311170416","2566",103
"2d85d6ec39840f8051854b028fa13073","03947","36011808","202311170416","2566",8
"2d85d6ec39840f8051854b028fa13073","03949","36020203","202311170416","2566",1
"2d85d6ec39840f8051854b028fa13073","03951","36020212","202311170416","2566",3
"2d85d6ec39840f8051854b028fa13073","03941","36011301","202311170416","2566",2
"2d85d6ec39840f8051854b028fa13073","03940","36011201","202311170416","2566",107
"2d85d6ec39840f8051854b028fa13073","03939","36011103","202311170416","2566",31
"2d85d6ec39840f8051854b028fa13073","03936","36010802","202311170416","2566",55
"2d85d6ec39840f8051854b028fa13073","03937","36010901","202311170416","2566",1
"2d85d6ec39840f8051854b028fa13073","03938","36011004","202311170416","2566",15
"2d85d6ec39840f8051854b028fa13073","03934","36010711","202311170416","2566",27
"2d85d6ec39840f8051854b028fa13073","03935","36010705","202311170416","2566",3
"2d85d6ec39840f8051854b028fa13073","03932","36010501","202311170416","2566",8
"2d85d6ec39840f8051854b028fa13073","03933","36010604","202311170416","2566",6
"2d85d6ec39840f8051854b028fa13073","13817","27070106","202311161603","2566",569
"2d85d6ec39840f8051854b028fa13073","28850","27080108","202311161603","2566",753
"2d85d6ec39840f8051854b028fa13073","28849","27090104","202311161603","2566",503
"2d85d6ec39840f8051854b028fa13073","11060","44110102","202310280730","2566",37
"2d85d6ec39840f8051854b028fa13073","01392","15040702","202311160913","2566",72
"2d85d6ec39840f8051854b028fa13073","01391","15040603","202311160913","2566",175
"2d85d6ec39840f8051854b028fa13073","01390","15040509","202311160913","2566",67
"2d85d6ec39840f8051854b028fa13073","01389","15040505","202311160913","2566",76
"2d85d6ec39840f8051854b028fa13073","11059","44100109","202310280730","2566",130
"2d85d6ec39840f8051854b028fa13073","01388","15040401","202311160913","2566",90
"2d85d6ec39840f8051854b028fa13073","01387","15040305","202311160913","2566",73
"2d85d6ec39840f8051854b028fa13073","01386","15040202","202311160913","2566",68
"2d85d6ec39840f8051854b028fa13073","10785","15040104","202311160913","2566",108
"2d85d6ec39840f8051854b028fa13073","10714","51010711","202311161652","2566",9270
"2d85d6ec39840f8051854b028fa13073","11140","51020208","202311161652","2566",13
"2d85d6ec39840f8051854b028fa13073","11141","51030102","202311161652","2566",18
"2d85d6ec39840f8051854b028fa13073","10987","37040410","202311160805","2566",549
"2d85d6ec39840f8051854b028fa13073","10986","37030308","202311160805","2566",519
"2d85d6ec39840f8051854b028fa13073","10985","37020108","202311160805","2566",823
"2d85d6ec39840f8051854b028fa13073","10703","37010106","202311160805","2566",423
"2d85d6ec39840f8051854b028fa13073","04155","37060703","202311160805","2566",12
"2d85d6ec39840f8051854b028fa13073","04151","37060501","202311160805","2566",2
"2d85d6ec39840f8051854b028fa13073","07125","61060504","202311160829","2566",19
"2d85d6ec39840f8051854b028fa13073","11227","61080105","202311160829","2566",568
"2d85d6ec39840f8051854b028fa13073","10720","61010100","202311160829","2566",812
"2d85d6ec39840f8051854b028fa13073","11221","61020101","202311160829","2566",726
"2d85d6ec39840f8051854b028fa13073","11222","61030101","202311160829","2566",513
"2d85d6ec39840f8051854b028fa13073","11223","61040105","202311160829","2566",697
"2d85d6ec39840f8051854b028fa13073","11224","61050105","202311160829","2566",242
"2d85d6ec39840f8051854b028fa13073","11225","61060101","202311160829","2566",1117
"2d85d6ec39840f8051854b028fa13073","07131","61061204","202311160829","2566",2
"2d85d6ec39840f8051854b028fa13073","07133","61061405","202311160829","2566",14
"2d85d6ec39840f8051854b028fa13073","07135","61070604","202311160829","2566",37
"2d85d6ec39840f8051854b028fa13073","14035","61060602","202311160829","2566",3
"2d85d6ec39840f8051854b028fa13073","11226","61070102","202311160829","2566",227
"2d85d6ec39840f8051854b028fa13073","13818","96120102","202311151853","2566",23
"2d85d6ec39840f8051854b028fa13073","11442","96110101","202311151853","2566",131
"2d85d6ec39840f8051854b028fa13073","11436","96030101","202311151853","2566",452
"2d85d6ec39840f8051854b028fa13073","23771","96040104","202311151853","2566",5
"2d85d6ec39840f8051854b028fa13073","08711","77040307","202311160811","2566",5
"2d85d6ec39840f8051854b028fa13073","14888","22070205","202311160701","2566",7
"2d85d6ec39840f8051854b028fa13073","02080","22060405","202311160701","2566",1
"2d85d6ec39840f8051854b028fa13073","02084","22070103","202311160701","2566",77
"2d85d6ec39840f8051854b028fa13073","02085","22070104","202311160701","2566",2
"2d85d6ec39840f8051854b028fa13073","02089","22070306","202311160701","2566",150
"2d85d6ec39840f8051854b028fa13073","02088","22070201","202311160701","2566",22
"2d85d6ec39840f8051854b028fa13073","02091","22070405","202311160701","2566",2
"2d85d6ec39840f8051854b028fa13073","99841","22020100","202311160701","2566",699
"2d85d6ec39840f8051854b028fa13073","10838","22040101","202311160701","2566",414
"2d85d6ec39840f8051854b028fa13073","02087","22070203","202311160701","2566",3
"2d85d6ec39840f8051854b028fa13073","02086","22070204","202311160701","2566",34
"2d85d6ec39840f8051854b028fa13073","10963","35020100","202311170351","2566",584
"2d85d6ec39840f8051854b028fa13073","10965","35040102","202311170351","2566",651
"2d85d6ec39840f8051854b028fa13073","14424","35010100","202311170351","2566",5
"2d85d6ec39840f8051854b028fa13073","11921","35010100","202311170351","2566",19
"2d85d6ec39840f8051854b028fa13073","10968","35070401","202311170351","2566",527
"2d85d6ec39840f8051854b028fa13073","10969","35090101","202311170351","2566",518
"2d85d6ec39840f8051854b028fa13073","11409","92040101","202311161823","2566",2646
"2d85d6ec39840f8051854b028fa13073","11408","92030106","202311161823","2566",656
"2d85d6ec39840f8051854b028fa13073","14139","92090100","202311161823","2566",271
"2d85d6ec39840f8051854b028fa13073","28817","92100109","202311161823","2566",77
"2d85d6ec39840f8051854b028fa13073","01382","15030601","202311160913","2566",5
"2d85d6ec39840f8051854b028fa13073","10784","15030200","202311160913","2566",288
"2d85d6ec39840f8051854b028fa13073","04853","43170101","202311160552","2566",52
"2d85d6ec39840f8051854b028fa13073","04854","43170106","202311160552","2566",16
"2d85d6ec39840f8051854b028fa13073","04860","43170201","202311160552","2566",20
"2d85d6ec39840f8051854b028fa13073","04861","43170206","202311160552","2566",20
"2d85d6ec39840f8051854b028fa13073","04862","43170301","202311160552","2566",51
"2d85d6ec39840f8051854b028fa13073","10732","71050604","202311170906","2566",4
"2d85d6ec39840f8051854b028fa13073","11283","71070101","202311170906","2566",1
"2d85d6ec39840f8051854b028fa13073","10782","15020605","202311160913","2566",305
"2d85d6ec39840f8051854b028fa13073","11056","44070102","202310280730","2566",254
"2d85d6ec39840f8051854b028fa13073","11057","44080101","202310280730","2566",73
"2d85d6ec39840f8051854b028fa13073","01368","15020101","202311160913","2566",7
"2d85d6ec39840f8051854b028fa13073","01367","15011404","202311160913","2566",1
"2d85d6ec39840f8051854b028fa13073","01363","15011003","202311160913","2566",8
"2d85d6ec39840f8051854b028fa13073","01359","15010703","202311160913","2566",13
"2d85d6ec39840f8051854b028fa13073","01355","15010305","202311160913","2566",8
"2d85d6ec39840f8051854b028fa13073","10689","15010200","202311160913","2566",729
"2d85d6ec39840f8051854b028fa13073","11455","65020107","202311162019","2566",28
"2d85d6ec39840f8051854b028fa13073","14055","65010809","202311162019","2566",1
"2d85d6ec39840f8051854b028fa13073","11797","65011110","202311162019","2566",34
"2d85d6ec39840f8051854b028fa13073","14060","65060908","202311162019","2566",39
"2d85d6ec39840f8051854b028fa13073","77610","65010100","202311162019","2566",61
"2d85d6ec39840f8051854b028fa13073","41429","65080602","202311162019","2566",749
"2d85d6ec39840f8051854b028fa13073","01037","12040508","202311131417","2566",1
"2d85d6ec39840f8051854b028fa13073","10759","12050105","202311131417","2566",118
"2d85d6ec39840f8051854b028fa13073","10758","12040103","202311131417","2566",19
"2d85d6ec39840f8051854b028fa13073","10686","12010406","202311131417","2566",60
"2d85d6ec39840f8051854b028fa13073","11369","84160101","202311160440","2566",281
"2d85d6ec39840f8051854b028fa13073","11370","84170103","202311160440","2566",562
"2d85d6ec39840f8051854b028fa13073","11654","84190204","202311160440","2566",5
"2d85d6ec39840f8051854b028fa13073","11459","84150210","202311160440","2566",17
"2d85d6ec39840f8051854b028fa13073","11371","84180103","202311160440","2566",251
"2d85d6ec39840f8051854b028fa13073","12289","84170100","202311160440","2566",2011
"2d85d6ec39840f8051854b028fa13073","40915","84170100","202311160440","2566",3105
"2d85d6ec39840f8051854b028fa13073","10733","72070100","202311161216","2566",868
"2d85d6ec39840f8051854b028fa13073","11294","72080407","202311161216","2566",42
"2d85d6ec39840f8051854b028fa13073","11296","72100105","202311161216","2566",15
"2d85d6ec39840f8051854b028fa13073","05616","48011403","202311170435","2566",151
"2d85d6ec39840f8051854b028fa13073","05615","48011305","202311170435","2566",138
"2d85d6ec39840f8051854b028fa13073","05614","48011304","202311170435","2566",147
"2d85d6ec39840f8051854b028fa13073","05613","48011209","202311170435","2566",6
"2d85d6ec39840f8051854b028fa13073","05612","48011206","202311170435","2566",13
"2d85d6ec39840f8051854b028fa13073","05611","48011113","202311170435","2566",64
"2d85d6ec39840f8051854b028fa13073","13979","48011108","202311170435","2566",185
"2d85d6ec39840f8051854b028fa13073","05610","48011105","202311170435","2566",88
"2d85d6ec39840f8051854b028fa13073","05609","48011008","202311170435","2566",202
"2d85d6ec39840f8051854b028fa13073","05608","48011004","202311170435","2566",146
"2d85d6ec39840f8051854b028fa13073","05607","48011001","202311170435","2566",357
"2d85d6ec39840f8051854b028fa13073","14277","48010906","202311170435","2566",82
"2d85d6ec39840f8051854b028fa13073","05606","48010903","202311170435","2566",109
"2d85d6ec39840f8051854b028fa13073","05605","48010808","202311170435","2566",105
"2d85d6ec39840f8051854b028fa13073","05604","48010805","202311170435","2566",84
"2d85d6ec39840f8051854b028fa13073","05603","48010801","202311170435","2566",122
"2d85d6ec39840f8051854b028fa13073","05602","48010705","202311170435","2566",230
"2d85d6ec39840f8051854b028fa13073","05601","48010701","202311170435","2566",96
"2d85d6ec39840f8051854b028fa13073","05600","48010611","202311170435","2566",20
"2d85d6ec39840f8051854b028fa13073","05599","48010606","202311170435","2566",45
"2d85d6ec39840f8051854b028fa13073","05598","48010602","202311170435","2566",39
"2d85d6ec39840f8051854b028fa13073","05597","48010506","202311170435","2566",173
"2d85d6ec39840f8051854b028fa13073","05596","48010407","202311170435","2566",214
"2d85d6ec39840f8051854b028fa13073","05595","48010306","202311170435","2566",151
"2d85d6ec39840f8051854b028fa13073","99720","48010200","202311170435","2566",2
"2d85d6ec39840f8051854b028fa13073","10679","73010100","202311162356","2566",685
"2d85d6ec39840f8051854b028fa13073","04889","38070206","202311160711","2566",55
"2d85d6ec39840f8051854b028fa13073","04890","38070301","202311160711","2566",36
"2d85d6ec39840f8051854b028fa13073","04891","38070303","202311160711","2566",71
"2d85d6ec39840f8051854b028fa13073","04892","38070401","202311160711","2566",117
"2d85d6ec39840f8051854b028fa13073","04893","38070506","202311160711","2566",130
"2d85d6ec39840f8051854b028fa13073","04894","38080204","202311160711","2566",275
"2d85d6ec39840f8051854b028fa13073","04895","38080301","202311160711","2566",77
"2d85d6ec39840f8051854b028fa13073","10240","38030404","202311160711","2566",279
"2d85d6ec39840f8051854b028fa13073","10243","38040514","202311160711","2566",35
"2d85d6ec39840f8051854b028fa13073","11040","38010101","202311160711","2566",107
"2d85d6ec39840f8051854b028fa13073","11041","38020308","202311160711","2566",331
"2d85d6ec39840f8051854b028fa13073","11043","38030102","202311160711","2566",69
"2d85d6ec39840f8051854b028fa13073","11046","38040101","202311160711","2566",377
"2d85d6ec39840f8051854b028fa13073","11047","38050404","202311160711","2566",1288
"2d85d6ec39840f8051854b028fa13073","11048","38060111","202311160711","2566",289
"2d85d6ec39840f8051854b028fa13073","11049","38070111","202311160711","2566",777
"2d85d6ec39840f8051854b028fa13073","11050","38080102","202311160711","2566",345
"2d85d6ec39840f8051854b028fa13073","13932","38010305","202311160711","2566",42
"2d85d6ec39840f8051854b028fa13073","13934","38050304","202311160711","2566",51
"2d85d6ec39840f8051854b028fa13073","13935","38080101","202311160711","2566",111
"2d85d6ec39840f8051854b028fa13073","14182","38020601","202311160711","2566",21
"2d85d6ec39840f8051854b028fa13073","77704","38040100","202311160711","2566",54
"2d85d6ec39840f8051854b028fa13073","13816","23070102","202311170100","2566",9
"2d85d6ec39840f8051854b028fa13073","10848","23050106","202311170100","2566",108
"2d85d6ec39840f8051854b028fa13073","40745","56090100","202311151309","2566",24
"2d85d6ec39840f8051854b028fa13073","40744","56080200","202311151309","2566",24
"2d85d6ec39840f8051854b028fa13073","10852","24040113","202311170904","2566",22
"2d85d6ec39840f8051854b028fa13073","10851","24030402","202311170904","2566",15
"2d85d6ec39840f8051854b028fa13073","10833","24100113","202311170904","2566",60
"2d85d6ec39840f8051854b028fa13073","10697","24010100","202311170904","2566",1792
"2d85d6ec39840f8051854b028fa13073","02296","24110305","202311170904","2566",1
"2d85d6ec39840f8051854b028fa13073","11432","95030107","202311161701","2566",98
"2d85d6ec39840f8051854b028fa13073","10749","95020100","202311161701","2566",162
"2d85d6ec39840f8051854b028fa13073","10684","95010100","202311161701","2566",713
"2d85d6ec39840f8051854b028fa13073","14992","95030106","202311161701","2566",12
"2d85d6ec39840f8051854b028fa13073","99745","95010600","202311161701","2566",16
"2d85d6ec39840f8051854b028fa13073","15226","95010100","202311161701","2566",7
"2d85d6ec39840f8051854b028fa13073","15227","95010100","202311161701","2566",30
"2d85d6ec39840f8051854b028fa13073","24017","95010100","202311161701","2566",3
"2d85d6ec39840f8051854b028fa13073","11276","70080508","202311152345","2566",1
"2d85d6ec39840f8051854b028fa13073","27974","18070101","202311151014","2566",76
"2d85d6ec39840f8051854b028fa13073","27975","18080114","202311151014","2566",198
"2d85d6ec39840f8051854b028fa13073","10712","49010100","202311160445","2566",722
"2d85d6ec39840f8051854b028fa13073","11113","49020111","202311160445","2566",47
"2d85d6ec39840f8051854b028fa13073","11114","49030107","202311160445","2566",265
"2d85d6ec39840f8051854b028fa13073","11115","49040103","202311160445","2566",346
"2d85d6ec39840f8051854b028fa13073","11116","49050302","202311160445","2566",435
"2d85d6ec39840f8051854b028fa13073","11117","49060109","202311160445","2566",285
"2d85d6ec39840f8051854b028fa13073","11118","49070604","202311160445","2566",50
"2d85d6ec39840f8051854b028fa13073","14285","76080204","202311161420","2566",4
"2d85d6ec39840f8051854b028fa13073","11310","76040100","202311161420","2566",17
"2d85d6ec39840f8051854b028fa13073","11311","76050101","202311161420","2566",182
"2d85d6ec39840f8051854b028fa13073","11309","76030111","202311161420","2566",12
"2d85d6ec39840f8051854b028fa13073","11308","76020105","202311161420","2566",1
"2d85d6ec39840f8051854b028fa13073","11312","76061608","202311161420","2566",2
"2d85d6ec39840f8051854b028fa13073","11313","76070103","202311161420","2566",76
"2d85d6ec39840f8051854b028fa13073","11314","76080305","202311161420","2566",219
"2d85d6ec39840f8051854b028fa13073","04688","42030201","202311171034","2566",462
"2d85d6ec39840f8051854b028fa13073","04689","42030207","202311171034","2566",9
"2d85d6ec39840f8051854b028fa13073","04686","42020302","202311171034","2566",2
"2d85d6ec39840f8051854b028fa13073","04683","42020204","202311171034","2566",1
"2d85d6ec39840f8051854b028fa13073","04685","42020212","202311171034","2566",1
"2d85d6ec39840f8051854b028fa13073","04678","42011004","202311171034","2566",2
"2d85d6ec39840f8051854b028fa13073","04682","42011401","202311171034","2566",2
"2d85d6ec39840f8051854b028fa13073","04681","42011307","202311171034","2566",15
"2d85d6ec39840f8051854b028fa13073","04680","42011201","202311171034","2566",3
"2d85d6ec39840f8051854b028fa13073","04679","42011109","202311171034","2566",62
"2d85d6ec39840f8051854b028fa13073","04677","42011002","202311171034","2566",4
"2d85d6ec39840f8051854b028fa13073","04676","42010908","202311171034","2566",18
"2d85d6ec39840f8051854b028fa13073","04675","42010903","202311171034","2566",1
"2d85d6ec39840f8051854b028fa13073","04674","42010807","202311171034","2566",117
"2d85d6ec39840f8051854b028fa13073","04670","42010603","202311171034","2566",19
"2d85d6ec39840f8051854b028fa13073","04673","42010804","202311171034","2566",8
"2d85d6ec39840f8051854b028fa13073","04665","42010208","202311171034","2566",789
"2d85d6ec39840f8051854b028fa13073","04672","42010706","202311171034","2566",400
"2d85d6ec39840f8051854b028fa13073","04671","42010705","202311171034","2566",5
"2d85d6ec39840f8051854b028fa13073","04669","42010501","202311171034","2566",13
"2d85d6ec39840f8051854b028fa13073","04668","42010408","202311171034","2566",10
"2d85d6ec39840f8051854b028fa13073","04667","42010303","202311171034","2566",1569
"2d85d6ec39840f8051854b028fa13073","04666","42010210","202311171034","2566",4
"2d85d6ec39840f8051854b028fa13073","77730","19030100","202311160757","2566",993
"2d85d6ec39840f8051854b028fa13073","10807","19020108","202311160757","2566",422
"2d85d6ec39840f8051854b028fa13073","01520","16060903","202311160800","2566",1
"2d85d6ec39840f8051854b028fa13073","10795","16090102","202311160800","2566",139
"2d85d6ec39840f8051854b028fa13073","11100","47140106","202311161837","2566",68
"2d85d6ec39840f8051854b028fa13073","11099","47130109","202311161837","2566",234
"2d85d6ec39840f8051854b028fa13073","05509","47080606","202311161837","2566",5
"2d85d6ec39840f8051854b028fa13073","05510","47080609","202311161837","2566",2
"2d85d6ec39840f8051854b028fa13073","23748","47010100","202311161837","2566",885
"2d85d6ec39840f8051854b028fa13073","05589","47180116","202311161837","2566",14
"2d85d6ec39840f8051854b028fa13073","11090","47030101","202311161837","2566",140
"2d85d6ec39840f8051854b028fa13073","10769","14030302","202311152244","2566",60
"2d85d6ec39840f8051854b028fa13073","10770","14040102","202311152244","2566",27
"2d85d6ec39840f8051854b028fa13073","10777","14110405","202311152244","2566",1
"2d85d6ec39840f8051854b028fa13073","10859","25060201","202311161251","2566",32
"2d85d6ec39840f8051854b028fa13073","10862","25090104","202311161251","2566",1
"2d85d6ec39840f8051854b028fa13073","11374","85050205","202311160409","2566",20
"2d85d6ec39840f8051854b028fa13073","10800","17040403","202311160708","2566",125
"2d85d6ec39840f8051854b028fa13073","10905","31110207","202311162001","2566",1773
"2d85d6ec39840f8051854b028fa13073","10904","31100107","202311162001","2566",280
"2d85d6ec39840f8051854b028fa13073","10902","31090203","202311162001","2566",580
"2d85d6ec39840f8051854b028fa13073","11346","81080101","202311161136","2566",106
"2d85d6ec39840f8051854b028fa13073","14582","81030303","202311161136","2566",4
"2d85d6ec39840f8051854b028fa13073","99863","81020109","202311161136","2566",3
"2d85d6ec39840f8051854b028fa13073","77753","81011607","202311161136","2566",11
"2d85d6ec39840f8051854b028fa13073","11352","82060101","202311170153","2566",513
"2d85d6ec39840f8051854b028fa13073","00978","11040708","202311160054","2566",1
"2d85d6ec39840f8051854b028fa13073","00968","11040600","202311160054","2566",4
"2d85d6ec39840f8051854b028fa13073","23944","11040519","202311160054","2566",1
"2d85d6ec39840f8051854b028fa13073","00964","11040205","202311160054","2566",7
"2d85d6ec39840f8051854b028fa13073","10754","11040108","202311160054","2566",2
"2d85d6ec39840f8051854b028fa13073","00958","11030210","202311160054","2566",2
"2d85d6ec39840f8051854b028fa13073","10753","11030108","202311160054","2566",100
"2d85d6ec39840f8051854b028fa13073","23911","11020507","202311160054","2566",1
"2d85d6ec39840f8051854b028fa13073","00951","11020404","202311160054","2566",2
"2d85d6ec39840f8051854b028fa13073","10752","11020401","202311160054","2566",525
"2d85d6ec39840f8051854b028fa13073","00949","11020305","202311160054","2566",1
"2d85d6ec39840f8051854b028fa13073","00945","11020106","202311160054","2566",2
"2d85d6ec39840f8051854b028fa13073","23032","11020102","202311160054","2566",131
"2d85d6ec39840f8051854b028fa13073","00944","11011702","202311160054","2566",4
"2d85d6ec39840f8051854b028fa13073","00942","11011501","202311160054","2566",3
"2d85d6ec39840f8051854b028fa13073","00939","11011201","202311160054","2566",5
"2d85d6ec39840f8051854b028fa13073","23945","11010305","202311160054","2566",2
"2d85d6ec39840f8051854b028fa13073","00933","11010203","202311160054","2566",2
"2d85d6ec39840f8051854b028fa13073","12251","11010100","202311160054","2566",48
"2d85d6ec39840f8051854b028fa13073","10685","11010100","202311160054","2566",228
"2d85d6ec39840f8051854b028fa13073","15048","11010100","202311160054","2566",2
"2d85d6ec39840f8051854b028fa13073","06424","54060603","202311061252","2566",4
"2d85d6ec39840f8051854b028fa13073","06426","54060704","202311061252","2566",20
"2d85d6ec39840f8051854b028fa13073","06413","54060101","202311061252","2566",20
"2d85d6ec39840f8051854b028fa13073","11760","54060504","202311061252","2566",54
"2d85d6ec39840f8051854b028fa13073","11452","54050109","202311061252","2566",307
"2d85d6ec39840f8051854b028fa13073","11172","54080304","202311061252","2566",17
"2d85d6ec39840f8051854b028fa13073","11271","67100101","202311170034","2566",18
"2d85d6ec39840f8051854b028fa13073","11457","67040601","202311170034","2566",7426
"2d85d6ec39840f8051854b028fa13073","11424","94030502","202311161423","2566",45
"2d85d6ec39840f8051854b028fa13073","11063","45040104","202311150609","2566",615
"2d85d6ec39840f8051854b028fa13073","11062","45030109","202311150609","2566",1722
"2d85d6ec39840f8051854b028fa13073","11061","45020110","202311150609","2566",4078
"2d85d6ec39840f8051854b028fa13073","10708","45010100","202311150609","2566",1879
"2d85d6ec39840f8051854b028fa13073","11068","45090101","202311150609","2566",411
"2d85d6ec39840f8051854b028fa13073","11067","45080102","202311150609","2566",6
"2d85d6ec39840f8051854b028fa13073","11066","45071210","202311150609","2566",150
"2d85d6ec39840f8051854b028fa13073","27988","45200107","202311150609","2566",638
"2d85d6ec39840f8051854b028fa13073","27989","45180302","202311150609","2566",283
"2d85d6ec39840f8051854b028fa13073","27990","45190110","202311150609","2566",233
"2d85d6ec39840f8051854b028fa13073","03465","33130305","202311160358","2566",1
"2d85d6ec39840f8051854b028fa13073","03468","33130512","202311160358","2566",1
"2d85d6ec39840f8051854b028fa13073","03478","33150206","202311160358","2566",14
"2d85d6ec39840f8051854b028fa13073","03480","33150402","202311160358","2566",1
"2d85d6ec39840f8051854b028fa13073","03459","33120507","202311160358","2566",1
"2d85d6ec39840f8051854b028fa13073","10932","33070101","202311160358","2566",1
"2d85d6ec39840f8051854b028fa13073","10942","33170311","202311160358","2566",426
"2d85d6ec39840f8051854b028fa13073","10943","33180304","202311160358","2566",189
"2d85d6ec39840f8051854b028fa13073","23125","33190107","202311160358","2566",18
"2d85d6ec39840f8051854b028fa13073","28014","33200102","202311160358","2566",4
"2d85d6ec39840f8051854b028fa13073","03929","36010202","202311170416","2566",3
"2d85d6ec39840f8051854b028fa13073","11198","57130106","202311160644","2566",199
"2d85d6ec39840f8051854b028fa13073","11199","57140312","202311160644","2566",477
"2d85d6ec39840f8051854b028fa13073","11200","57150201","202311160644","2566",5
"2d85d6ec39840f8051854b028fa13073","11201","57160203","202311160644","2566",664
"2d85d6ec39840f8051854b028fa13073","10436","57031005","202311160644","2566",1
"2d85d6ec39840f8051854b028fa13073","11454","57030110","202311160644","2566",19
"2d85d6ec39840f8051854b028fa13073","11202","57170101","202311160644","2566",62
"2d85d6ec39840f8051854b028fa13073","24060","30012000","202311090835","2566",146
"2d85d6ec39840f8051854b028fa13073","14690","30011702","202311090835","2566",79
"2d85d6ec39840f8051854b028fa13073","22456","30280305","202311090835","2566",1
"2d85d6ec39840f8051854b028fa13073","12268","30010100","202311090835","2566",167
"2d85d6ec39840f8051854b028fa13073","02857","30270301","202311090835","2566",38
"2d85d6ec39840f8051854b028fa13073","02866","30290201","202311090835","2566",10
"2d85d6ec39840f8051854b028fa13073","02868","30290307","202311090835","2566",7
"2d85d6ec39840f8051854b028fa13073","13826","30010804","202311090835","2566",10
"2d85d6ec39840f8051854b028fa13073","10894","30250503","202311090835","2566",25
"2d85d6ec39840f8051854b028fa13073","02855","30270102","202311090835","2566",29
"2d85d6ec39840f8051854b028fa13073","02856","30270212","202311090835","2566",34
"2d85d6ec39840f8051854b028fa13073","27841","30260114","202311090835","2566",5
"2d85d6ec39840f8051854b028fa13073","27840","30310101","202311090835","2566",965
"2d85d6ec39840f8051854b028fa13073","11287","71110101","202311170906","2566",2
"2d85d6ec39840f8051854b028fa13073","15010","96130101","202311151853","2566",78
"2d85d6ec39840f8051854b028fa13073","11010","40180111","202311142336","2566",419
"2d85d6ec39840f8051854b028fa13073","11011","40190510","202311142336","2566",239
"2d85d6ec39840f8051854b028fa13073","11012","40200301","202311142336","2566",540
"2d85d6ec39840f8051854b028fa13073","10670","40010100","202311142336","2566",136
"2d85d6ec39840f8051854b028fa13073","77650","40290208","202311142336","2566",942
"2d85d6ec39840f8051854b028fa13073","12414","40010100","202311142336","2566",1
"2d85d6ec39840f8051854b028fa13073","77766","40011402","202311142336","2566",28
"2d85d6ec39840f8051854b028fa13073","77652","40250103","202311142336","2566",184
"2d85d6ec39840f8051854b028fa13073","77651","40220108","202311142336","2566",45
"2d85d6ec39840f8051854b028fa13073","14132","40210103","202311142336","2566",474
"2d85d6ec39840f8051854b028fa13073","14860","40010113","202311142336","2566",13
"2d85d6ec39840f8051854b028fa13073","14861","40010103","202311142336","2566",65
"2d85d6ec39840f8051854b028fa13073","15166","40010100","202311142336","2566",12
"2d85d6ec39840f8051854b028fa13073","23891","40010104","202311142336","2566",52
"2d85d6ec39840f8051854b028fa13073","77609","40011505","202311142336","2566",3
"2d85d6ec39840f8051854b028fa13073","12275","40240310","202311142336","2566",31
"2d85d6ec39840f8051854b028fa13073","77649","40230201","202311142336","2566",769
"2d85d6ec39840f8051854b028fa13073","13747","24070301","202311170904","2566",42
"2d85d6ec39840f8051854b028fa13073","11058","44090102","202310280730","2566",70
"2d85d6ec39840f8051854b028fa13073","28015","33210205","202311160358","2566",10
"2d85d6ec39840f8051854b028fa13073","14138","84170603","202311160440","2566",15
"2d85d6ec39840f8051854b028fa13073","10825","20090301","202311132106","2566",2
"2d85d6ec39840f8051854b028fa13073","10826","20100101","202311132106","2566",1
"2d85d6ec39840f8051854b028fa13073","28006","20110114","202311132106","2566",103
"2d85d6ec39840f8051854b028fa13073","10962","34260303","202311121923","2566",66
"2d85d6ec39840f8051854b028fa13073","10959","34220108","202311121923","2566",316
"2d85d6ec39840f8051854b028fa13073","10960","34240212","202311121923","2566",127
"2d85d6ec39840f8051854b028fa13073","22767","34010100","202311121923","2566",1
"2d85d6ec39840f8051854b028fa13073","14261","34250608","202311121923","2566",25
"2d85d6ec39840f8051854b028fa13073","15245","34010100","202311121923","2566",251
"2d85d6ec39840f8051854b028fa13073","03633","34080608","202311121923","2566",241
"2d85d6ec39840f8051854b028fa13073","03641","34090901","202311121923","2566",2
"2d85d6ec39840f8051854b028fa13073","03599","34070210","202311121923","2566",18
"2d85d6ec39840f8051854b028fa13073","03590","34050300","202311121923","2566",1
"2d85d6ec39840f8051854b028fa13073","03580","34041101","202311121923","2566",19
"2d85d6ec39840f8051854b028fa13073","15246","34010100","202311121923","2566",712
"2d85d6ec39840f8051854b028fa13073","15247","34010100","202311121923","2566",138
"2d85d6ec39840f8051854b028fa13073","15248","34010100","202311121923","2566",129
"2d85d6ec39840f8051854b028fa13073","27976","34310106","202311121923","2566",102
"2d85d6ec39840f8051854b028fa13073","24032","34300105","202311121923","2566",86
"2d85d6ec39840f8051854b028fa13073","24821","34290100","202311121923","2566",16
"2d85d6ec39840f8051854b028fa13073","27967","34320412","202311121923","2566",69
"2d85d6ec39840f8051854b028fa13073","27968","34330305","202311121923","2566",80
"2d85d6ec39840f8051854b028fa13073","10723","63060100","202311160932","2566",1008
"2d85d6ec39840f8051854b028fa13073","11243","63080101","202311160932","2566",5
"2d85d6ec39840f8051854b028fa13073","11333","80121400","202311122020","2566",26
"2d85d6ec39840f8051854b028fa13073","11335","80140105","202311122020","2566",880
"2d85d6ec39840f8051854b028fa13073","40492","80220210","202311122020","2566",1
"2d85d6ec39840f8051854b028fa13073","28016","33220105","202311160358","2566",13
"2d85d6ec39840f8051854b028fa13073","09621","91020101","202311170108","2566",15
"2d85d6ec39840f8051854b028fa13073","10711","48010100","202311170435","2566",246
"2d85d6ec39840f8051854b028fa13073","10747","93010100","202311160913","2566",186
"2d85d6ec39840f8051854b028fa13073","11242","63070102","202311160932","2566",5180
"2d85d6ec39840f8051854b028fa13073","28017","46160109","202311121525","2566",120
"2d85d6ec39840f8051854b028fa13073","77738","46010101","202311121525","2566",23
"2d85d6ec39840f8051854b028fa13073","28791","46150104","202311121525","2566",584
"2d85d6ec39840f8051854b028fa13073","28790","46170206","202311121525","2566",273
"2d85d6ec39840f8051854b028fa13073","05436","46160405","202311121525","2566",2
"2d85d6ec39840f8051854b028fa13073","24956","51080309","202311161652","2566",7
"2d85d6ec39840f8051854b028fa13073","22751","95010100","202311161701","2566",69
"2d85d6ec39840f8051854b028fa13073","11383","86070107","202311151213","2566",21
"2d85d6ec39840f8051854b028fa13073","02882","31011210","202311162001","2566",1
"2d85d6ec39840f8051854b028fa13073","03930","36010301","202311170416","2566",42
"2d85d6ec39840f8051854b028fa13073","06020","50190803","202311170830","2566",1
"2d85d6ec39840f8051854b028fa13073","27839","30300105","202311090835","2566",105
"2d85d6ec39840f8051854b028fa13073","24692","30320215","202311090835","2566",1675
"2d85d6ec39840f8051854b028fa13073","11625","55150101","202311160627","2566",157
"2d85d6ec39840f8051854b028fa13073","10661","19010100","202311160757","2566",960
"2d85d6ec39840f8051854b028fa13073","11321","77080506","202311160811","2566",448
"2d85d6ec39840f8051854b028fa13073","10801","17050204","202311160708","2566",142
"2d85d6ec39840f8051854b028fa13073","02905","31030201","202311162001","2566",14
"2d85d6ec39840f8051854b028fa13073","77670","31010100","202311162001","2566",15
"2d85d6ec39840f8051854b028fa13073","31327","24110204","202311170904","2566",3
"2d85d6ec39840f8051854b028fa13073","11429","94090802","202311161423","2566",19
"2d85d6ec39840f8051854b028fa13073","24058","91040100","202311170108","2566",129
"2d85d6ec39840f8051854b028fa13073","28895","11010100","202311160054","2566",1
"2d85d6ec39840f8051854b028fa13073","06693","57040406","202311160644","2566",1
"2d85d6ec39840f8051854b028fa13073","07126","61060604","202311160829","2566",8
"2d85d6ec39840f8051854b028fa13073","77718","81010100","202311161136","2566",10
"2d85d6ec39840f8051854b028fa13073","10730","70070100","202311152345","2566",17
"2d85d6ec39840f8051854b028fa13073","11354","82080109","202311170153","2566",999
"2d85d6ec39840f8051854b028fa13073","05691","48120201","202311170435","2566",13
"2d85d6ec39840f8051854b028fa13073","05696","48120301","202311170435","2566",23
"2d85d6ec39840f8051854b028fa13073","08759","80011505","202311122020","2566",1
"2d85d6ec39840f8051854b028fa13073","09317","85010601","202311160409","2566",1
"2d85d6ec39840f8051854b028fa13073","04782","43010207","202311160552","2566",101
"2d85d6ec39840f8051854b028fa13073","06848","58020603","202311160542","2566",36
"2d85d6ec39840f8051854b028fa13073","02196","24011502","202311170904","2566",1
"2d85d6ec39840f8051854b028fa13073","02199","24011703","202311170904","2566",12
"2d85d6ec39840f8051854b028fa13073","01787","19110703","202311160757","2566",24
"2d85d6ec39840f8051854b028fa13073","01785","19110709","202311160757","2566",8
"2d85d6ec39840f8051854b028fa13073","01786","19110712","202311160757","2566",2
"2d85d6ec39840f8051854b028fa13073","01789","19110911","202311160757","2566",19
"2d85d6ec39840f8051854b028fa13073","01788","19110913","202311160757","2566",11
"2d85d6ec39840f8051854b028fa13073","10816","19120301","202311160757","2566",4
"2d85d6ec39840f8051854b028fa13073","09774","93010502","202311160913","2566",2
"2d85d6ec39840f8051854b028fa13073","11035","42080101","202311171034","2566",362
"2d85d6ec39840f8051854b028fa13073","11036","42090103","202311171034","2566",776
"2d85d6ec39840f8051854b028fa13073","11037","42100708","202311171034","2566",717
"2d85d6ec39840f8051854b028fa13073","11038","42110203","202311171034","2566",175
"2d85d6ec39840f8051854b028fa13073","11039","42120308","202311171034","2566",345
"2d85d6ec39840f8051854b028fa13073","11447","42050103","202311171034","2566",379
"2d85d6ec39840f8051854b028fa13073","28861","42140100","202311171034","2566",229
"2d85d6ec39840f8051854b028fa13073","11431","94120106","202311161423","2566",54
"2d85d6ec39840f8051854b028fa13073","11430","94100601","202311161423","2566",106
"2d85d6ec39840f8051854b028fa13073","10709","46010100","202311121525","2566",512
"2d85d6ec39840f8051854b028fa13073","11077","46020107","202311121525","2566",515
"2d85d6ec39840f8051854b028fa13073","11540","10230204","202311160936","2566",833
"2d85d6ec39840f8051854b028fa13073","14641","10400304","202311160936","2566",3982
"2d85d6ec39840f8051854b028fa13073","02332","25021403","202311161251","2566",25
"2d85d6ec39840f8051854b028fa13073","08536","75020904","202311162239","2566",1
"2d85d6ec39840f8051854b028fa13073","07724","67011114","202311170034","2566",13
"2d85d6ec39840f8051854b028fa13073","07727","67011311","202311170034","2566",1
"2d85d6ec39840f8051854b028fa13073","03284","33011507","202311160358","2566",1
"2d85d6ec39840f8051854b028fa13073","10830","21040201","202311170943","2566",421
"2d85d6ec39840f8051854b028fa13073","10900","31070103","202311162001","2566",1
"2d85d6ec39840f8051854b028fa13073","10898","31050601","202311162001","2566",28
"2d85d6ec39840f8051854b028fa13073","01921","21010303","202311170943","2566",1
"2d85d6ec39840f8051854b028fa13073","10897","31040125","202311162001","2566",78
"2d85d6ec39840f8051854b028fa13073","10896","31030109","202311162001","2566",1506
"2d85d6ec39840f8051854b028fa13073","10895","31020106","202311162001","2566",1210
"2d85d6ec39840f8051854b028fa13073","07153","62010405","202311161302","2566",5
"2d85d6ec39840f8051854b028fa13073","07247","62080308","202311161302","2566",11
"2d85d6ec39840f8051854b028fa13073","11365","84110101","202311160440","2566",202
"2d85d6ec39840f8051854b028fa13073","11366","84120100","202311160440","2566",198
"2d85d6ec39840f8051854b028fa13073","11367","84130102","202311160440","2566",237
"2d85d6ec39840f8051854b028fa13073","02136","23020201","202311170100","2566",8
"2d85d6ec39840f8051854b028fa13073","07485","65010907","202311162019","2566",22
"2d85d6ec39840f8051854b028fa13073","11188","56070209","202311151309","2566",17
"2d85d6ec39840f8051854b028fa13073","08622","76050606","202311161420","2566",1
"2d85d6ec39840f8051854b028fa13073","24018","95010104","202311161701","2566",1
"2d85d6ec39840f8051854b028fa13073","09664","92011702","202311161823","2566",47
"2d85d6ec39840f8051854b028fa13073","09660","92011302","202311161823","2566",9
"2d85d6ec39840f8051854b028fa13073","09662","92011501","202311161823","2566",101
"2d85d6ec39840f8051854b028fa13073","09659","92011010","202311161823","2566",15
"2d85d6ec39840f8051854b028fa13073","21985","60010100","202311161704","2566",145
"2d85d6ec39840f8051854b028fa13073","15080","60010604","202311161704","2566",128
"2d85d6ec39840f8051854b028fa13073","09531","90090204","202311132002","2566",2
"2d85d6ec39840f8051854b028fa13073","09471","90031206","202311132002","2566",4
"2d85d6ec39840f8051854b028fa13073","09472","90031302","202311132002","2566",8
"2d85d6ec39840f8051854b028fa13073","09473","90031304","202311132002","2566",2
"2d85d6ec39840f8051854b028fa13073","09465","90030803","202311132002","2566",1
"2d85d6ec39840f8051854b028fa13073","09460","90030509","202311132002","2566",1
"2d85d6ec39840f8051854b028fa13073","09457","90030301","202311132002","2566",1
"2d85d6ec39840f8051854b028fa13073","09443","90010604","202311132002","2566",14
"2d85d6ec39840f8051854b028fa13073","09438","90010308","202311132002","2566",23
"2d85d6ec39840f8051854b028fa13073","04432","40171002","202311142336","2566",1
"2d85d6ec39840f8051854b028fa13073","10109","96030404","202311151853","2566",1
"2d85d6ec39840f8051854b028fa13073","10975","36070201","202311170416","2566",102
"2d85d6ec39840f8051854b028fa13073","10976","36080101","202311170416","2566",321
"2d85d6ec39840f8051854b028fa13073","43766","36011008","202311170416","2566",18
"2d85d6ec39840f8051854b028fa13073","11091","47040110","202311161837","2566",540
"2d85d6ec39840f8051854b028fa13073","11089","47020211","202311161837","2566",1168
"2d85d6ec39840f8051854b028fa13073","11093","47060113","202311161837","2566",678
"2d85d6ec39840f8051854b028fa13073","11092","47050109","202311161837","2566",997
"2d85d6ec39840f8051854b028fa13073","02541","30010615","202311090835","2566",1
"2d85d6ec39840f8051854b028fa13073","02543","30012407","202311090835","2566",4
"2d85d6ec39840f8051854b028fa13073","02544","30010904","202311090835","2566",10
"2d85d6ec39840f8051854b028fa13073","02557","30012109","202311090835","2566",10
"2d85d6ec39840f8051854b028fa13073","02558","30012205","202311090835","2566",15
"2d85d6ec39840f8051854b028fa13073","02559","30012301","202311090835","2566",19
"2d85d6ec39840f8051854b028fa13073","03726","34151807","202311121923","2566",428
"2d85d6ec39840f8051854b028fa13073","03719","34150811","202311121923","2566",3
"2d85d6ec39840f8051854b028fa13073","03696","34140405","202311121923","2566",1
"2d85d6ec39840f8051854b028fa13073","03626","34080203","202311121923","2566",69
"2d85d6ec39840f8051854b028fa13073","06018","50190605","202311170830","2566",15
"2d85d6ec39840f8051854b028fa13073","10713","50070904","202311170830","2566",2309
"2d85d6ec39840f8051854b028fa13073","11119","50020702","202311170830","2566",17
"2d85d6ec39840f8051854b028fa13073","11120","50030109","202311170830","2566",120
"2d85d6ec39840f8051854b028fa13073","11121","50040102","202311170830","2566",9
"2d85d6ec39840f8051854b028fa13073","11122","50050108","202311170830","2566",9
"2d85d6ec39840f8051854b028fa13073","11137","50210203","202311170830","2566",45
"2d85d6ec39840f8051854b028fa13073","11136","50200103","202311170830","2566",3
"2d85d6ec39840f8051854b028fa13073","11134","50180101","202311170830","2566",86
"2d85d6ec39840f8051854b028fa13073","11131","50150103","202311170830","2566",99
"2d85d6ec39840f8051854b028fa13073","11130","50140811","202311170830","2566",410
"2d85d6ec39840f8051854b028fa13073","11129","50130401","202311170830","2566",1068
"2d85d6ec39840f8051854b028fa13073","11055","44060101","202310280730","2566",30
"2d85d6ec39840f8051854b028fa13073","11054","44050105","202310280730","2566",172
"2d85d6ec39840f8051854b028fa13073","11053","44040102","202310280730","2566",253
"2d85d6ec39840f8051854b028fa13073","11052","44030113","202310280730","2566",12
"2d85d6ec39840f8051854b028fa13073","11128","50120109","202311170830","2566",177
"2d85d6ec39840f8051854b028fa13073","11127","50110104","202311170830","2566",102
"2d85d6ec39840f8051854b028fa13073","11125","50090104","202311170830","2566",291
"2d85d6ec39840f8051854b028fa13073","11124","50080110","202311170830","2566",2
"2d85d6ec39840f8051854b028fa13073","11123","50060107","202311170830","2566",113
"2d85d6ec39840f8051854b028fa13073","22177","50120707","202311170830","2566",3
"2d85d6ec39840f8051854b028fa13073","11643","50240125","202311170830","2566",17
"2d85d6ec39840f8051854b028fa13073","77450","50150109","202311170830","2566",1
"2d85d6ec39840f8051854b028fa13073","11051","44020107","202310280730","2566",3
"2d85d6ec39840f8051854b028fa13073","10707","44010102","202310280730","2566",7016
"2d85d6ec39840f8051854b028fa13073","28843","44130103","202310280730","2566",104
"2d85d6ec39840f8051854b028fa13073","24704","44120110","202310280730","2566",14
"2d85d6ec39840f8051854b028fa13073","23565","44010100","202310280730","2566",120
"2d85d6ec39840f8051854b028fa13073","23564","44010100","202310280730","2566",1
"2d85d6ec39840f8051854b028fa13073","07156","62010604","202411162115","2567",53
"2d85d6ec39840f8051854b028fa13073","01077","13010806","202411170211","2567",2
"2d85d6ec39840f8051854b028fa13073","01093","13020308","202411170211","2567",4
"2d85d6ec39840f8051854b028fa13073","01092","13020213","202411170211","2567",11
"2d85d6ec39840f8051854b028fa13073","01090","13020113","202411170211","2567",15
"2d85d6ec39840f8051854b028fa13073","01096","13020507","202411170211","2567",4
"2d85d6ec39840f8051854b028fa13073","01097","13020513","202411170211","2567",4
"2d85d6ec39840f8051854b028fa13073","01099","13020708","202411170211","2567",1
"2d85d6ec39840f8051854b028fa13073","01134","13060518","202411170211","2567",1
"2d85d6ec39840f8051854b028fa13073","01132","13060313","202411170211","2567",17
"2d85d6ec39840f8051854b028fa13073","10704","39010101","202411161115","2567",1067
"2d85d6ec39840f8051854b028fa13073","05477","47040502","202411220522","2567",1
"2d85d6ec39840f8051854b028fa13073","11654","84190204","202411181135","2567",17
"2d85d6ec39840f8051854b028fa13073","11173","55020204","202411210738","2567",113
"2d85d6ec39840f8051854b028fa13073","04694","42030501","202411162249","2567",18
"2d85d6ec39840f8051854b028fa13073","11103","47170210","202411220522","2567",633
"2d85d6ec39840f8051854b028fa13073","11450","47120111","202411220522","2567",5705
"2d85d6ec39840f8051854b028fa13073","09438","90010308","202411160331","2567",36
"2d85d6ec39840f8051854b028fa13073","11459","84150210","202411181135","2567",328
"2d85d6ec39840f8051854b028fa13073","11371","84180103","202411181135","2567",10
"2d85d6ec39840f8051854b028fa13073","11370","84170103","202411181135","2567",4881
"2d85d6ec39840f8051854b028fa13073","01246","14061604","202411170522","2567",4
"2d85d6ec39840f8051854b028fa13073","11367","84130102","202411181135","2567",151
"2d85d6ec39840f8051854b028fa13073","11368","84140102","202411181135","2567",1675
"2d85d6ec39840f8051854b028fa13073","01245","14061501","202411170522","2567",1
"2d85d6ec39840f8051854b028fa13073","01244","14061404","202411170522","2567",3
"2d85d6ec39840f8051854b028fa13073","01240","14061103","202411170522","2567",5
"2d85d6ec39840f8051854b028fa13073","10176","96110501","202411160625","2567",16
"2d85d6ec39840f8051854b028fa13073","10177","96110601","202411160625","2567",1
"2d85d6ec39840f8051854b028fa13073","01237","14060805","202411170522","2567",1
"2d85d6ec39840f8051854b028fa13073","11369","84160101","202411181135","2567",139
"2d85d6ec39840f8051854b028fa13073","09439","90010403","202411160331","2567",1
"2d85d6ec39840f8051854b028fa13073","10662","20010502","202411152301","2567",5593
"2d85d6ec39840f8051854b028fa13073","10817","20020101","202411152301","2567",13680
"2d85d6ec39840f8051854b028fa13073","10818","20030101","202411152301","2567",51
"2d85d6ec39840f8051854b028fa13073","10819","20040805","202411152301","2567",1077
"2d85d6ec39840f8051854b028fa13073","10820","20040611","202411152301","2567",439
"2d85d6ec39840f8051854b028fa13073","10821","20050108","202411152301","2567",62
"2d85d6ec39840f8051854b028fa13073","09443","90010604","202411160331","2567",54
"2d85d6ec39840f8051854b028fa13073","04916","44010605","202411160803","2567",22
"2d85d6ec39840f8051854b028fa13073","06905","60011407","202411161628","2567",25
"2d85d6ec39840f8051854b028fa13073","10718","56030104","202411162002","2567",4235
"2d85d6ec39840f8051854b028fa13073","10717","56010700","202411162002","2567",1011
"2d85d6ec39840f8051854b028fa13073","03936","36010802","202411161543","2567",24
"2d85d6ec39840f8051854b028fa13073","03933","36010604","202411161543","2567",2
"2d85d6ec39840f8051854b028fa13073","03938","36011004","202411161543","2567",3
"2d85d6ec39840f8051854b028fa13073","09473","90031304","202411160331","2567",8
"2d85d6ec39840f8051854b028fa13073","11364","84100503","202411181135","2567",9
"2d85d6ec39840f8051854b028fa13073","10822","20060901","202411152301","2567",433
"2d85d6ec39840f8051854b028fa13073","11269","67080109","202411161110","2567",629
"2d85d6ec39840f8051854b028fa13073","11270","67090105","202411161110","2567",1
"2d85d6ec39840f8051854b028fa13073","11271","67100101","202411161110","2567",333
"2d85d6ec39840f8051854b028fa13073","10751","96100100","202411160625","2567",446
"2d85d6ec39840f8051854b028fa13073","03939","36011103","202411161543","2567",9
"2d85d6ec39840f8051854b028fa13073","01691","19020504","202411161522","2567",38
"2d85d6ec39840f8051854b028fa13073","01689","19020401","202411161522","2567",228
"2d85d6ec39840f8051854b028fa13073","10721","62010100","202411162115","2567",7348
"2d85d6ec39840f8051854b028fa13073","04666","42010210","202411162249","2567",8
"2d85d6ec39840f8051854b028fa13073","04665","42010208","202411162249","2567",49
"2d85d6ec39840f8051854b028fa13073","04671","42010705","202411162249","2567",14
"2d85d6ec39840f8051854b028fa13073","04669","42010501","202411162249","2567",2
"2d85d6ec39840f8051854b028fa13073","01688","19020304","202411161522","2567",2
"2d85d6ec39840f8051854b028fa13073","03940","36011201","202411161543","2567",64
"2d85d6ec39840f8051854b028fa13073","03945","36011608","202411161543","2567",6
"2d85d6ec39840f8051854b028fa13073","07724","67011114","202411161110","2567",17
"2d85d6ec39840f8051854b028fa13073","01693","19020601","202411161522","2567",30
"2d85d6ec39840f8051854b028fa13073","01226","14051406","202411170522","2567",3
"2d85d6ec39840f8051854b028fa13073","11366","84120100","202411181135","2567",1308
"2d85d6ec39840f8051854b028fa13073","11234","62070106","202411162115","2567",2100
"2d85d6ec39840f8051854b028fa13073","02059","22040206","202411160829","2567",1
"2d85d6ec39840f8051854b028fa13073","04667","42010303","202411162249","2567",2521
"2d85d6ec39840f8051854b028fa13073","03943","36011408","202411161543","2567",11
"2d85d6ec39840f8051854b028fa13073","07912","70040902","202411161016","2567",35
"2d85d6ec39840f8051854b028fa13073","10744","86010100","202411161546","2567",4865
"2d85d6ec39840f8051854b028fa13073","11235","62080101","202411162115","2567",2822
"2d85d6ec39840f8051854b028fa13073","09421","86070703","202411161546","2567",3
"2d85d6ec39840f8051854b028fa13073","11435","96020104","202411160625","2567",1450
"2d85d6ec39840f8051854b028fa13073","13972","47080309","202411220522","2567",228
"2d85d6ec39840f8051854b028fa13073","10750","96010100","202411160625","2567",674
"2d85d6ec39840f8051854b028fa13073","04668","42010408","202411162249","2567",28
"2d85d6ec39840f8051854b028fa13073","11437","96050101","202411160625","2567",588
"2d85d6ec39840f8051854b028fa13073","11438","96060102","202411160625","2567",1127
"2d85d6ec39840f8051854b028fa13073","09472","90031302","202411160331","2567",24
"2d85d6ec39840f8051854b028fa13073","11436","96030101","202411160625","2567",111
"2d85d6ec39840f8051854b028fa13073","03946","36011701","202411161543","2567",42
"2d85d6ec39840f8051854b028fa13073","03947","36011808","202411161543","2567",7
"2d85d6ec39840f8051854b028fa13073","07911","70040807","202411161016","2567",32
"2d85d6ec39840f8051854b028fa13073","07909","70040701","202411161016","2567",16
"2d85d6ec39840f8051854b028fa13073","01692","19020508","202411161522","2567",550
"2d85d6ec39840f8051854b028fa13073","04090","36150210","202411161543","2567",10
"2d85d6ec39840f8051854b028fa13073","06637","56080103","202411162002","2567",58
"2d85d6ec39840f8051854b028fa13073","04680","42011201","202411162249","2567",29
"2d85d6ec39840f8051854b028fa13073","06642","56080408","202411162002","2567",44
"2d85d6ec39840f8051854b028fa13073","06640","56080304","202411162002","2567",95
"2d85d6ec39840f8051854b028fa13073","10702","36010105","202411161543","2567",1165
"2d85d6ec39840f8051854b028fa13073","04093","36150402","202411161543","2567",37
"2d85d6ec39840f8051854b028fa13073","04091","36150305","202411161543","2567",28
"2d85d6ec39840f8051854b028fa13073","04092","36150307","202411161543","2567",27
"2d85d6ec39840f8051854b028fa13073","10970","36020101","202411161543","2567",33
"2d85d6ec39840f8051854b028fa13073","11365","84110101","202411181135","2567",160
"2d85d6ec39840f8051854b028fa13073","02093","22070505","202411160829","2567",12
"2d85d6ec39840f8051854b028fa13073","07745","67030203","202411161110","2567",1
"2d85d6ec39840f8051854b028fa13073","11233","62060111","202411162115","2567",1518
"2d85d6ec39840f8051854b028fa13073","10974","36061001","202411161543","2567",1412
"2d85d6ec39840f8051854b028fa13073","10973","36050102","202411161543","2567",197
"2d85d6ec39840f8051854b028fa13073","11232","62050110","202411162115","2567",1476
"2d85d6ec39840f8051854b028fa13073","02084","22070103","202411160829","2567",96
"2d85d6ec39840f8051854b028fa13073","10971","36030113","202411161543","2567",27
"2d85d6ec39840f8051854b028fa13073","10972","36040101","202411161543","2567",35
"2d85d6ec39840f8051854b028fa13073","00939","11011201","202411161438","2567",338
"2d85d6ec39840f8051854b028fa13073","11362","84080807","202411181135","2567",8
"2d85d6ec39840f8051854b028fa13073","11231","62040502","202411162115","2567",540
"2d85d6ec39840f8051854b028fa13073","10665","25010512","202411161333","2567",5484
"2d85d6ec39840f8051854b028fa13073","09471","90031206","202411160331","2567",29
"2d85d6ec39840f8051854b028fa13073","09465","90030803","202411160331","2567",59
"2d85d6ec39840f8051854b028fa13073","09464","90030711","202411160331","2567",31
"2d85d6ec39840f8051854b028fa13073","09486","90040806","202411160331","2567",1
"2d85d6ec39840f8051854b028fa13073","09500","90050705","202411160331","2567",1
"2d85d6ec39840f8051854b028fa13073","09499","90050702","202411160331","2567",2
"2d85d6ec39840f8051854b028fa13073","09492","90050205","202411160331","2567",4
"2d85d6ec39840f8051854b028fa13073","09497","90050507","202411160331","2567",3
"2d85d6ec39840f8051854b028fa13073","10975","36070201","202411161543","2567",559
"2d85d6ec39840f8051854b028fa13073","10977","36090101","202411161543","2567",217
"2d85d6ec39840f8051854b028fa13073","11230","62030109","202411162115","2567",510
"2d85d6ec39840f8051854b028fa13073","03823","35010203","202411161416","2567",398
"2d85d6ec39840f8051854b028fa13073","04674","42010807","202411162249","2567",40
"2d85d6ec39840f8051854b028fa13073","11442","96110101","202411160625","2567",805
"2d85d6ec39840f8051854b028fa13073","03825","35010407","202411161416","2567",86
"2d85d6ec39840f8051854b028fa13073","09516","90070406","202411160331","2567",62
"2d85d6ec39840f8051854b028fa13073","09514","90070202","202411160331","2567",17
"2d85d6ec39840f8051854b028fa13073","09525","90071202","202411160331","2567",9
"2d85d6ec39840f8051854b028fa13073","03829","35010610","202411161416","2567",77
"2d85d6ec39840f8051854b028fa13073","11375","86010203","202411161546","2567",168
"2d85d6ec39840f8051854b028fa13073","06643","56080502","202411162002","2567",55
"2d85d6ec39840f8051854b028fa13073","04681","42011307","202411162249","2567",23
"2d85d6ec39840f8051854b028fa13073","04691","42030307","202411162249","2567",8
"2d85d6ec39840f8051854b028fa13073","01694","19020701","202411161522","2567",122
"2d85d6ec39840f8051854b028fa13073","10976","36080101","202411161543","2567",899
"2d85d6ec39840f8051854b028fa13073","09520","90070703","202411160331","2567",16
"2d85d6ec39840f8051854b028fa13073","11363","84090103","202411181135","2567",451
"2d85d6ec39840f8051854b028fa13073","11360","84060101","202411181135","2567",102
"2d85d6ec39840f8051854b028fa13073","11361","84070110","202411181135","2567",17
"2d85d6ec39840f8051854b028fa13073","04676","42010908","202411162249","2567",48
"2d85d6ec39840f8051854b028fa13073","14136","71040203","202411170856","2567",1
"2d85d6ec39840f8051854b028fa13073","10732","71050604","202411170856","2567",280
"2d85d6ec39840f8051854b028fa13073","07293","63020305","202411171024","2567",2
"2d85d6ec39840f8051854b028fa13073","07495","65011803","202411170404","2567",4
"2d85d6ec39840f8051854b028fa13073","09531","90090204","202411160331","2567",12
"2d85d6ec39840f8051854b028fa13073","10857","25020105","202411161333","2567",42
"2d85d6ec39840f8051854b028fa13073","06639","56080205","202411162002","2567",169
"2d85d6ec39840f8051854b028fa13073","09524","90071103","202411160331","2567",79
"2d85d6ec39840f8051854b028fa13073","10858","25030201","202411161333","2567",5
"2d85d6ec39840f8051854b028fa13073","10859","25060201","202411161333","2567",54
"2d85d6ec39840f8051854b028fa13073","10715","54010100","202411161528","2567",3225
"2d85d6ec39840f8051854b028fa13073","04675","42010903","202411162249","2567",17
"2d85d6ec39840f8051854b028fa13073","10861","25080109","202411161333","2567",24
"2d85d6ec39840f8051854b028fa13073","11167","54030106","202411161528","2567",193
"2d85d6ec39840f8051854b028fa13073","11166","54020406","202411161528","2567",609
"2d85d6ec39840f8051854b028fa13073","07065","61010204","202411161210","2567",178
"2d85d6ec39840f8051854b028fa13073","01224","14051202","202411170522","2567",2
"2d85d6ec39840f8051854b028fa13073","11169","54041203","202411161528","2567",574
"2d85d6ec39840f8051854b028fa13073","11170","54060103","202411161528","2567",46
"2d85d6ec39840f8051854b028fa13073","11171","54070108","202411161528","2567",158
"2d85d6ec39840f8051854b028fa13073","11172","54080304","202411161528","2567",67
"2d85d6ec39840f8051854b028fa13073","09774","93010502","202411120931","2567",25
"2d85d6ec39840f8051854b028fa13073","10716","55010100","202411210738","2567",3836
"2d85d6ec39840f8051854b028fa13073","10978","36100104","202411161543","2567",2966
"2d85d6ec39840f8051854b028fa13073","10979","36110103","202411161543","2567",227
"2d85d6ec39840f8051854b028fa13073","07075","61011201","202411161210","2567",42
"2d85d6ec39840f8051854b028fa13073","07077","61011403","202411161210","2567",23
"2d85d6ec39840f8051854b028fa13073","07478","65010307","202411170404","2567",1
"2d85d6ec39840f8051854b028fa13073","02559","30012301","202411260951","2567",1
"2d85d6ec39840f8051854b028fa13073","04695","42030504","202411162249","2567",88
"2d85d6ec39840f8051854b028fa13073","00938","11011101","202411161438","2567",321
"2d85d6ec39840f8051854b028fa13073","00937","11011004","202411161438","2567",392
"2d85d6ec39840f8051854b028fa13073","00936","11010804","202411161438","2567",382
"2d85d6ec39840f8051854b028fa13073","00935","11010305","202411161438","2567",375
"2d85d6ec39840f8051854b028fa13073","04915","44010501","202411160803","2567",64
"2d85d6ec39840f8051854b028fa13073","11224","61050105","202411161210","2567",439
"2d85d6ec39840f8051854b028fa13073","00934","11010302","202411161438","2567",408
"2d85d6ec39840f8051854b028fa13073","00940","11011305","202411161438","2567",183
"2d85d6ec39840f8051854b028fa13073","10991","39020106","202411161115","2567",1752
"2d85d6ec39840f8051854b028fa13073","01695","19020802","202411161522","2567",23
"2d85d6ec39840f8051854b028fa13073","01435","16010701","202411171229","2567",14
"2d85d6ec39840f8051854b028fa13073","11225","61060101","202411161210","2567",1392
"2d85d6ec39840f8051854b028fa13073","13973","47081406","202411220522","2567",32
"2d85d6ec39840f8051854b028fa13073","06253","53010405","202411161819","2567",607
"2d85d6ec39840f8051854b028fa13073","06251","53010205","202411161819","2567",989
"2d85d6ec39840f8051854b028fa13073","04696","42030603","202411162249","2567",220
"2d85d6ec39840f8051854b028fa13073","10731","71010303","202411170856","2567",9250
"2d85d6ec39840f8051854b028fa13073","10860","25070104","202411161333","2567",4
"2d85d6ec39840f8051854b028fa13073","11226","61070102","202411161210","2567",1306
"2d85d6ec39840f8051854b028fa13073","11441","96090106","202411160625","2567",474
"2d85d6ec39840f8051854b028fa13073","07087","61021007","202411161210","2567",6
"2d85d6ec39840f8051854b028fa13073","07756","67031205","202411161110","2567",5
"2d85d6ec39840f8051854b028fa13073","11456","66040100","202411171156","2567",551
"2d85d6ec39840f8051854b028fa13073","06255","53010602","202411161819","2567",761
"2d85d6ec39840f8051854b028fa13073","06254","53010504","202411161819","2567",670
"2d85d6ec39840f8051854b028fa13073","09322","85020105","202411160658","2567",1
"2d85d6ec39840f8051854b028fa13073","03840","35011501","202411161416","2567",140
"2d85d6ec39840f8051854b028fa13073","03843","35020108","202411161416","2567",6
"2d85d6ec39840f8051854b028fa13073","03849","35020503","202411161416","2567",2
"2d85d6ec39840f8051854b028fa13073","03863","35040211","202411161416","2567",2101
"2d85d6ec39840f8051854b028fa13073","01696","19020901","202411161522","2567",35
"2d85d6ec39840f8051854b028fa13073","01460","16020405","202411171229","2567",1
"2d85d6ec39840f8051854b028fa13073","11184","56020107","202411162002","2567",412
"2d85d6ec39840f8051854b028fa13073","06260","53010902","202411161819","2567",238
"2d85d6ec39840f8051854b028fa13073","01354","14160505","202411170522","2567",1
"2d85d6ec39840f8051854b028fa13073","11228","62011212","202411162115","2567",484
"2d85d6ec39840f8051854b028fa13073","01462","16020509","202411171229","2567",1
"2d85d6ec39840f8051854b028fa13073","06258","53010801","202411161819","2567",407
"2d85d6ec39840f8051854b028fa13073","09535","90090310","202411160331","2567",1
"2d85d6ec39840f8051854b028fa13073","00933","11010203","202411161438","2567",502
"2d85d6ec39840f8051854b028fa13073","07104","61040710","202411161210","2567",156
"2d85d6ec39840f8051854b028fa13073","11163","53070101","202411161819","2567",191
"2d85d6ec39840f8051854b028fa13073","11227","61080105","202411161210","2567",714
"2d85d6ec39840f8051854b028fa13073","09672","92020302","202411152322","2567",1
"2d85d6ec39840f8051854b028fa13073","07103","61040706","202411161210","2567",117
"2d85d6ec39840f8051854b028fa13073","06261","53010908","202411161819","2567",549
"2d85d6ec39840f8051854b028fa13073","10837","22030805","202411160829","2567",62
"2d85d6ec39840f8051854b028fa13073","10838","22040101","202411160829","2567",435
"2d85d6ec39840f8051854b028fa13073","10840","22060205","202411160829","2567",1977
"2d85d6ec39840f8051854b028fa13073","10839","22050101","202411160829","2567",691
"2d85d6ec39840f8051854b028fa13073","03864","35040301","202411161416","2567",402
"2d85d6ec39840f8051854b028fa13073","07102","61040603","202411161210","2567",42
"2d85d6ec39840f8051854b028fa13073","04094","37010201","202411161230","2567",3
"2d85d6ec39840f8051854b028fa13073","05436","46160405","202411162356","2567",1
"2d85d6ec39840f8051854b028fa13073","10709","46010100","202411162356","2567",2633
"2d85d6ec39840f8051854b028fa13073","10836","22030712","202411160829","2567",496
"2d85d6ec39840f8051854b028fa13073","10835","22030100","202411160829","2567",149
"2d85d6ec39840f8051854b028fa13073","10834","22020100","202411160829","2567",573
"2d85d6ec39840f8051854b028fa13073","10664","22010200","202411160829","2567",8131
"2d85d6ec39840f8051854b028fa13073","10678","72010100","202411160500","2567",596
"2d85d6ec39840f8051854b028fa13073","11229","62020104","202411162115","2567",992
"2d85d6ec39840f8051854b028fa13073","06803","57150301","202411160817","2567",1
"2d85d6ec39840f8051854b028fa13073","06650","57012103","202411160817","2567",2
"2d85d6ec39840f8051854b028fa13073","10841","22070101","202411160829","2567",316
"2d85d6ec39840f8051854b028fa13073","11185","56040201","202411162002","2567",1842
"2d85d6ec39840f8051854b028fa13073","11186","56050208","202411162002","2567",56
"2d85d6ec39840f8051854b028fa13073","10722","63010100","202411171024","2567",1744
"2d85d6ec39840f8051854b028fa13073","10723","63060100","202411171024","2567",1769
"2d85d6ec39840f8051854b028fa13073","10684","95010100","202411161907","2567",1598
"2d85d6ec39840f8051854b028fa13073","10749","95020100","202411161907","2567",221
"2d85d6ec39840f8051854b028fa13073","11432","95030107","202411161907","2567",28
"2d85d6ec39840f8051854b028fa13073","11433","95040101","202411161907","2567",86
"2d85d6ec39840f8051854b028fa13073","11434","95060101","202411161907","2567",777
"2d85d6ec39840f8051854b028fa13073","11461","95050106","202411161907","2567",389
"2d85d6ec39840f8051854b028fa13073","09539","90090904","202411160331","2567",4
"2d85d6ec39840f8051854b028fa13073","11359","84050104","202411181135","2567",215
"2d85d6ec39840f8051854b028fa13073","11077","46020107","202411162356","2567",532
"2d85d6ec39840f8051854b028fa13073","11078","46030111","202411162356","2567",680
"2d85d6ec39840f8051854b028fa13073","07908","70040602","202411161016","2567",22
"2d85d6ec39840f8051854b028fa13073","07752","67030902","202411161110","2567",1
"2d85d6ec39840f8051854b028fa13073","13806","95070105","202411161907","2567",40
"2d85d6ec39840f8051854b028fa13073","10054","95040307","202411161907","2567",36
"2d85d6ec39840f8051854b028fa13073","10051","95040301","202411161907","2567",11
"2d85d6ec39840f8051854b028fa13073","00941","11011401","202411161438","2567",275
"2d85d6ec39840f8051854b028fa13073","00943","11011610","202411161438","2567",400
"2d85d6ec39840f8051854b028fa13073","00942","11011501","202411161438","2567",421
"2d85d6ec39840f8051854b028fa13073","00945","11020106","202411161438","2567",14
"2d85d6ec39840f8051854b028fa13073","00944","11011702","202411161438","2567",304
"2d85d6ec39840f8051854b028fa13073","04690","42030303","202411162249","2567",557
"2d85d6ec39840f8051854b028fa13073","10733","72070100","202411160500","2567",11704
"2d85d6ec39840f8051854b028fa13073","04689","42030207","202411162249","2567",15
"2d85d6ec39840f8051854b028fa13073","11289","72020102","202411160500","2567",210
"2d85d6ec39840f8051854b028fa13073","07907","70040506","202411161016","2567",20
"2d85d6ec39840f8051854b028fa13073","04688","42030201","202411162249","2567",14
"2d85d6ec39840f8051854b028fa13073","04698","42030601","202411162249","2567",1399
"2d85d6ec39840f8051854b028fa13073","04700","42030801","202411162249","2567",9
"2d85d6ec39840f8051854b028fa13073","07906","70040406","202411161016","2567",6
"2d85d6ec39840f8051854b028fa13073","04701","42040102","202411162249","2567",2
"2d85d6ec39840f8051854b028fa13073","04702","42040201","202411162249","2567",15
"2d85d6ec39840f8051854b028fa13073","07789","67050305","202411161110","2567",1
"2d85d6ec39840f8051854b028fa13073","04704","42040304","202411162249","2567",1
"2d85d6ec39840f8051854b028fa13073","06058","51010901","202411161533","2567",21
"2d85d6ec39840f8051854b028fa13073","10737","77010100","202411160745","2567",1575
"2d85d6ec39840f8051854b028fa13073","05508","47080505","202411220522","2567",199
"2d85d6ec39840f8051854b028fa13073","05505","47080310","202411220522","2567",1054
"2d85d6ec39840f8051854b028fa13073","02190","24010904","202411162304","2567",1
"2d85d6ec39840f8051854b028fa13073","01702","19021304","202411161522","2567",6
"2d85d6ec39840f8051854b028fa13073","03865","35040401","202411161416","2567",1148
"2d85d6ec39840f8051854b028fa13073","03866","35041303","202411161416","2567",1268
"2d85d6ec39840f8051854b028fa13073","03867","35040507","202411161416","2567",952
"2d85d6ec39840f8051854b028fa13073","03868","35040602","202411161416","2567",925
"2d85d6ec39840f8051854b028fa13073","03869","35040709","202411161416","2567",2914
"2d85d6ec39840f8051854b028fa13073","03870","35040707","202411161416","2567",649
"2d85d6ec39840f8051854b028fa13073","03871","35040803","202411161416","2567",730
"2d85d6ec39840f8051854b028fa13073","07905","70040303","202411161016","2567",28
"2d85d6ec39840f8051854b028fa13073","11263","66080204","202411171156","2567",673
"2d85d6ec39840f8051854b028fa13073","11262","66070105","202411171156","2567",2106
"2d85d6ec39840f8051854b028fa13073","11261","66060102","202411171156","2567",1031
"2d85d6ec39840f8051854b028fa13073","11260","66050309","202411171156","2567",1041
"2d85d6ec39840f8051854b028fa13073","11259","66030102","202411171156","2567",527
"2d85d6ec39840f8051854b028fa13073","11258","66020101","202411171156","2567",380
"2d85d6ec39840f8051854b028fa13073","10726","66010100","202411171156","2567",798
"2d85d6ec39840f8051854b028fa13073","07651","66041109","202411171156","2567",6
"2d85d6ec39840f8051854b028fa13073","10987","37040102","202411161230","2567",1441
"2d85d6ec39840f8051854b028fa13073","06057","51010801","202411161533","2567",41
"2d85d6ec39840f8051854b028fa13073","10988","37050101","202411161230","2567",1362
"2d85d6ec39840f8051854b028fa13073","11315","77020105","202411160745","2567",1056
"2d85d6ec39840f8051854b028fa13073","06084","51040203","202411161533","2567",6
"2d85d6ec39840f8051854b028fa13073","11316","77030306","202411160745","2567",1409
"2d85d6ec39840f8051854b028fa13073","11317","77040105","202411160745","2567",2294
"2d85d6ec39840f8051854b028fa13073","04809","38010201","202411161120","2567",192
"2d85d6ec39840f8051854b028fa13073","04810","38010304","202411161120","2567",240
"2d85d6ec39840f8051854b028fa13073","11113","49020111","202411160957","2567",1505
"2d85d6ec39840f8051854b028fa13073","10712","49010100","202411160957","2567",5451
"2d85d6ec39840f8051854b028fa13073","11118","49070604","202411160957","2567",707
"2d85d6ec39840f8051854b028fa13073","11117","49060109","202411160957","2567",429
"2d85d6ec39840f8051854b028fa13073","11116","49051412","202411160957","2567",977
"2d85d6ec39840f8051854b028fa13073","11318","77050104","202411160745","2567",472
"2d85d6ec39840f8051854b028fa13073","11319","77060805","202411160745","2567",483
"2d85d6ec39840f8051854b028fa13073","11238","63020107","202411171024","2567",31
"2d85d6ec39840f8051854b028fa13073","11239","63030104","202411171024","2567",941
"2d85d6ec39840f8051854b028fa13073","10792","16050207","202411171229","2567",283
"2d85d6ec39840f8051854b028fa13073","10990","37070101","202411161230","2567",1761
"2d85d6ec39840f8051854b028fa13073","10989","37060807","202411161230","2567",2271
"2d85d6ec39840f8051854b028fa13073","41436","83010608","202411161109","2567",87
"2d85d6ec39840f8051854b028fa13073","03872","35040806","202411161416","2567",416
"2d85d6ec39840f8051854b028fa13073","03874","35040903","202411161416","2567",728
"2d85d6ec39840f8051854b028fa13073","09773","93010405","202411120931","2567",3
"2d85d6ec39840f8051854b028fa13073","10462","57150101","202411160817","2567",2
"2d85d6ec39840f8051854b028fa13073","11175","55040306","202411210738","2567",63
"2d85d6ec39840f8051854b028fa13073","11174","55030205","202411210738","2567",125
"2d85d6ec39840f8051854b028fa13073","03875","35041006","202411161416","2567",581
"2d85d6ec39840f8051854b028fa13073","03876","35041102","202411161416","2567",1302
"2d85d6ec39840f8051854b028fa13073","03879","35050202","202411161416","2567",191
"2d85d6ec39840f8051854b028fa13073","03880","35050305","202411161416","2567",2754
"2d85d6ec39840f8051854b028fa13073","03877","35041201","202411161416","2567",508
"2d85d6ec39840f8051854b028fa13073","09782","93011008","202411120931","2567",159
"2d85d6ec39840f8051854b028fa13073","09781","93010908","202411120931","2567",2
"2d85d6ec39840f8051854b028fa13073","09779","93010807","202411120931","2567",27
"2d85d6ec39840f8051854b028fa13073","09777","93010708","202411120931","2567",11
"2d85d6ec39840f8051854b028fa13073","09776","93010607","202411120931","2567",78
"2d85d6ec39840f8051854b028fa13073","09784","93011103","202411120931","2567",46
"2d85d6ec39840f8051854b028fa13073","09785","93011101","202411120931","2567",5
"2d85d6ec39840f8051854b028fa13073","09787","93011209","202411120931","2567",6
"2d85d6ec39840f8051854b028fa13073","09791","93011311","202411120931","2567",23
"2d85d6ec39840f8051854b028fa13073","09788","93011302","202411120931","2567",23
"2d85d6ec39840f8051854b028fa13073","09789","93011306","202411120931","2567",17
"2d85d6ec39840f8051854b028fa13073","10699","27010102","202411161635","2567",3716
"2d85d6ec39840f8051854b028fa13073","03759","34210201","202411162219","2567",2
"2d85d6ec39840f8051854b028fa13073","02554","30011909","202411260951","2567",240
"2d85d6ec39840f8051854b028fa13073","07097","61040204","202411161210","2567",96
"2d85d6ec39840f8051854b028fa13073","07117","61050901","202411161210","2567",91
"2d85d6ec39840f8051854b028fa13073","02268","24080303","202411162304","2567",2
"2d85d6ec39840f8051854b028fa13073","02214","24030407","202411162304","2567",11
"2d85d6ec39840f8051854b028fa13073","01607","18010206","202411161433","2567",45
"2d85d6ec39840f8051854b028fa13073","01610","18010501","202411161433","2567",26
"2d85d6ec39840f8051854b028fa13073","01613","18010710","202411161433","2567",7
"2d85d6ec39840f8051854b028fa13073","01611","18010602","202411161433","2567",30
"2d85d6ec39840f8051854b028fa13073","01614","18010803","202411161433","2567",2
"2d85d6ec39840f8051854b028fa13073","01616","18010903","202411161433","2567",2
"2d85d6ec39840f8051854b028fa13073","01617","18010908","202411161433","2567",15
"2d85d6ec39840f8051854b028fa13073","01621","18020401","202411161433","2567",4
"2d85d6ec39840f8051854b028fa13073","01620","18020302","202411161433","2567",1
"2d85d6ec39840f8051854b028fa13073","09001","81020201","202411161753","2567",87
"2d85d6ec39840f8051854b028fa13073","77753","81011607","202411161753","2567",99
"2d85d6ec39840f8051854b028fa13073","11187","56060601","202411162002","2567",929
"2d85d6ec39840f8051854b028fa13073","10698","26010106","202411160806","2567",3500
"2d85d6ec39840f8051854b028fa13073","02548","30011307","202411260951","2567",1
"2d85d6ec39840f8051854b028fa13073","07491","65011402","202411170404","2567",62
"2d85d6ec39840f8051854b028fa13073","11292","72050801","202411160500","2567",300
"2d85d6ec39840f8051854b028fa13073","04707","42040406","202411162249","2567",3
"2d85d6ec39840f8051854b028fa13073","04708","42040501","202411162249","2567",38
"2d85d6ec39840f8051854b028fa13073","04710","42050202","202411162249","2567",61
"2d85d6ec39840f8051854b028fa13073","06259","53010805","202411161819","2567",197
"2d85d6ec39840f8051854b028fa13073","06263","53011007","202411161819","2567",233
"2d85d6ec39840f8051854b028fa13073","06265","53011203","202411161819","2567",239
"2d85d6ec39840f8051854b028fa13073","06268","53011401","202411161819","2567",186
"2d85d6ec39840f8051854b028fa13073","11188","56070209","202411162002","2567",386
"2d85d6ec39840f8051854b028fa13073","10867","27030101","202411161635","2567",2796
"2d85d6ec39840f8051854b028fa13073","10866","27020101","202411161635","2567",1331
"2d85d6ec39840f8051854b028fa13073","10980","36120101","202411161543","2567",29
"2d85d6ec39840f8051854b028fa13073","03998","36060310","202411161543","2567",1
"2d85d6ec39840f8051854b028fa13073","10785","15040104","202411161054","2567",84
"2d85d6ec39840f8051854b028fa13073","01699","19021108","202411161522","2567",53
"2d85d6ec39840f8051854b028fa13073","10793","16070109","202411171229","2567",376
"2d85d6ec39840f8051854b028fa13073","01700","19021110","202411161522","2567",3
"2d85d6ec39840f8051854b028fa13073","04817","38010910","202411161120","2567",334
"2d85d6ec39840f8051854b028fa13073","01251","14070305","202411170522","2567",17
"2d85d6ec39840f8051854b028fa13073","40744","56080200","202411162002","2567",178
"2d85d6ec39840f8051854b028fa13073","11176","55060906","202411210738","2567",96
"2d85d6ec39840f8051854b028fa13073","11181","55110104","202411210738","2567",64
"2d85d6ec39840f8051854b028fa13073","04000","36060502","202411161543","2567",5
"2d85d6ec39840f8051854b028fa13073","10981","36130705","202411161543","2567",3383
"2d85d6ec39840f8051854b028fa13073","01355","15010305","202411161054","2567",1
"2d85d6ec39840f8051854b028fa13073","10786","15050101","202411161054","2567",676
"2d85d6ec39840f8051854b028fa13073","07123","61060402","202411161210","2567",28
"2d85d6ec39840f8051854b028fa13073","03881","35050306","202411161416","2567",278
"2d85d6ec39840f8051854b028fa13073","07121","61060306","202411161210","2567",13
"2d85d6ec39840f8051854b028fa13073","04814","38010605","202411161120","2567",164
"2d85d6ec39840f8051854b028fa13073","04815","38010705","202411161120","2567",277
"2d85d6ec39840f8051854b028fa13073","04816","38010806","202411161120","2567",191
"2d85d6ec39840f8051854b028fa13073","06269","53011503","202411161819","2567",1625
"2d85d6ec39840f8051854b028fa13073","11164","53080501","202411161819","2567",343
"2d85d6ec39840f8051854b028fa13073","10788","15070110","202411161054","2567",211
"2d85d6ec39840f8051854b028fa13073","07125","61060504","202411161210","2567",19
"2d85d6ec39840f8051854b028fa13073","10787","15060204","202411161054","2567",136
"2d85d6ec39840f8051854b028fa13073","04820","38011011","202411161120","2567",98
"2d85d6ec39840f8051854b028fa13073","04818","38010907","202411161120","2567",418
"2d85d6ec39840f8051854b028fa13073","10784","15030200","202411161054","2567",9
"2d85d6ec39840f8051854b028fa13073","07109","61041004","202411161210","2567",239
"2d85d6ec39840f8051854b028fa13073","09045","81080203","202411161753","2567",1
"2d85d6ec39840f8051854b028fa13073","04821","38011101","202411161120","2567",136
"2d85d6ec39840f8051854b028fa13073","01363","15011003","202411161054","2567",2
"2d85d6ec39840f8051854b028fa13073","04849","38030509","202411161120","2567",13
"2d85d6ec39840f8051854b028fa13073","07107","61040904","202411161210","2567",509
"2d85d6ec39840f8051854b028fa13073","01371","15020405","202411161054","2567",95
"2d85d6ec39840f8051854b028fa13073","04850","38030610","202411161120","2567",19
"2d85d6ec39840f8051854b028fa13073","04851","38030604","202411161120","2567",61
"2d85d6ec39840f8051854b028fa13073","01369","15020204","202411161054","2567",14
"2d85d6ec39840f8051854b028fa13073","04871","38040402","202411161120","2567",127
"2d85d6ec39840f8051854b028fa13073","01368","15020101","202411161054","2567",2
"2d85d6ec39840f8051854b028fa13073","04870","38040316","202411161120","2567",1
"2d85d6ec39840f8051854b028fa13073","01379","15030301","202411161054","2567",4
"2d85d6ec39840f8051854b028fa13073","07135","61070604","202411161210","2567",49
"2d85d6ec39840f8051854b028fa13073","01372","15020501","202411161054","2567",58
"2d85d6ec39840f8051854b028fa13073","04869","38040210","202411161120","2567",13
"2d85d6ec39840f8051854b028fa13073","01373","15020703","202411161054","2567",2
"2d85d6ec39840f8051854b028fa13073","04852","38030708","202411161120","2567",5
"2d85d6ec39840f8051854b028fa13073","04872","38040411","202411161120","2567",5
"2d85d6ec39840f8051854b028fa13073","01376","15020902","202411161054","2567",1
"2d85d6ec39840f8051854b028fa13073","04711","42050206","202411162249","2567",1
"2d85d6ec39840f8051854b028fa13073","04713","42050401","202411162249","2567",206
"2d85d6ec39840f8051854b028fa13073","02200","24011813","202411162304","2567",5
"2d85d6ec39840f8051854b028fa13073","02196","24011502","202411162304","2567",3
"2d85d6ec39840f8051854b028fa13073","02205","24020809","202411162304","2567",8
"2d85d6ec39840f8051854b028fa13073","02219","24030802","202411162304","2567",1
"2d85d6ec39840f8051854b028fa13073","04874","38040510","202411161120","2567",212
"2d85d6ec39840f8051854b028fa13073","04876","38040604","202411161120","2567",6
"2d85d6ec39840f8051854b028fa13073","10800","17040403","202411160814","2567",824
"2d85d6ec39840f8051854b028fa13073","10801","17050204","202411160814","2567",564
"2d85d6ec39840f8051854b028fa13073","01424","15061501","202411161054","2567",102
"2d85d6ec39840f8051854b028fa13073","11114","49030107","202411160957","2567",840
"2d85d6ec39840f8051854b028fa13073","11115","49040103","202411160957","2567",1098
"2d85d6ec39840f8051854b028fa13073","01704","19021501","202411161522","2567",172
"2d85d6ec39840f8051854b028fa13073","10790","16030105","202411171229","2567",76
"2d85d6ec39840f8051854b028fa13073","01705","19021505","202411161522","2567",237
"2d85d6ec39840f8051854b028fa13073","01728","19040501","202411161522","2567",136
"2d85d6ec39840f8051854b028fa13073","10789","16020106","202411171229","2567",228
"2d85d6ec39840f8051854b028fa13073","09071","82020302","202411170213","2567",124
"2d85d6ec39840f8051854b028fa13073","09069","82020202","202411170213","2567",107
"2d85d6ec39840f8051854b028fa13073","10740","82050200","202411170213","2567",1186
"2d85d6ec39840f8051854b028fa13073","11347","82020102","202411170213","2567",42
"2d85d6ec39840f8051854b028fa13073","11304","74020100","202411160810","2567",137
"2d85d6ec39840f8051854b028fa13073","10734","74010100","202411160810","2567",1321
"2d85d6ec39840f8051854b028fa13073","00946","11020203","202411161438","2567",8
"2d85d6ec39840f8051854b028fa13073","09021","81040608","202411161753","2567",643
"2d85d6ec39840f8051854b028fa13073","09016","81040311","202411161753","2567",13
"2d85d6ec39840f8051854b028fa13073","04714","42050506","202411162249","2567",33
"2d85d6ec39840f8051854b028fa13073","04716","42050609","202411162249","2567",90
"2d85d6ec39840f8051854b028fa13073","04715","42050613","202411162249","2567",137
"2d85d6ec39840f8051854b028fa13073","04721","42051003","202411162249","2567",104
"2d85d6ec39840f8051854b028fa13073","06278","53030208","202411161819","2567",187
"2d85d6ec39840f8051854b028fa13073","04873","38040504","202411161120","2567",10
"2d85d6ec39840f8051854b028fa13073","07904","70040205","202411161016","2567",22
"2d85d6ec39840f8051854b028fa13073","11060","44110102","202411160803","2567",2111
"2d85d6ec39840f8051854b028fa13073","01375","15020901","202411161054","2567",7
"2d85d6ec39840f8051854b028fa13073","01382","15030601","202411161054","2567",12
"2d85d6ec39840f8051854b028fa13073","04813","38010508","202411161120","2567",149
"2d85d6ec39840f8051854b028fa13073","01384","15030802","202411161054","2567",1
"2d85d6ec39840f8051854b028fa13073","07126","61060604","202411161210","2567",35
"2d85d6ec39840f8051854b028fa13073","04811","38010401","202411161120","2567",195
"2d85d6ec39840f8051854b028fa13073","04812","38010404","202411161120","2567",882
"2d85d6ec39840f8051854b028fa13073","04879","38040901","202411161120","2567",48
"2d85d6ec39840f8051854b028fa13073","01383","15030706","202411161054","2567",18
"2d85d6ec39840f8051854b028fa13073","01386","15040202","202411161054","2567",72
"2d85d6ec39840f8051854b028fa13073","01387","15040305","202411161054","2567",13
"2d85d6ec39840f8051854b028fa13073","04847","38030409","202411161120","2567",16
"2d85d6ec39840f8051854b028fa13073","01385","15030809","202411161054","2567",3
"2d85d6ec39840f8051854b028fa13073","01388","15040401","202411161054","2567",160
"2d85d6ec39840f8051854b028fa13073","01390","15040509","202411161054","2567",4
"2d85d6ec39840f8051854b028fa13073","01391","15040603","202411161054","2567",436
"2d85d6ec39840f8051854b028fa13073","01393","15040805","202411161054","2567",8
"2d85d6ec39840f8051854b028fa13073","01392","15040702","202411161054","2567",8
"2d85d6ec39840f8051854b028fa13073","01396","15041007","202411161054","2567",8
"2d85d6ec39840f8051854b028fa13073","01395","15041002","202411161054","2567",54
"2d85d6ec39840f8051854b028fa13073","01394","15040901","202411161054","2567",22
"2d85d6ec39840f8051854b028fa13073","01398","15041201","202411161054","2567",392
"2d85d6ec39840f8051854b028fa13073","01397","15041104","202411161054","2567",43
"2d85d6ec39840f8051854b028fa13073","01399","15041306","202411161054","2567",1
"2d85d6ec39840f8051854b028fa13073","01401","15041502","202411161054","2567",4
"2d85d6ec39840f8051854b028fa13073","01402","15041508","202411161054","2567",160
"2d85d6ec39840f8051854b028fa13073","01422","15061302","202411161054","2567",834
"2d85d6ec39840f8051854b028fa13073","01421","15061206","202411161054","2567",1233
"2d85d6ec39840f8051854b028fa13073","01420","15061105","202411161054","2567",704
"2d85d6ec39840f8051854b028fa13073","06881","58060301","202411160906","2567",1
"2d85d6ec39840f8051854b028fa13073","06842","58020301","202411160906","2567",4
"2d85d6ec39840f8051854b028fa13073","06840","58020103","202411160906","2567",3
"2d85d6ec39840f8051854b028fa13073","06885","58070106","202411160906","2567",22
"2d85d6ec39840f8051854b028fa13073","06887","58070301","202411160906","2567",6
"2d85d6ec39840f8051854b028fa13073","06888","58070401","202411160906","2567",533
"2d85d6ec39840f8051854b028fa13073","10493","58020205","202411160906","2567",123
"2d85d6ec39840f8051854b028fa13073","06849","58030201","202411160906","2567",4
"2d85d6ec39840f8051854b028fa13073","10719","58010100","202411160906","2567",2827
"2d85d6ec39840f8051854b028fa13073","11203","58020101","202411160906","2567",22
"2d85d6ec39840f8051854b028fa13073","04717","42050702","202411162249","2567",50
"2d85d6ec39840f8051854b028fa13073","04718","42050706","202411162249","2567",65
"2d85d6ec39840f8051854b028fa13073","04719","42050804","202411162249","2567",70
"2d85d6ec39840f8051854b028fa13073","04720","42050902","202411162249","2567",17
"2d85d6ec39840f8051854b028fa13073","04723","42060301","202411162249","2567",16
"2d85d6ec39840f8051854b028fa13073","11204","58030101","202411160906","2567",1323
"2d85d6ec39840f8051854b028fa13073","01417","15060802","202411161054","2567",598
"2d85d6ec39840f8051854b028fa13073","06858","58030701","202411160906","2567",236
"2d85d6ec39840f8051854b028fa13073","10691","16061902","202411171229","2567",893
"2d85d6ec39840f8051854b028fa13073","09046","81080206","202411161753","2567",101
"2d85d6ec39840f8051854b028fa13073","04722","42060202","202411162249","2567",62
"2d85d6ec39840f8051854b028fa13073","04724","42060408","202411162249","2567",14
"2d85d6ec39840f8051854b028fa13073","10824","20080101","202411152301","2567",30
"2d85d6ec39840f8051854b028fa13073","04725","42060501","202411162249","2567",11
"2d85d6ec39840f8051854b028fa13073","10825","20090301","202411152301","2567",183
"2d85d6ec39840f8051854b028fa13073","04726","42070205","202411162249","2567",204
"2d85d6ec39840f8051854b028fa13073","10826","20100101","202411152301","2567",24
"2d85d6ec39840f8051854b028fa13073","04728","42070401","202411162249","2567",159
"2d85d6ec39840f8051854b028fa13073","28006","20110114","202411152301","2567",138
"2d85d6ec39840f8051854b028fa13073","04729","42070403","202411162249","2567",151
"2d85d6ec39840f8051854b028fa13073","04730","42070501","202411162249","2567",148
"2d85d6ec39840f8051854b028fa13073","10862","25090104","202411161333","2567",13
"2d85d6ec39840f8051854b028fa13073","04731","42070601","202411162249","2567",200
"2d85d6ec39840f8051854b028fa13073","04732","42080105","202411162249","2567",4
"2d85d6ec39840f8051854b028fa13073","04733","42080202","202411162249","2567",29
"2d85d6ec39840f8051854b028fa13073","01416","15060712","202411161054","2567",292
"2d85d6ec39840f8051854b028fa13073","10791","16040111","202411171229","2567",13
"2d85d6ec39840f8051854b028fa13073","10703","37010106","202411161230","2567",1094
"2d85d6ec39840f8051854b028fa13073","01415","15060706","202411161054","2567",2
"2d85d6ec39840f8051854b028fa13073","04844","38030316","202411161120","2567",162
"2d85d6ec39840f8051854b028fa13073","06279","53030301","202411161819","2567",232
"2d85d6ec39840f8051854b028fa13073","06283","53030501","202411161819","2567",119
"2d85d6ec39840f8051854b028fa13073","04826","38020508","202411161120","2567",13
"2d85d6ec39840f8051854b028fa13073","04825","38020411","202411161120","2567",2
"2d85d6ec39840f8051854b028fa13073","10690","16010601","202411171229","2567",2263
"2d85d6ec39840f8051854b028fa13073","10686","12010406","202411161541","2567",1700
"2d85d6ec39840f8051854b028fa13073","10756","12020108","202411161541","2567",456
"2d85d6ec39840f8051854b028fa13073","41768","12020503","202411161541","2567",1
"2d85d6ec39840f8051854b028fa13073","01057","12060305","202411161541","2567",12
"2d85d6ec39840f8051854b028fa13073","01036","12040507","202411161541","2567",19
"2d85d6ec39840f8051854b028fa13073","01035","12040408","202411161541","2567",16
"2d85d6ec39840f8051854b028fa13073","01030","12040207","202411161541","2567",8
"2d85d6ec39840f8051854b028fa13073","28875","12040708","202411161541","2567",6
"2d85d6ec39840f8051854b028fa13073","10760","12060105","202411161541","2567",98
"2d85d6ec39840f8051854b028fa13073","01018","12020805","202411161541","2567",1
"2d85d6ec39840f8051854b028fa13073","01008","12020205","202411161541","2567",9
"2d85d6ec39840f8051854b028fa13073","01410","15060103","202411161054","2567",207
"2d85d6ec39840f8051854b028fa13073","04824","38020201","202411161120","2567",2
"2d85d6ec39840f8051854b028fa13073","01412","15060403","202411161054","2567",54
"2d85d6ec39840f8051854b028fa13073","04822","38011204","202411161120","2567",213
"2d85d6ec39840f8051854b028fa13073","10660","14010104","202411170522","2567",2680
"2d85d6ec39840f8051854b028fa13073","10688","14120301","202411170522","2567",69
"2d85d6ec39840f8051854b028fa13073","10768","14020100","202411170522","2567",694
"2d85d6ec39840f8051854b028fa13073","10769","14030302","202411170522","2567",139
"2d85d6ec39840f8051854b028fa13073","10770","14040102","202411170522","2567",129
"2d85d6ec39840f8051854b028fa13073","10772","14060111","202411170522","2567",76
"2d85d6ec39840f8051854b028fa13073","11358","84030105","202411181135","2567",21
"2d85d6ec39840f8051854b028fa13073","11357","84020709","202411181135","2567",428
"2d85d6ec39840f8051854b028fa13073","10681","84010202","202411181135","2567",186
"2d85d6ec39840f8051854b028fa13073","10742","84040101","202411181135","2567",3424
"2d85d6ec39840f8051854b028fa13073","06862","58040404","202411160906","2567",2
"2d85d6ec39840f8051854b028fa13073","13932","38010305","202411161120","2567",42
"2d85d6ec39840f8051854b028fa13073","11207","58060203","202411160906","2567",222
"2d85d6ec39840f8051854b028fa13073","13935","38080101","202411161120","2567",185
"2d85d6ec39840f8051854b028fa13073","04890","38070301","202411161120","2567",167
"2d85d6ec39840f8051854b028fa13073","03882","35050312","202411161416","2567",2692
"2d85d6ec39840f8051854b028fa13073","03883","35050404","202411161416","2567",913
"2d85d6ec39840f8051854b028fa13073","03884","35050503","202411161416","2567",2764
"2d85d6ec39840f8051854b028fa13073","10967","35060104","202411161416","2567",1077
"2d85d6ec39840f8051854b028fa13073","10968","35070401","202411161416","2567",5125
"2d85d6ec39840f8051854b028fa13073","11356","83030101","202411161109","2567",873
"2d85d6ec39840f8051854b028fa13073","11355","83020203","202411161109","2567",614
"2d85d6ec39840f8051854b028fa13073","10741","83010100","202411161109","2567",854
"2d85d6ec39840f8051854b028fa13073","09630","91040201","202411170417","2567",11
"2d85d6ec39840f8051854b028fa13073","11178","55080402","202411210738","2567",177
"2d85d6ec39840f8051854b028fa13073","11205","58040201","202411160906","2567",837
"2d85d6ec39840f8051854b028fa13073","01414","15060606","202411161054","2567",94
"2d85d6ec39840f8051854b028fa13073","04888","38060409","202411161120","2567",206
"2d85d6ec39840f8051854b028fa13073","11206","58050109","202411160906","2567",272
"2d85d6ec39840f8051854b028fa13073","09047","81080305","202411161753","2567",103
"2d85d6ec39840f8051854b028fa13073","09048","81080308","202411161753","2567",24
"2d85d6ec39840f8051854b028fa13073","01418","15060904","202411161054","2567",101
"2d85d6ec39840f8051854b028fa13073","09051","81080505","202411161753","2567",114
"2d85d6ec39840f8051854b028fa13073","09049","81080401","202411161753","2567",14
"2d85d6ec39840f8051854b028fa13073","01411","15060301","202411161054","2567",189
"2d85d6ec39840f8051854b028fa13073","04889","38070206","202411161120","2567",173
"2d85d6ec39840f8051854b028fa13073","09053","81080603","202411161753","2567",117
"2d85d6ec39840f8051854b028fa13073","04891","38070303","202411161120","2567",217
"2d85d6ec39840f8051854b028fa13073","06868","58040804","202411160906","2567",8
"2d85d6ec39840f8051854b028fa13073","10969","35090101","202411161416","2567",1865
"2d85d6ec39840f8051854b028fa13073","11444","35080301","202411161416","2567",16636
"2d85d6ec39840f8051854b028fa13073","13882","35020404","202411161416","2567",33
"2d85d6ec39840f8051854b028fa13073","40745","56090100","202411162002","2567",263
"2d85d6ec39840f8051854b028fa13073","11177","55070111","202411210738","2567",180
"2d85d6ec39840f8051854b028fa13073","11402","91020206","202411170417","2567",130
"2d85d6ec39840f8051854b028fa13073","04734","42080209","202411162249","2567",123
"2d85d6ec39840f8051854b028fa13073","07028","60110104","202411161628","2567",1
"2d85d6ec39840f8051854b028fa13073","09786","93011203","202411120931","2567",16
"2d85d6ec39840f8051854b028fa13073","09870","93080409","202411120931","2567",98
"2d85d6ec39840f8051854b028fa13073","09055","81080708","202411161753","2567",103
"2d85d6ec39840f8051854b028fa13073","11320","77070100","202411160745","2567",392
"2d85d6ec39840f8051854b028fa13073","11321","77080506","202411160745","2567",1470
"2d85d6ec39840f8051854b028fa13073","06294","53040402","202411161819","2567",257
"2d85d6ec39840f8051854b028fa13073","06293","53040303","202411161819","2567",116
"2d85d6ec39840f8051854b028fa13073","06292","53040301","202411161819","2567",52
"2d85d6ec39840f8051854b028fa13073","06291","53040204","202411161819","2567",500
"2d85d6ec39840f8051854b028fa13073","06290","53040102","202411161819","2567",22
"2d85d6ec39840f8051854b028fa13073","06295","53040403","202411161819","2567",8
"2d85d6ec39840f8051854b028fa13073","06297","53040602","202411161819","2567",86
"2d85d6ec39840f8051854b028fa13073","06296","53040504","202411161819","2567",567
"2d85d6ec39840f8051854b028fa13073","10053","95040306","202411161907","2567",25
"2d85d6ec39840f8051854b028fa13073","10052","95040302","202411161907","2567",4
"2d85d6ec39840f8051854b028fa13073","06307","53070203","202411161819","2567",444
"2d85d6ec39840f8051854b028fa13073","06308","53070205","202411161819","2567",346
"2d85d6ec39840f8051854b028fa13073","06310","53070302","202411161819","2567",65
"2d85d6ec39840f8051854b028fa13073","09631","91040302","202411170417","2567",61
"2d85d6ec39840f8051854b028fa13073","09632","91040307","202411170417","2567",81
"2d85d6ec39840f8051854b028fa13073","11406","91060108","202411170417","2567",239
"2d85d6ec39840f8051854b028fa13073","13884","35060509","202411161416","2567",21
"2d85d6ec39840f8051854b028fa13073","09633","91040404","202411170417","2567",16
"2d85d6ec39840f8051854b028fa13073","10746","91010100","202411170417","2567",458
"2d85d6ec39840f8051854b028fa13073","09649","91070108","202411170417","2567",2
"2d85d6ec39840f8051854b028fa13073","09647","91060505","202411170417","2567",82
"2d85d6ec39840f8051854b028fa13073","09645","91060303","202411170417","2567",9
"2d85d6ec39840f8051854b028fa13073","06311","53070401","202411161819","2567",1082
"2d85d6ec39840f8051854b028fa13073","04735","42080301","202411162249","2567",46
"2d85d6ec39840f8051854b028fa13073","06319","53071104","202411161819","2567",154
"2d85d6ec39840f8051854b028fa13073","06322","53080303","202411161819","2567",91
"2d85d6ec39840f8051854b028fa13073","06321","53080207","202411161819","2567",118
"2d85d6ec39840f8051854b028fa13073","06318","53071003","202411161819","2567",247
"2d85d6ec39840f8051854b028fa13073","06320","53080202","202411161819","2567",826
"2d85d6ec39840f8051854b028fa13073","10050","95040201","202411161907","2567",30
"2d85d6ec39840f8051854b028fa13073","01131","13060311","202411170211","2567",18
"2d85d6ec39840f8051854b028fa13073","01130","13060206","202411170211","2567",1
"2d85d6ec39840f8051854b028fa13073","10748","94010100","202411161703","2567",2641
"2d85d6ec39840f8051854b028fa13073","11460","94070100","202411161703","2567",672
"2d85d6ec39840f8051854b028fa13073","11430","94100601","202411161703","2567",166
"2d85d6ec39840f8051854b028fa13073","11429","94090802","202411161703","2567",33
"2d85d6ec39840f8051854b028fa13073","11428","94080104","202411161703","2567",51
"2d85d6ec39840f8051854b028fa13073","11427","94060101","202411161703","2567",18
"2d85d6ec39840f8051854b028fa13073","11423","94020203","202411161703","2567",137
"2d85d6ec39840f8051854b028fa13073","11424","94030502","202411161703","2567",46
"2d85d6ec39840f8051854b028fa13073","10687","13010105","202411170211","2567",695
"2d85d6ec39840f8051854b028fa13073","10761","13020607","202411170211","2567",633
"2d85d6ec39840f8051854b028fa13073","10762","13030302","202411170211","2567",2281
"2d85d6ec39840f8051854b028fa13073","10763","13030100","202411170211","2567",418
"2d85d6ec39840f8051854b028fa13073","10764","13040106","202411170211","2567",529
"2d85d6ec39840f8051854b028fa13073","10765","13050104","202411170211","2567",2
"2d85d6ec39840f8051854b028fa13073","10766","13060609","202411170211","2567",873
"2d85d6ec39840f8051854b028fa13073","10767","13070706","202411170211","2567",189
"2d85d6ec39840f8051854b028fa13073","10676","65010100","202411170404","2567",76
"2d85d6ec39840f8051854b028fa13073","10674","57010100","202411160817","2567",3334
"2d85d6ec39840f8051854b028fa13073","11189","57040120","202411160817","2567",1064
"2d85d6ec39840f8051854b028fa13073","10773","14070805","202411170522","2567",438
"2d85d6ec39840f8051854b028fa13073","10774","14080505","202411170522","2567",187
"2d85d6ec39840f8051854b028fa13073","09792","93011401","202411120931","2567",46
"2d85d6ec39840f8051854b028fa13073","13885","35080612","202411161416","2567",230
"2d85d6ec39840f8051854b028fa13073","09793","93011402","202411120931","2567",62
"2d85d6ec39840f8051854b028fa13073","09794","93011504","202411120931","2567",32
"2d85d6ec39840f8051854b028fa13073","09796","93020103","202411120931","2567",41
"2d85d6ec39840f8051854b028fa13073","09797","93020202","202411120931","2567",30
"2d85d6ec39840f8051854b028fa13073","09799","93020312","202411120931","2567",46
"2d85d6ec39840f8051854b028fa13073","11240","63040104","202411171024","2567",907
"2d85d6ec39840f8051854b028fa13073","11241","63050202","202411171024","2567",748
"2d85d6ec39840f8051854b028fa13073","04739","42080604","202411162249","2567",16
"2d85d6ec39840f8051854b028fa13073","11242","63070102","202411171024","2567",8223
"2d85d6ec39840f8051854b028fa13073","11252","65040107","202411170404","2567",634
"2d85d6ec39840f8051854b028fa13073","11253","65050611","202411170404","2567",566
"2d85d6ec39840f8051854b028fa13073","11251","65030105","202411170404","2567",435
"2d85d6ec39840f8051854b028fa13073","11254","65060101","202411170404","2567",412
"2d85d6ec39840f8051854b028fa13073","11255","65070101","202411170404","2567",1592
"2d85d6ec39840f8051854b028fa13073","11256","65080105","202411170404","2567",1702
"2d85d6ec39840f8051854b028fa13073","11257","65090602","202411170404","2567",601
"2d85d6ec39840f8051854b028fa13073","11455","65020107","202411170404","2567",363
"2d85d6ec39840f8051854b028fa13073","07566","65061004","202411170404","2567",48
"2d85d6ec39840f8051854b028fa13073","10982","36140203","202411161543","2567",486
"2d85d6ec39840f8051854b028fa13073","10983","36150105","202411161543","2567",132
"2d85d6ec39840f8051854b028fa13073","10992","39030115","202411161115","2567",308
"2d85d6ec39840f8051854b028fa13073","01725","19040104","202411161522","2567",106
"2d85d6ec39840f8051854b028fa13073","01726","19040107","202411161522","2567",106
"2d85d6ec39840f8051854b028fa13073","09803","93020502","202411120931","2567",49
"2d85d6ec39840f8051854b028fa13073","03905","35070309","202411161416","2567",208
"2d85d6ec39840f8051854b028fa13073","11179","55090105","202411210738","2567",298
"2d85d6ec39840f8051854b028fa13073","11180","55100214","202411210738","2567",338
"2d85d6ec39840f8051854b028fa13073","09802","93020406","202411120931","2567",26
"2d85d6ec39840f8051854b028fa13073","09800","93020304","202411120931","2567",91
"2d85d6ec39840f8051854b028fa13073","09804","93020504","202411120931","2567",34
"2d85d6ec39840f8051854b028fa13073","09795","93011505","202411120931","2567",91
"2d85d6ec39840f8051854b028fa13073","07557","65060309","202411170404","2567",31
"2d85d6ec39840f8051854b028fa13073","07559","65060505","202411170404","2567",66
"2d85d6ec39840f8051854b028fa13073","07563","65060801","202411170404","2567",27
"2d85d6ec39840f8051854b028fa13073","09808","93030208","202411120931","2567",169
"2d85d6ec39840f8051854b028fa13073","09809","93030501","202411120931","2567",99
"2d85d6ec39840f8051854b028fa13073","09814","93030704","202411120931","2567",351
"2d85d6ec39840f8051854b028fa13073","09813","93030608","202411120931","2567",48
"2d85d6ec39840f8051854b028fa13073","09810","93030505","202411120931","2567",86
"2d85d6ec39840f8051854b028fa13073","09817","93040205","202411120931","2567",1
"2d85d6ec39840f8051854b028fa13073","09821","93040105","202411120931","2567",5
"2d85d6ec39840f8051854b028fa13073","11299","73031801","202411160913","2567",250
"2d85d6ec39840f8051854b028fa13073","09057","81080806","202411161753","2567",5
"2d85d6ec39840f8051854b028fa13073","10738","81010100","202411161753","2567",5037
"2d85d6ec39840f8051854b028fa13073","06093","51040901","202411161533","2567",2
"2d85d6ec39840f8051854b028fa13073","09818","93040207","202411120931","2567",8
"2d85d6ec39840f8051854b028fa13073","02223","24031014","202411162304","2567",19
"2d85d6ec39840f8051854b028fa13073","02228","24040602","202411162304","2567",1
"2d85d6ec39840f8051854b028fa13073","09823","93040304","202411120931","2567",21
"2d85d6ec39840f8051854b028fa13073","09822","93040301","202411120931","2567",18
"2d85d6ec39840f8051854b028fa13073","09827","93050205","202411120931","2567",124
"2d85d6ec39840f8051854b028fa13073","09825","93040308","202411120931","2567",14
"2d85d6ec39840f8051854b028fa13073","09853","93060508","202411120931","2567",4
"2d85d6ec39840f8051854b028fa13073","11376","86020902","202411161546","2567",2031
"2d85d6ec39840f8051854b028fa13073","11378","86030512","202411161546","2567",58
"2d85d6ec39840f8051854b028fa13073","09828","93050402","202411120931","2567",47
"2d85d6ec39840f8051854b028fa13073","09829","93050403","202411120931","2567",83
"2d85d6ec39840f8051854b028fa13073","09831","93050503","202411120931","2567",173
"2d85d6ec39840f8051854b028fa13073","09830","93050412","202411120931","2567",49
"2d85d6ec39840f8051854b028fa13073","04887","38060303","202411161120","2567",189
"2d85d6ec39840f8051854b028fa13073","11379","86041205","202411161546","2567",184
"2d85d6ec39840f8051854b028fa13073","03906","35080204","202411161416","2567",163
"2d85d6ec39840f8051854b028fa13073","11380","86040904","202411161546","2567",50
"2d85d6ec39840f8051854b028fa13073","03897","35060906","202411161416","2567",42
"2d85d6ec39840f8051854b028fa13073","00947","11020208","202411161438","2567",12
"2d85d6ec39840f8051854b028fa13073","11464","94110101","202411161703","2567",281
"2d85d6ec39840f8051854b028fa13073","09851","93060502","202411120931","2567",6
"2d85d6ec39840f8051854b028fa13073","10828","21020201","202411162134","2567",18121
"2d85d6ec39840f8051854b028fa13073","10868","27040106","202411161635","2567",1779
"2d85d6ec39840f8051854b028fa13073","03903","35070210","202411161416","2567",34
"2d85d6ec39840f8051854b028fa13073","10869","27050111","202411161635","2567",1985
"2d85d6ec39840f8051854b028fa13073","11381","86050107","202411161546","2567",325
"2d85d6ec39840f8051854b028fa13073","09848","93060403","202411120931","2567",3
"2d85d6ec39840f8051854b028fa13073","10870","27060101","202411161635","2567",5164
"2d85d6ec39840f8051854b028fa13073","09842","93060203","202411120931","2567",1
"2d85d6ec39840f8051854b028fa13073","11182","55120203","202411210738","2567",45
"2d85d6ec39840f8051854b028fa13073","09841","93051602","202411120931","2567",83
"2d85d6ec39840f8051854b028fa13073","09840","93051310","202411120931","2567",56
"2d85d6ec39840f8051854b028fa13073","09839","93051211","202411120931","2567",89
"2d85d6ec39840f8051854b028fa13073","11183","55130102","202411210738","2567",229
"2d85d6ec39840f8051854b028fa13073","11453","55051406","202411210738","2567",1039
"2d85d6ec39840f8051854b028fa13073","09834","93050902","202411120931","2567",103
"2d85d6ec39840f8051854b028fa13073","09835","93051007","202411120931","2567",216
"2d85d6ec39840f8051854b028fa13073","09838","93051108","202411120931","2567",33
"2d85d6ec39840f8051854b028fa13073","03900","35070404","202411161416","2567",67
"2d85d6ec39840f8051854b028fa13073","11382","86060108","202411161546","2567",477
"2d85d6ec39840f8051854b028fa13073","03901","35070103","202411161416","2567",43
"2d85d6ec39840f8051854b028fa13073","09837","93051101","202411120931","2567",63
"2d85d6ec39840f8051854b028fa13073","11625","55150101","202411210738","2567",84
"2d85d6ec39840f8051854b028fa13073","00948","11020303","202411161438","2567",5
"2d85d6ec39840f8051854b028fa13073","00949","11020305","202411161438","2567",18
"2d85d6ec39840f8051854b028fa13073","00950","11020308","202411161438","2567",8
"2d85d6ec39840f8051854b028fa13073","00951","11020404","202411161438","2567",71
"2d85d6ec39840f8051854b028fa13073","00952","11020501","202411161438","2567",12
"2d85d6ec39840f8051854b028fa13073","00953","11020513","202411161438","2567",20
"2d85d6ec39840f8051854b028fa13073","09836","93051008","202411120931","2567",44
"2d85d6ec39840f8051854b028fa13073","00954","11020606","202411161438","2567",6
"2d85d6ec39840f8051854b028fa13073","10842","22080103","202411160829","2567",878
"2d85d6ec39840f8051854b028fa13073","00955","11020707","202411161438","2567",24
"2d85d6ec39840f8051854b028fa13073","09833","93050806","202411120931","2567",84
"2d85d6ec39840f8051854b028fa13073","11340","81020109","202411161753","2567",2678
"2d85d6ec39840f8051854b028fa13073","06323","53080406","202411161819","2567",65
"2d85d6ec39840f8051854b028fa13073","03904","35070304","202411161416","2567",31
"2d85d6ec39840f8051854b028fa13073","10985","37020108","202411161230","2567",1674
"2d85d6ec39840f8051854b028fa13073","07209","62050404","202411162115","2567",969
"2d85d6ec39840f8051854b028fa13073","11431","94120106","202411161703","2567",13
"2d85d6ec39840f8051854b028fa13073","10843","22090112","202411160829","2567",4171
"2d85d6ec39840f8051854b028fa13073","00956","11020806","202411161438","2567",54
"2d85d6ec39840f8051854b028fa13073","09832","93050601","202411120931","2567",71
"2d85d6ec39840f8051854b028fa13073","00957","11030203","202411161438","2567",87
"2d85d6ec39840f8051854b028fa13073","00958","11030210","202411161438","2567",68
"2d85d6ec39840f8051854b028fa13073","09859","93070105","202411120931","2567",34
"2d85d6ec39840f8051854b028fa13073","00960","11030314","202411161438","2567",24
"2d85d6ec39840f8051854b028fa13073","09862","93070302","202411120931","2567",33
"2d85d6ec39840f8051854b028fa13073","00959","11030306","202411161438","2567",32
"2d85d6ec39840f8051854b028fa13073","06326","53080601","202411161819","2567",92
"2d85d6ec39840f8051854b028fa13073","00961","11030401","202411161438","2567",29
"2d85d6ec39840f8051854b028fa13073","00962","11030813","202411161438","2567",68
"2d85d6ec39840f8051854b028fa13073","00963","11030906","202411161438","2567",13
"2d85d6ec39840f8051854b028fa13073","00964","11040205","202411161438","2567",28
"2d85d6ec39840f8051854b028fa13073","00965","11040301","202411161438","2567",49
"2d85d6ec39840f8051854b028fa13073","00966","11040411","202411161438","2567",54
"2d85d6ec39840f8051854b028fa13073","00967","11040116","202411161438","2567",87
"2d85d6ec39840f8051854b028fa13073","00968","110406nu","202411161438","2567",63
"2d85d6ec39840f8051854b028fa13073","00969","11040804","202411161438","2567",115
"2d85d6ec39840f8051854b028fa13073","00970","11040904","202411161438","2567",100
"2d85d6ec39840f8051854b028fa13073","00971","11041010","202411161438","2567",52
"2d85d6ec39840f8051854b028fa13073","00972","11041107","202411161438","2567",39
"2d85d6ec39840f8051854b028fa13073","00974","11041212","202411161438","2567",33
"2d85d6ec39840f8051854b028fa13073","00973","11041202","202411161438","2567",24
"2d85d6ec39840f8051854b028fa13073","11079","46040101","202411162356","2567",17
"2d85d6ec39840f8051854b028fa13073","00977","11041507","202411161438","2567",46
"2d85d6ec39840f8051854b028fa13073","00976","11041403","202411161438","2567",27
"2d85d6ec39840f8051854b028fa13073","00978","11040708","202411161438","2567",22
"2d85d6ec39840f8051854b028fa13073","00975","11041309","202411161438","2567",56
"2d85d6ec39840f8051854b028fa13073","00979","11050101","202411161438","2567",1
"2d85d6ec39840f8051854b028fa13073","00984","11050309","202411161438","2567",30
"2d85d6ec39840f8051854b028fa13073","00985","11050503","202411161438","2567",55
"2d85d6ec39840f8051854b028fa13073","00986","11050508","202411161438","2567",79
"2d85d6ec39840f8051854b028fa13073","00980","11050103","202411161438","2567",211
"2d85d6ec39840f8051854b028fa13073","00981","11050106","202411161438","2567",37
"2d85d6ec39840f8051854b028fa13073","09865","93080106","202411120931","2567",86
"2d85d6ec39840f8051854b028fa13073","06094","51040905","202411161533","2567",28
"2d85d6ec39840f8051854b028fa13073","23367","39060100","202411161115","2567",319
"2d85d6ec39840f8051854b028fa13073","09863","93070308","202411120931","2567",31
"2d85d6ec39840f8051854b028fa13073","14006","53030704","202411161819","2567",39
"2d85d6ec39840f8051854b028fa13073","09872","93080407","202411120931","2567",65
"2d85d6ec39840f8051854b028fa13073","03911","35080509","202411161416","2567",66
"2d85d6ec39840f8051854b028fa13073","03913","35080701","202411161416","2567",14
"2d85d6ec39840f8051854b028fa13073","13817","27070106","202411161635","2567",1302
"2d85d6ec39840f8051854b028fa13073","00983","11050306","202411161438","2567",56
"2d85d6ec39840f8051854b028fa13073","09869","93080302","202411120931","2567",499
"2d85d6ec39840f8051854b028fa13073","14007","53080504","202411161819","2567",51
"2d85d6ec39840f8051854b028fa13073","06327","53080605","202411161819","2567",160
"2d85d6ec39840f8051854b028fa13073","06331","53090103","202411161819","2567",373
"2d85d6ec39840f8051854b028fa13073","06330","53090101","202411161819","2567",250
"2d85d6ec39840f8051854b028fa13073","11343","81050107","202411161753","2567",1514
"2d85d6ec39840f8051854b028fa13073","11342","81040109","202411161753","2567",593
"2d85d6ec39840f8051854b028fa13073","11208","58070101","202411160906","2567",230
"2d85d6ec39840f8051854b028fa13073","01727","19040304","202411161522","2567",84
"2d85d6ec39840f8051854b028fa13073","00982","11050203","202411161438","2567",20
"2d85d6ec39840f8051854b028fa13073","03908","35080207","202411161416","2567",16
"2d85d6ec39840f8051854b028fa13073","03915","35081011","202411161416","2567",196
"2d85d6ec39840f8051854b028fa13073","09873","93080604","202411120931","2567",73
"2d85d6ec39840f8051854b028fa13073","06332","53090214","202411161819","2567",360
"2d85d6ec39840f8051854b028fa13073","10993","39040107","202411161115","2567",4
"2d85d6ec39840f8051854b028fa13073","10994","39050606","202411161115","2567",62
"2d85d6ec39840f8051854b028fa13073","11341","81030101","202411161753","2567",2598
"2d85d6ec39840f8051854b028fa13073","09874","93090104","202411120931","2567",11
"2d85d6ec39840f8051854b028fa13073","11349","82040602","202411170213","2567",1229
"2d85d6ec39840f8051854b028fa13073","11348","82030301","202411170213","2567",295
"2d85d6ec39840f8051854b028fa13073","10735","75010100","202411160519","2567",207
"2d85d6ec39840f8051854b028fa13073","10739","82010100","202411170213","2567",1755
"2d85d6ec39840f8051854b028fa13073","11158","53020202","202411161819","2567",948
"2d85d6ec39840f8051854b028fa13073","04786","43010601","202411160718","2567",260
"2d85d6ec39840f8051854b028fa13073","04785","43010505","202411160718","2567",166
"2d85d6ec39840f8051854b028fa13073","04784","43010403","202411160718","2567",81
"2d85d6ec39840f8051854b028fa13073","04783","43010307","202411160718","2567",159
"2d85d6ec39840f8051854b028fa13073","04782","43010207","202411160718","2567",125
"2d85d6ec39840f8051854b028fa13073","04788","43010808","202411160718","2567",179
"2d85d6ec39840f8051854b028fa13073","04787","43010706","202411160718","2567",204
"2d85d6ec39840f8051854b028fa13073","00987","11060101","202411161438","2567",116
"2d85d6ec39840f8051854b028fa13073","04789","43010805","202411160718","2567",27
"2d85d6ec39840f8051854b028fa13073","04790","43010901","202411160718","2567",156
"2d85d6ec39840f8051854b028fa13073","04791","43011001","202411160718","2567",166
"2d85d6ec39840f8051854b028fa13073","04792","43011014","202411160718","2567",150
"2d85d6ec39840f8051854b028fa13073","04793","43011105","202411160718","2567",138
"2d85d6ec39840f8051854b028fa13073","04795","43011603","202411160718","2567",155
"2d85d6ec39840f8051854b028fa13073","01064","12060803","202411161541","2567",3
"2d85d6ec39840f8051854b028fa13073","10757","12030103","202411161541","2567",545
"2d85d6ec39840f8051854b028fa13073","10758","12040103","202411161541","2567",272
"2d85d6ec39840f8051854b028fa13073","10759","12050105","202411161541","2567",662
"2d85d6ec39840f8051854b028fa13073","11350","82050304","202411170213","2567",207
"2d85d6ec39840f8051854b028fa13073","11352","82060101","202411170213","2567",373
"2d85d6ec39840f8051854b028fa13073","25017","551401nu","202411210738","2567",121
"2d85d6ec39840f8051854b028fa13073","28849","27090104","202411161635","2567",685
"2d85d6ec39840f8051854b028fa13073","09877","93090211","202411120931","2567",22
"2d85d6ec39840f8051854b028fa13073","04794","43011303","202411160718","2567",228
"2d85d6ec39840f8051854b028fa13073","00988","11060109","202411161438","2567",25
"2d85d6ec39840f8051854b028fa13073","00990","11060201","202411161438","2567",19
"2d85d6ec39840f8051854b028fa13073","00991","11060301","202411161438","2567",26
"2d85d6ec39840f8051854b028fa13073","10752","11020401","202411161438","2567",2365
"2d85d6ec39840f8051854b028fa13073","10685","11010100","202411161438","2567",330
"2d85d6ec39840f8051854b028fa13073","10753","11030108","202411161438","2567",841
"2d85d6ec39840f8051854b028fa13073","13812","11011606","202411161438","2567",342
"2d85d6ec39840f8051854b028fa13073","23911","11020507","202411161438","2567",10
"2d85d6ec39840f8051854b028fa13073","10755","11050103","202411161438","2567",135
"2d85d6ec39840f8051854b028fa13073","10754","11040108","202411161438","2567",239
"2d85d6ec39840f8051854b028fa13073","11439","96070102","202411160625","2567",4
"2d85d6ec39840f8051854b028fa13073","10827","21011300","202411162134","2567",425
"2d85d6ec39840f8051854b028fa13073","10829","21030100","202411162134","2567",879
"2d85d6ec39840f8051854b028fa13073","09875","93090205","202411120931","2567",34
"2d85d6ec39840f8051854b028fa13073","10360","53040502","202411161819","2567",10
"2d85d6ec39840f8051854b028fa13073","10673","53010100","202411161819","2567",4378
"2d85d6ec39840f8051854b028fa13073","06334","53090401","202411161819","2567",326
"2d85d6ec39840f8051854b028fa13073","04886","38060201","202411161120","2567",196
"2d85d6ec39840f8051854b028fa13073","11160","53040104","202411161819","2567",692
"2d85d6ec39840f8051854b028fa13073","11162","53060203","202411161819","2567",763
"2d85d6ec39840f8051854b028fa13073","11452","54050109","202411161528","2567",86
"2d85d6ec39840f8051854b028fa13073","11159","53030101","202411161819","2567",882
"2d85d6ec39840f8051854b028fa13073","10084","95080103","202411161907","2567",4
"2d85d6ec39840f8051854b028fa13073","08438","73061007","202411160913","2567",2
"2d85d6ec39840f8051854b028fa13073","09880","93100201","202411120931","2567",59
"2d85d6ec39840f8051854b028fa13073","11161","53050101","202411161819","2567",795
"2d85d6ec39840f8051854b028fa13073","09878","93090303","202411120931","2567",21
"2d85d6ec39840f8051854b028fa13073","04796","43011702","202411160718","2567",139
"2d85d6ec39840f8051854b028fa13073","04797","43011801","202411160718","2567",87
"2d85d6ec39840f8051854b028fa13073","04798","43011907","202411160718","2567",81
"2d85d6ec39840f8051854b028fa13073","10714","51010711","202411161533","2567",7822
"2d85d6ec39840f8051854b028fa13073","11140","51020208","202411161533","2567",47
"2d85d6ec39840f8051854b028fa13073","10724","64010601","202411170639","2567",1259
"2d85d6ec39840f8051854b028fa13073","11344","81060105","202411161753","2567",1345
"2d85d6ec39840f8051854b028fa13073","11345","81070105","202411161753","2567",530
"2d85d6ec39840f8051854b028fa13073","10720","61010100","202411161210","2567",1236
"2d85d6ec39840f8051854b028fa13073","11346","81080101","202411161753","2567",1162
"2d85d6ec39840f8051854b028fa13073","14028","58070404","202411160906","2567",10
"2d85d6ec39840f8051854b028fa13073","01409","15050704","202411161054","2567",72
"2d85d6ec39840f8051854b028fa13073","11082","46080104","202411162356","2567",786
"2d85d6ec39840f8051854b028fa13073","04012","36070301","202411161543","2567",1
"2d85d6ec39840f8051854b028fa13073","11084","46100110","202411162356","2567",7997
"2d85d6ec39840f8051854b028fa13073","05512","47080802","202411220522","2567",1316
"2d85d6ec39840f8051854b028fa13073","11080","46060116","202411162356","2567",1850
"2d85d6ec39840f8051854b028fa13073","11081","46070120","202411162356","2567",314
"2d85d6ec39840f8051854b028fa13073","21323","47180300","202411220522","2567",548
"2d85d6ec39840f8051854b028fa13073","11083","46090710","202411162356","2567",797
"2d85d6ec39840f8051854b028fa13073","10710","47010100","202411220522","2567",8236
"2d85d6ec39840f8051854b028fa13073","04004","36061101","202411161543","2567",40
"2d85d6ec39840f8051854b028fa13073","23944","11040519","202411161438","2567",49
"2d85d6ec39840f8051854b028fa13073","23945","11010305","202411161438","2567",209
"2d85d6ec39840f8051854b028fa13073","11404","91040102","202411170417","2567",298
"2d85d6ec39840f8051854b028fa13073","04799","43020211","202411160718","2567",116
"2d85d6ec39840f8051854b028fa13073","04800","43020209","202411160718","2567",89
"2d85d6ec39840f8051854b028fa13073","04801","43020301","202411160718","2567",63
"2d85d6ec39840f8051854b028fa13073","04802","43020406","202411160718","2567",71
"2d85d6ec39840f8051854b028fa13073","04804","43020604","202411160718","2567",96
"2d85d6ec39840f8051854b028fa13073","04803","43020503","202411160718","2567",77
"2d85d6ec39840f8051854b028fa13073","04832","43050410","202411160718","2567",162
"2d85d6ec39840f8051854b028fa13073","04831","43050306","202411160718","2567",189
"2d85d6ec39840f8051854b028fa13073","04830","43050302","202411160718","2567",116
"2d85d6ec39840f8051854b028fa13073","04829","43050214","202411160718","2567",101
"2d85d6ec39840f8051854b028fa13073","04828","43050203","202411160718","2567",121
"2d85d6ec39840f8051854b028fa13073","04808","43021010","202411160718","2567",177
"2d85d6ec39840f8051854b028fa13073","04807","43020902","202411160718","2567",357
"2d85d6ec39840f8051854b028fa13073","04806","43020806","202411160718","2567",241
"2d85d6ec39840f8051854b028fa13073","04805","43020702","202411160718","2567",114
"2d85d6ec39840f8051854b028fa13073","11291","72040105","202411160500","2567",114
"2d85d6ec39840f8051854b028fa13073","04709","42040504","202411162249","2567",52
"2d85d6ec39840f8051854b028fa13073","04763","42140101","202411162249","2567",9
"2d85d6ec39840f8051854b028fa13073","14135","62100307","202411162115","2567",453
"2d85d6ec39840f8051854b028fa13073","11236","62090204","202411162115","2567",576
"2d85d6ec39840f8051854b028fa13073","11243","63080101","202411171024","2567",61
"2d85d6ec39840f8051854b028fa13073","04755","42091303","202411162249","2567",2
"2d85d6ec39840f8051854b028fa13073","04746","42090501","202411162249","2567",1
"2d85d6ec39840f8051854b028fa13073","04769","42110603","202411162249","2567",1
"2d85d6ec39840f8051854b028fa13073","13930","42130303","202411162249","2567",1
"2d85d6ec39840f8051854b028fa13073","14133","42130203","202411162249","2567",568
"2d85d6ec39840f8051854b028fa13073","14352","42010405","202411162249","2567",53
"2d85d6ec39840f8051854b028fa13073","14355","42140110","202411162249","2567",6
"2d85d6ec39840f8051854b028fa13073","28850","27080108","202411161635","2567",1004
"2d85d6ec39840f8051854b028fa13073","14109","95040203","202411161907","2567",12
"2d85d6ec39840f8051854b028fa13073","03916","35081102","202411161416","2567",874
"2d85d6ec39840f8051854b028fa13073","04892","38070401","202411161120","2567",284
"2d85d6ec39840f8051854b028fa13073","06873","58050506","202411160906","2567",1
"2d85d6ec39840f8051854b028fa13073","10986","37030308","202411161230","2567",1852
"2d85d6ec39840f8051854b028fa13073","11141","51030102","202411161533","2567",1547
"2d85d6ec39840f8051854b028fa13073","09881","93100203","202411120931","2567",84
"2d85d6ec39840f8051854b028fa13073","09884","93100408","202411120931","2567",67
"2d85d6ec39840f8051854b028fa13073","11143","51050103","202411161533","2567",3
"2d85d6ec39840f8051854b028fa13073","11145","51070106","202411161533","2567",44
"2d85d6ec39840f8051854b028fa13073","11144","51061107","202411161533","2567",822
"2d85d6ec39840f8051854b028fa13073","24689","95080203","202411161907","2567",120
"2d85d6ec39840f8051854b028fa13073","09882","93100304","202411120931","2567",77
"2d85d6ec39840f8051854b028fa13073","09885","93100404","202411120931","2567",62
"2d85d6ec39840f8051854b028fa13073","10814","19100102","202411161522","2567",1039
"2d85d6ec39840f8051854b028fa13073","10813","19080109","202411161522","2567",1727
"2d85d6ec39840f8051854b028fa13073","10811","19060104","202411161522","2567",502
"2d85d6ec39840f8051854b028fa13073","10812","19070102","202411161522","2567",227
"2d85d6ec39840f8051854b028fa13073","10808","19030100","202411161522","2567",233
"2d85d6ec39840f8051854b028fa13073","10810","19050606","202411161522","2567",333
"2d85d6ec39840f8051854b028fa13073","10809","19040203","202411161522","2567",108
"2d85d6ec39840f8051854b028fa13073","10807","19020108","202411161522","2567",1379
"2d85d6ec39840f8051854b028fa13073","10795","16090102","202411171229","2567",359
"2d85d6ec39840f8051854b028fa13073","10695","19090308","202411161522","2567",303
"2d85d6ec39840f8051854b028fa13073","02257","24060505","202411162304","2567",2
"2d85d6ec39840f8051854b028fa13073","02255","24060210","202411162304","2567",5
"2d85d6ec39840f8051854b028fa13073","02252","24060102","202411162304","2567",1
"2d85d6ec39840f8051854b028fa13073","10856","24090204","202411162304","2567",421
"2d85d6ec39840f8051854b028fa13073","10855","24080104","202411162304","2567",564
"2d85d6ec39840f8051854b028fa13073","10854","24060604","202411162304","2567",195
"2d85d6ec39840f8051854b028fa13073","23962","21080302","202411162134","2567",1521
"2d85d6ec39840f8051854b028fa13073","22734","21070202","202411162134","2567",274
"2d85d6ec39840f8051854b028fa13073","10832","21060101","202411162134","2567",1343
"2d85d6ec39840f8051854b028fa13073","10831","21050204","202411162134","2567",954
"2d85d6ec39840f8051854b028fa13073","10830","21040201","202411162134","2567",683
"2d85d6ec39840f8051854b028fa13073","03917","35081201","202411161416","2567",157
"2d85d6ec39840f8051854b028fa13073","11353","82070101","202411170213","2567",338
"2d85d6ec39840f8051854b028fa13073","11306","75020106","202411160519","2567",571
"2d85d6ec39840f8051854b028fa13073","11307","75030707","202411160519","2567",132
"2d85d6ec39840f8051854b028fa13073","04885","38060104","202411161120","2567",523
"2d85d6ec39840f8051854b028fa13073","04893","38070506","202411161120","2567",259
"2d85d6ec39840f8051854b028fa13073","11298","73030103","202411160913","2567",8
"2d85d6ec39840f8051854b028fa13073","11297","73021204","202411160913","2567",38
"2d85d6ec39840f8051854b028fa13073","09860","93070211","202411120931","2567",37
"2d85d6ec39840f8051854b028fa13073","04894","38080204","202411161120","2567",148
"2d85d6ec39840f8051854b028fa13073","09890","93110304","202411120931","2567",10
"2d85d6ec39840f8051854b028fa13073","24956","51080309","202411161533","2567",677
"2d85d6ec39840f8051854b028fa13073","14356","42130403","202411162249","2567",3
"2d85d6ec39840f8051854b028fa13073","01660","18060602","202411161433","2567",10
"2d85d6ec39840f8051854b028fa13073","09886","93110104","202411120931","2567",38
"2d85d6ec39840f8051854b028fa13073","10679","73010100","202411160913","2567",2211
"2d85d6ec39840f8051854b028fa13073","11244","64020202","202411170639","2567",413
"2d85d6ec39840f8051854b028fa13073","11383","86070107","202411161546","2567",1333
"2d85d6ec39840f8051854b028fa13073","10663","21010100","202411162134","2567",545
"2d85d6ec39840f8051854b028fa13073","10747","93010100","202411120931","2567",986
"2d85d6ec39840f8051854b028fa13073","11631","66120113","202411171156","2567",1005
"2d85d6ec39840f8051854b028fa13073","10844","22100210","202411160829","2567",573
"2d85d6ec39840f8051854b028fa13073","10240","38030404","202411161120","2567",11
"2d85d6ec39840f8051854b028fa13073","09891","93110403","202411120931","2567",2
"2d85d6ec39840f8051854b028fa13073","01659","18060505","202411161433","2567",54
"2d85d6ec39840f8051854b028fa13073","01656","18060202","202411161433","2567",7
"2d85d6ec39840f8051854b028fa13073","04841","43052104","202411160718","2567",193
"2d85d6ec39840f8051854b028fa13073","04840","43051311","202411160718","2567",178
"2d85d6ec39840f8051854b028fa13073","04839","43051301","202411160718","2567",110
"2d85d6ec39840f8051854b028fa13073","04853","43170101","202411160718","2567",41
"2d85d6ec39840f8051854b028fa13073","04838","43050901","202411160718","2567",135
"2d85d6ec39840f8051854b028fa13073","04837","43050806","202411160718","2567",297
"2d85d6ec39840f8051854b028fa13073","04836","43050815","202411160718","2567",200
"2d85d6ec39840f8051854b028fa13073","04835","43050701","202411160718","2567",108
"2d85d6ec39840f8051854b028fa13073","04834","43050606","202411160718","2567",127
"2d85d6ec39840f8051854b028fa13073","04833","43050413","202411160718","2567",173
"2d85d6ec39840f8051854b028fa13073","04854","43170106","202411160718","2567",75
"2d85d6ec39840f8051854b028fa13073","04842","43052201","202411160718","2567",107
"2d85d6ec39840f8051854b028fa13073","10689","15010200","202411161054","2567",605
"2d85d6ec39840f8051854b028fa13073","28010","62110103","202411162115","2567",525
"2d85d6ec39840f8051854b028fa13073","10782","15020605","202411161054","2567",170
"2d85d6ec39840f8051854b028fa13073","01429","15070507","202411161054","2567",51
"2d85d6ec39840f8051854b028fa13073","04772","42120208","202411162249","2567",4
"2d85d6ec39840f8051854b028fa13073","11354","82080109","202411170213","2567",717
"2d85d6ec39840f8051854b028fa13073","11221","61020101","202411161210","2567",1780
"2d85d6ec39840f8051854b028fa13073","04855","43070308","202411160718","2567",99
"2d85d6ec39840f8051854b028fa13073","04857","43070407","202411160718","2567",176
"2d85d6ec39840f8051854b028fa13073","04858","43070503","202411160718","2567",127
"2d85d6ec39840f8051854b028fa13073","04859","43070504","202411160718","2567",67
"2d85d6ec39840f8051854b028fa13073","04860","43170201","202411160718","2567",25
"2d85d6ec39840f8051854b028fa13073","11245","64030107","202411170639","2567",144
"2d85d6ec39840f8051854b028fa13073","04861","43170206","202411160718","2567",30
"2d85d6ec39840f8051854b028fa13073","04864","43080505","202411160718","2567",22
"2d85d6ec39840f8051854b028fa13073","04862","43170301","202411160718","2567",34
"2d85d6ec39840f8051854b028fa13073","11300","73040105","202411160913","2567",5
"2d85d6ec39840f8051854b028fa13073","28861","42140100","202411162249","2567",25
"2d85d6ec39840f8051854b028fa13073","11282","71060101","202411170856","2567",30
"2d85d6ec39840f8051854b028fa13073","11301","73050106","202411160913","2567",6
"2d85d6ec39840f8051854b028fa13073","04913","44010303","202411160803","2567",26
"2d85d6ec39840f8051854b028fa13073","04920","44010904","202411160803","2567",33
"2d85d6ec39840f8051854b028fa13073","04919","44010914","202411160803","2567",80
"2d85d6ec39840f8051854b028fa13073","04925","44011305","202411160803","2567",4
"2d85d6ec39840f8051854b028fa13073","04926","44011403","202411160803","2567",104
"2d85d6ec39840f8051854b028fa13073","04935","44030301","202411160803","2567",7
"2d85d6ec39840f8051854b028fa13073","11059","44100109","202411160803","2567",473
"2d85d6ec39840f8051854b028fa13073","11058","44090102","202411160803","2567",670
"2d85d6ec39840f8051854b028fa13073","11057","44080101","202411160803","2567",3312
"2d85d6ec39840f8051854b028fa13073","11056","44070102","202411160803","2567",324
"2d85d6ec39840f8051854b028fa13073","11055","44060101","202411160803","2567",600
"2d85d6ec39840f8051854b028fa13073","11054","44050105","202411160803","2567",426
"2d85d6ec39840f8051854b028fa13073","11053","44040102","202411160803","2567",463
"2d85d6ec39840f8051854b028fa13073","11051","44020107","202411160803","2567",337
"2d85d6ec39840f8051854b028fa13073","11052","44030113","202411160803","2567",2799
"2d85d6ec39840f8051854b028fa13073","10794","16080510","202411171229","2567",39
"2d85d6ec39840f8051854b028fa13073","10661","19010100","202411161522","2567",1571
"2d85d6ec39840f8051854b028fa13073","10852","24040113","202411162304","2567",83
"2d85d6ec39840f8051854b028fa13073","09887","93110105","202411120931","2567",34
"2d85d6ec39840f8051854b028fa13073","11246","64040202","202411170639","2567",415
"2d85d6ec39840f8051854b028fa13073","11247","64050103","202411170639","2567",443
"2d85d6ec39840f8051854b028fa13073","11040","38010101","202411161120","2567",2
"2d85d6ec39840f8051854b028fa13073","24410","11050510","202411161438","2567",13
"2d85d6ec39840f8051854b028fa13073","11416","93040101","202411120931","2567",301
"2d85d6ec39840f8051854b028fa13073","11248","64070204","202411170639","2567",559
"2d85d6ec39840f8051854b028fa13073","11041","38020308","202411161120","2567",1220
"2d85d6ec39840f8051854b028fa13073","11302","73060801","202411160913","2567",64
"2d85d6ec39840f8051854b028fa13073","11281","71040402","202411170856","2567",1
"2d85d6ec39840f8051854b028fa13073","11293","72060105","202411160500","2567",448
"2d85d6ec39840f8051854b028fa13073","11031","42030102","202411162249","2567",316
"2d85d6ec39840f8051854b028fa13073","11440","96080107","202411160625","2567",183
"2d85d6ec39840f8051854b028fa13073","11403","91030207","202411170417","2567",306
"2d85d6ec39840f8051854b028fa13073","11249","64080103","202411170639","2567",205
"2d85d6ec39840f8051854b028fa13073","24411","11060115","202411161438","2567",20
"2d85d6ec39840f8051854b028fa13073","11415","93030103","202411120931","2567",88
"2d85d6ec39840f8051854b028fa13073","11414","93020401","202411120931","2567",443
"2d85d6ec39840f8051854b028fa13073","43766","36011008","202411161543","2567",8
"2d85d6ec39840f8051854b028fa13073","13887","36010605","202411161543","2567",14
"2d85d6ec39840f8051854b028fa13073","11142","51040104","202411161533","2567",195
"2d85d6ec39840f8051854b028fa13073","11417","93050109","202411120931","2567",43
"2d85d6ec39840f8051854b028fa13073","11250","64090308","202411170639","2567",192
"2d85d6ec39840f8051854b028fa13073","07133","61061405","202411161210","2567",5
"2d85d6ec39840f8051854b028fa13073","04865","43080201","202411160718","2567",243
"2d85d6ec39840f8051854b028fa13073","01465","16020804","202411171229","2567",3
"2d85d6ec39840f8051854b028fa13073","10853","24050101","202411162304","2567",616
"2d85d6ec39840f8051854b028fa13073","10672","52010200","202411170022","2567",16394
"2d85d6ec39840f8051854b028fa13073","04900","43150201","202411160718","2567",56
"2d85d6ec39840f8051854b028fa13073","04778","42130201","202411162249","2567",3
"2d85d6ec39840f8051854b028fa13073","07793","67050607","202411161110","2567",1
"2d85d6ec39840f8051854b028fa13073","11030","42020106","202411162249","2567",557
"2d85d6ec39840f8051854b028fa13073","04868","43080409","202411160718","2567",67
"2d85d6ec39840f8051854b028fa13073","04896","43140114","202411160718","2567",98
"2d85d6ec39840f8051854b028fa13073","01787","19110703","202411161522","2567",90
"2d85d6ec39840f8051854b028fa13073","11405","91050106","202411170417","2567",483
"2d85d6ec39840f8051854b028fa13073","24029","11010303","202411161438","2567",204
"2d85d6ec39840f8051854b028fa13073","24028","11011507","202411161438","2567",162
"2d85d6ec39840f8051854b028fa13073","24027","11011602","202411161438","2567",711
"2d85d6ec39840f8051854b028fa13073","24412","11060102","202411161438","2567",50
"2d85d6ec39840f8051854b028fa13073","11303","73070101","202411160913","2567",15
"2d85d6ec39840f8051854b028fa13073","24675","11030808","202411161438","2567",41
"2d85d6ec39840f8051854b028fa13073","28785","11060112","202411161438","2567",38
"2d85d6ec39840f8051854b028fa13073","01658","18060501","202411161433","2567",61
"2d85d6ec39840f8051854b028fa13073","11085","46110501","202411162356","2567",790
"2d85d6ec39840f8051854b028fa13073","10705","42010101","202411162249","2567",2382
"2d85d6ec39840f8051854b028fa13073","11086","46120102","202411162356","2567",2281
"2d85d6ec39840f8051854b028fa13073","05551","47121203","202411220522","2567",528
"2d85d6ec39840f8051854b028fa13073","11043","38030102","202411161120","2567",981
"2d85d6ec39840f8051854b028fa13073","01661","18060611","202411161433","2567",85
"2d85d6ec39840f8051854b028fa13073","01665","18061107","202411161433","2567",25
"2d85d6ec39840f8051854b028fa13073","24702","11011504","202411161438","2567",358
"2d85d6ec39840f8051854b028fa13073","10725","64060108","202411170639","2567",1031
"2d85d6ec39840f8051854b028fa13073","01667","18070104","202411161433","2567",3
"2d85d6ec39840f8051854b028fa13073","05548","47121001","202411220522","2567",42
"2d85d6ec39840f8051854b028fa13073","05518","47081401","202411220522","2567",46
"2d85d6ec39840f8051854b028fa13073","05514","47081008","202411220522","2567",10
"2d85d6ec39840f8051854b028fa13073","11087","46130102","202411162356","2567",625
"2d85d6ec39840f8051854b028fa13073","11090","47030101","202411220522","2567",566
"2d85d6ec39840f8051854b028fa13073","11088","46140308","202411162356","2567",464
"2d85d6ec39840f8051854b028fa13073","11089","47020211","202411220522","2567",3187
"2d85d6ec39840f8051854b028fa13073","11449","46050113","202411162356","2567",2163
"2d85d6ec39840f8051854b028fa13073","28017","46160109","202411162356","2567",4256
"2d85d6ec39840f8051854b028fa13073","11091","47040110","202411220522","2567",1106
"2d85d6ec39840f8051854b028fa13073","28789","46180111","202411162356","2567",797
"2d85d6ec39840f8051854b028fa13073","11092","47050109","202411220522","2567",3387
"2d85d6ec39840f8051854b028fa13073","28790","46170206","202411162356","2567",34
"2d85d6ec39840f8051854b028fa13073","11093","47060113","202411220522","2567",3484
"2d85d6ec39840f8051854b028fa13073","28791","46150104","202411162356","2567",703
"2d85d6ec39840f8051854b028fa13073","11096","47090111","202411220522","2567",709
"2d85d6ec39840f8051854b028fa13073","11098","47110103","202411220522","2567",2025
"2d85d6ec39840f8051854b028fa13073","11095","47081209","202411220522","2567",4969
"2d85d6ec39840f8051854b028fa13073","11094","47070205","202411220522","2567",223
"2d85d6ec39840f8051854b028fa13073","11097","47100102","202411220522","2567",383
"2d85d6ec39840f8051854b028fa13073","11100","47140106","202411220522","2567",299
"2d85d6ec39840f8051854b028fa13073","11099","47130109","202411220522","2567",1249
"2d85d6ec39840f8051854b028fa13073","11032","42040101","202411162249","2567",853
"2d85d6ec39840f8051854b028fa13073","11035","42080101","202411162249","2567",222
"2d85d6ec39840f8051854b028fa13073","11034","42070106","202411162249","2567",2164
"2d85d6ec39840f8051854b028fa13073","11033","42060105","202411162249","2567",317
"2d85d6ec39840f8051854b028fa13073","07913","70041001","202411161016","2567",19
"2d85d6ec39840f8051854b028fa13073","11039","42120308","202411162249","2567",1931
"2d85d6ec39840f8051854b028fa13073","11036","42090103","202411162249","2567",1218
"2d85d6ec39840f8051854b028fa13073","11038","42110203","202411162249","2567",238
"2d85d6ec39840f8051854b028fa13073","10234","42060505","202411162249","2567",3
"2d85d6ec39840f8051854b028fa13073","27978","66090112","202411171156","2567",835
"2d85d6ec39840f8051854b028fa13073","01664","18060901","202411161433","2567",2
"2d85d6ec39840f8051854b028fa13073","03980","36041202","202411161543","2567",15
"2d85d6ec39840f8051854b028fa13073","11101","47150108","202411220522","2567",469
"2d85d6ec39840f8051854b028fa13073","10675","60010100","202411161628","2567",11497
"2d85d6ec39840f8051854b028fa13073","03977","36040903","202411161543","2567",1
"2d85d6ec39840f8051854b028fa13073","11209","60020107","202411161628","2567",101
"2d85d6ec39840f8051854b028fa13073","11214","60070114","202411161628","2567",92
"2d85d6ec39840f8051854b028fa13073","11212","60051302","202411161628","2567",17
"2d85d6ec39840f8051854b028fa13073","03966","36040215","202411161543","2567",1
"2d85d6ec39840f8051854b028fa13073","11210","60030404","202411161628","2567",5
"2d85d6ec39840f8051854b028fa13073","11211","60040103","202411161628","2567",26
"2d85d6ec39840f8051854b028fa13073","04897","43140211","202411160718","2567",309
"2d85d6ec39840f8051854b028fa13073","04898","43140312","202411160718","2567",164
"2d85d6ec39840f8051854b028fa13073","04899","43150102","202411160718","2567",52
"2d85d6ec39840f8051854b028fa13073","11394","90090101","202411160331","2567",168
"2d85d6ec39840f8051854b028fa13073","11393","90080303","202411160331","2567",199
"2d85d6ec39840f8051854b028fa13073","11392","90070105","202411160331","2567",1137
"2d85d6ec39840f8051854b028fa13073","11391","90060101","202411160331","2567",67
"2d85d6ec39840f8051854b028fa13073","11390","90050105","202411160331","2567",67
"2d85d6ec39840f8051854b028fa13073","11388","90040100","202411160331","2567",1548
"2d85d6ec39840f8051854b028fa13073","11387","90030102","202411160331","2567",331
"2d85d6ec39840f8051854b028fa13073","11386","90020101","202411160331","2567",56
"2d85d6ec39840f8051854b028fa13073","10682","90110100","202411160331","2567",17205
"2d85d6ec39840f8051854b028fa13073","10745","90010402","202411160331","2567",7475
"2d85d6ec39840f8051854b028fa13073","09575","90120307","202411160331","2567",2
"2d85d6ec39840f8051854b028fa13073","10776","14100303","202411170522","2567",744
"2d85d6ec39840f8051854b028fa13073","10775","14090102","202411170522","2567",380
"2d85d6ec39840f8051854b028fa13073","10777","14110405","202411170522","2567",91
"2d85d6ec39840f8051854b028fa13073","10778","14130101","202411170522","2567",378
"2d85d6ec39840f8051854b028fa13073","07802","67051401","202411161110","2567",3
"2d85d6ec39840f8051854b028fa13073","10779","14140605","202411170522","2567",147
"2d85d6ec39840f8051854b028fa13073","07914","70041006","202411161016","2567",16
"2d85d6ec39840f8051854b028fa13073","10780","14150106","202411170522","2567",277
"2d85d6ec39840f8051854b028fa13073","11266","67050201","202411161110","2567",211
"2d85d6ec39840f8051854b028fa13073","10781","14160201","202411170522","2567",403
"2d85d6ec39840f8051854b028fa13073","11102","47160202","202411220522","2567",1060
"2d85d6ec39840f8051854b028fa13073","11264","67020107","202411161110","2567",2
"2d85d6ec39840f8051854b028fa13073","09192","84050302","202411181135","2567",507
"2d85d6ec39840f8051854b028fa13073","07918","70041207","202411161016","2567",15
"2d85d6ec39840f8051854b028fa13073","14220","70040502","202411161016","2567",26
"2d85d6ec39840f8051854b028fa13073","14138","84170603","202411181135","2567",288
"2d85d6ec39840f8051854b028fa13073","07398","64030710","202411170639","2567",4
"2d85d6ec39840f8051854b028fa13073","14221","70040808","202411161016","2567",4
"2d85d6ec39840f8051854b028fa13073","28858","70100103","202411161016","2567",2
"2d85d6ec39840f8051854b028fa13073","10851","24030402","202411162304","2567",155
"2d85d6ec39840f8051854b028fa13073","10850","24020901","202411162304","2567",105
"2d85d6ec39840f8051854b028fa13073","10833","24100224","202411162304","2567",368
"2d85d6ec39840f8051854b028fa13073","10697","24010100","202411162304","2567",7344
"2d85d6ec39840f8051854b028fa13073","13747","24070301","202411162304","2567",63
"2d85d6ec39840f8051854b028fa13073","10796","16100311","202411171229","2567",1
"2d85d6ec39840f8051854b028fa13073","01785","19110709","202411161522","2567",13
"2d85d6ec39840f8051854b028fa13073","01781","19110401","202411161522","2567",2
"2d85d6ec39840f8051854b028fa13073","11213","60060201","202411161628","2567",525
"2d85d6ec39840f8051854b028fa13073","04057","36110501","202411161543","2567",1
"2d85d6ec39840f8051854b028fa13073","11215","60080101","202411161628","2567",1
"2d85d6ec39840f8051854b028fa13073","04056","36110407","202411161543","2567",29
"2d85d6ec39840f8051854b028fa13073","11217","60100108","202411161628","2567",436
"2d85d6ec39840f8051854b028fa13073","11218","60110108","202411161628","2567",381
"2d85d6ec39840f8051854b028fa13073","04054","36110301","202411161543","2567",42
"2d85d6ec39840f8051854b028fa13073","04055","36110413","202411161543","2567",1
"2d85d6ec39840f8051854b028fa13073","01499","16050303","202411171229","2567",88
"2d85d6ec39840f8051854b028fa13073","01778","19110107","202411161522","2567",24
"2d85d6ec39840f8051854b028fa13073","01500","16050402","202411171229","2567",37
"2d85d6ec39840f8051854b028fa13073","01777","19110112","202411161522","2567",16
"2d85d6ec39840f8051854b028fa13073","01501","16050414","202411171229","2567",39
"2d85d6ec39840f8051854b028fa13073","01502","16050507","202411171229","2567",115
"2d85d6ec39840f8051854b028fa13073","01503","16050603","202411171229","2567",44
"2d85d6ec39840f8051854b028fa13073","05596","48010407","202411152104","2567",196
"2d85d6ec39840f8051854b028fa13073","10815","19110209","202411161522","2567",1068
"2d85d6ec39840f8051854b028fa13073","10816","19120301","202411161522","2567",349
"2d85d6ec39840f8051854b028fa13073","01505","16050713","202411171229","2567",66
"2d85d6ec39840f8051854b028fa13073","05595","48010306","202411152104","2567",2
"2d85d6ec39840f8051854b028fa13073","01506","16050806","202411171229","2567",72
"2d85d6ec39840f8051854b028fa13073","01507","16050902","202411171229","2567",24
"2d85d6ec39840f8051854b028fa13073","01509","16051104","202411171229","2567",52
"2d85d6ec39840f8051854b028fa13073","31327","24110204","202411162304","2567",112
"2d85d6ec39840f8051854b028fa13073","10797","16110107","202411171229","2567",138
"2d85d6ec39840f8051854b028fa13073","05600","48010611","202411152104","2567",3
"2d85d6ec39840f8051854b028fa13073","01514","16060501","202411171229","2567",3
"2d85d6ec39840f8051854b028fa13073","01520","16060903","202411171229","2567",6
"2d85d6ec39840f8051854b028fa13073","05604","48010805","202411152104","2567",45
"2d85d6ec39840f8051854b028fa13073","01531","16062102","202411171229","2567",1
"2d85d6ec39840f8051854b028fa13073","05606","48010903","202411152104","2567",167
"2d85d6ec39840f8051854b028fa13073","05607","48011001","202411152104","2567",418
"2d85d6ec39840f8051854b028fa13073","05610","48011105","202411152104","2567",156
"2d85d6ec39840f8051854b028fa13073","05616","48011403","202411152104","2567",6
"2d85d6ec39840f8051854b028fa13073","05615","48011305","202411152104","2567",73
"2d85d6ec39840f8051854b028fa13073","05618","48020207","202411152104","2567",65
"2d85d6ec39840f8051854b028fa13073","05621","48020408","202411152104","2567",40
"2d85d6ec39840f8051854b028fa13073","05620","48020311","202411152104","2567",58
"2d85d6ec39840f8051854b028fa13073","05624","48020702","202411152104","2567",161
"2d85d6ec39840f8051854b028fa13073","05623","48020602","202411152104","2567",34
"2d85d6ec39840f8051854b028fa13073","05622","48020501","202411152104","2567",86
"2d85d6ec39840f8051854b028fa13073","05628","48030208","202411152104","2567",1
"2d85d6ec39840f8051854b028fa13073","05625","48020707","202411152104","2567",37
"2d85d6ec39840f8051854b028fa13073","40840","48120101","202411152104","2567",155
"2d85d6ec39840f8051854b028fa13073","05645","48040305","202411152104","2567",37
"2d85d6ec39840f8051854b028fa13073","05644","48040201","202411152104","2567",138
"2d85d6ec39840f8051854b028fa13073","05650","48040402","202411152104","2567",57
"2d85d6ec39840f8051854b028fa13073","05649","48040401","202411152104","2567",36
"2d85d6ec39840f8051854b028fa13073","05648","48040308","202411152104","2567",39
"2d85d6ec39840f8051854b028fa13073","05663","48050807","202411152104","2567",2
"2d85d6ec39840f8051854b028fa13073","05661","48050803","202411152104","2567",204
"2d85d6ec39840f8051854b028fa13073","05659","48050602","202411152104","2567",11
"2d85d6ec39840f8051854b028fa13073","05652","48040803","202411152104","2567",30
"2d85d6ec39840f8051854b028fa13073","05676","48070204","202411152104","2567",80
"2d85d6ec39840f8051854b028fa13073","05675","48060902","202411152104","2567",5
"2d85d6ec39840f8051854b028fa13073","05674","48060801","202411152104","2567",95
"2d85d6ec39840f8051854b028fa13073","05671","48060501","202411152104","2567",2
"2d85d6ec39840f8051854b028fa13073","05677","48070211","202411152104","2567",78
"2d85d6ec39840f8051854b028fa13073","05685","48070613","202411152104","2567",48
"2d85d6ec39840f8051854b028fa13073","05684","48070604","202411152104","2567",26
"2d85d6ec39840f8051854b028fa13073","05683","48070514","202411152104","2567",113
"2d85d6ec39840f8051854b028fa13073","05682","48070506","202411152104","2567",366
"2d85d6ec39840f8051854b028fa13073","05680","48070407","202411152104","2567",150
"2d85d6ec39840f8051854b028fa13073","05691","48120201","202411152104","2567",198
"2d85d6ec39840f8051854b028fa13073","05678","48070301","202411152104","2567",44
"2d85d6ec39840f8051854b028fa13073","05687","48070706","202411152104","2567",417
"2d85d6ec39840f8051854b028fa13073","11146","52020411","202411170022","2567",41
"2d85d6ec39840f8051854b028fa13073","11147","52030503","202411170022","2567",805
"2d85d6ec39840f8051854b028fa13073","11148","52040101","202411170022","2567",29
"2d85d6ec39840f8051854b028fa13073","11149","52050104","202411170022","2567",362
"2d85d6ec39840f8051854b028fa13073","11150","52060703","202411170022","2567",154
"2d85d6ec39840f8051854b028fa13073","11037","42100708","202411162249","2567",560
"2d85d6ec39840f8051854b028fa13073","11447","42050103","202411162249","2567",691
"2d85d6ec39840f8051854b028fa13073","13926","42050204","202411162249","2567",53
"2d85d6ec39840f8051854b028fa13073","04901","43150303","202411160718","2567",67
"2d85d6ec39840f8051854b028fa13073","04903","43150409","202411160718","2567",53
"2d85d6ec39840f8051854b028fa13073","04902","43150310","202411160718","2567",60
"2d85d6ec39840f8051854b028fa13073","04904","43150501","202411160718","2567",59
"2d85d6ec39840f8051854b028fa13073","05686","48070704","202411152104","2567",45
"2d85d6ec39840f8051854b028fa13073","05688","48070802","202411152104","2567",1299
"2d85d6ec39840f8051854b028fa13073","05690","48070901","202411152104","2567",38
"2d85d6ec39840f8051854b028fa13073","05692","48120104","202411152104","2567",15
"2d85d6ec39840f8051854b028fa13073","05695","48071301","202411152104","2567",51
"2d85d6ec39840f8051854b028fa13073","11287","71110101","202411170856","2567",38
"2d85d6ec39840f8051854b028fa13073","11223","61040105","202411161210","2567",738
"2d85d6ec39840f8051854b028fa13073","11222","61030101","202411161210","2567",1060
"2d85d6ec39840f8051854b028fa13073","41701","71120110","202411170856","2567",240
"2d85d6ec39840f8051854b028fa13073","10730","70070100","202411161016","2567",539
"2d85d6ec39840f8051854b028fa13073","07397","64030703","202411170639","2567",2
"2d85d6ec39840f8051854b028fa13073","07413","64040905","202411170639","2567",1
"2d85d6ec39840f8051854b028fa13073","10729","70050101","202411161016","2567",690
"2d85d6ec39840f8051854b028fa13073","28826","11011005","202411161438","2567",181
"2d85d6ec39840f8051854b028fa13073","04905","43150505","202411160718","2567",58
"2d85d6ec39840f8051854b028fa13073","27979","66100502","202411171156","2567",752
"2d85d6ec39840f8051854b028fa13073","09411","86060204","202411161546","2567",1
"2d85d6ec39840f8051854b028fa13073","11219","60120101","202411161628","2567",69
"2d85d6ec39840f8051854b028fa13073","04081","36130804","202411161543","2567",2
"2d85d6ec39840f8051854b028fa13073","04906","43160111","202411160718","2567",237
"2d85d6ec39840f8051854b028fa13073","05694","48071202","202411152104","2567",67
"2d85d6ec39840f8051854b028fa13073","13820","16050110","202411171229","2567",59
"2d85d6ec39840f8051854b028fa13073","10728","70041104","202411161016","2567",716
"2d85d6ec39840f8051854b028fa13073","24559","11050108","202411161438","2567",81
"2d85d6ec39840f8051854b028fa13073","11419","93070109","202411120931","2567",13
"2d85d6ec39840f8051854b028fa13073","11420","93080608","202411120931","2567",194
"2d85d6ec39840f8051854b028fa13073","04907","43160205","202411160718","2567",328
"2d85d6ec39840f8051854b028fa13073","04908","43160309","202411160718","2567",96
"2d85d6ec39840f8051854b028fa13073","04909","43160402","202411160718","2567",376
"2d85d6ec39840f8051854b028fa13073","04910","43160503","202411160718","2567",143
"2d85d6ec39840f8051854b028fa13073","14035","61060602","202411161210","2567",22
"2d85d6ec39840f8051854b028fa13073","11395","90100100","202411160331","2567",151
"2d85d6ec39840f8051854b028fa13073","11396","90120203","202411160331","2567",31
"2d85d6ec39840f8051854b028fa13073","05696","48120301","202411152104","2567",174
"2d85d6ec39840f8051854b028fa13073","05689","48070805","202411152104","2567",82
"2d85d6ec39840f8051854b028fa13073","04914","44010401","202411160803","2567",28
"2d85d6ec39840f8051854b028fa13073","11372","85030201","202411160658","2567",319
"2d85d6ec39840f8051854b028fa13073","03922","35081402","202411161416","2567",1
"2d85d6ec39840f8051854b028fa13073","10701","35010308","202411161416","2567",10949
"2d85d6ec39840f8051854b028fa13073","10707","44010102","202411160803","2567",10853
"2d85d6ec39840f8051854b028fa13073","10677","70010101","202411161016","2567",372
"2d85d6ec39840f8051854b028fa13073","05698","48080203","202411152104","2567",294
"2d85d6ec39840f8051854b028fa13073","05703","48080401","202411152104","2567",111
"2d85d6ec39840f8051854b028fa13073","07951","70060706","202411161016","2567",2
"2d85d6ec39840f8051854b028fa13073","11273","70030405","202411161016","2567",64
"2d85d6ec39840f8051854b028fa13073","11274","70060205","202411161016","2567",89
"2d85d6ec39840f8051854b028fa13073","11275","70070902","202411161016","2567",53
"2d85d6ec39840f8051854b028fa13073","04051","36101101","202411161543","2567",7
"2d85d6ec39840f8051854b028fa13073","11385","86080201","202411161546","2567",85
"2d85d6ec39840f8051854b028fa13073","10963","35020100","202411161416","2567",1635
"2d85d6ec39840f8051854b028fa13073","11323","85020303","202411160658","2567",2816
"2d85d6ec39840f8051854b028fa13073","05704","48080409","202411152104","2567",324
"2d85d6ec39840f8051854b028fa13073","13936","44010414","202411160803","2567",31
"2d85d6ec39840f8051854b028fa13073","24704","44120110","202411160803","2567",339
"2d85d6ec39840f8051854b028fa13073","28843","44130103","202411160803","2567",728
"2d85d6ec39840f8051854b028fa13073","14715","91060110","202411170417","2567",71
"2d85d6ec39840f8051854b028fa13073","11397","90130110","202411160331","2567",380
"2d85d6ec39840f8051854b028fa13073","10241","43070304","202411160718","2567",23
"2d85d6ec39840f8051854b028fa13073","10706","43010103","202411160718","2567",2476
"2d85d6ec39840f8051854b028fa13073","11042","43050103","202411160718","2567",572
"2d85d6ec39840f8051854b028fa13073","11044","43070101","202411160718","2567",18
"2d85d6ec39840f8051854b028fa13073","11045","43080203","202411160718","2567",481
"2d85d6ec39840f8051854b028fa13073","11448","43020113","202411160718","2567",1183
"2d85d6ec39840f8051854b028fa13073","14184","43160407","202411160718","2567",143
"2d85d6ec39840f8051854b028fa13073","09669","92012007","202411152322","2567",111
"2d85d6ec39840f8051854b028fa13073","09664","92011702","202411152322","2567",38
"2d85d6ec39840f8051854b028fa13073","09662","92011501","202411152322","2567",27
"2d85d6ec39840f8051854b028fa13073","09655","92010605","202411152322","2567",1
"2d85d6ec39840f8051854b028fa13073","09677","92020701","202411152322","2567",5
"2d85d6ec39840f8051854b028fa13073","09676","92020605","202411152322","2567",1
"2d85d6ec39840f8051854b028fa13073","09680","92020901","202411152322","2567",12
"2d85d6ec39840f8051854b028fa13073","09690","92030203","202411152322","2567",118
"2d85d6ec39840f8051854b028fa13073","11190","57050901","202411160817","2567",1982
"2d85d6ec39840f8051854b028fa13073","11191","57060104","202411160817","2567",1061
"2d85d6ec39840f8051854b028fa13073","11192","57070105","202411160817","2567",692
"2d85d6ec39840f8051854b028fa13073","11193","57080106","202411160817","2567",1150
"2d85d6ec39840f8051854b028fa13073","11194","57090610","202411160817","2567",948
"2d85d6ec39840f8051854b028fa13073","11195","57100313","202411160817","2567",3312
"2d85d6ec39840f8051854b028fa13073","11196","57110211","202411160817","2567",2782
"2d85d6ec39840f8051854b028fa13073","11197","57120110","202411160817","2567",1221
"2d85d6ec39840f8051854b028fa13073","11198","57130106","202411160817","2567",219
"2d85d6ec39840f8051854b028fa13073","11199","57140312","202411160817","2567",1094
"2d85d6ec39840f8051854b028fa13073","11201","57160203","202411160817","2567",3830
"2d85d6ec39840f8051854b028fa13073","11200","57150201","202411160817","2567",103
"2d85d6ec39840f8051854b028fa13073","14099","92011406","202411152322","2567",116
"2d85d6ec39840f8051854b028fa13073","14100","92040303","202411152322","2567",30
"2d85d6ec39840f8051854b028fa13073","14139","92090100","202411152322","2567",281
"2d85d6ec39840f8051854b028fa13073","09696","92030405","202411152322","2567",143
"2d85d6ec39840f8051854b028fa13073","09693","92030303","202411152322","2567",216
"2d85d6ec39840f8051854b028fa13073","09691","92030205","202411152322","2567",118
"2d85d6ec39840f8051854b028fa13073","28817","92100109","202411152322","2567",631
"2d85d6ec39840f8051854b028fa13073","09703","92030802","202411152322","2567",82
"2d85d6ec39840f8051854b028fa13073","09715","92041001","202411152322","2567",2
"2d85d6ec39840f8051854b028fa13073","09733","92060602","202411152322","2567",9
"2d85d6ec39840f8051854b028fa13073","09745","92061702","202411152322","2567",49
"2d85d6ec39840f8051854b028fa13073","09741","92061407","202411152322","2567",11
"2d85d6ec39840f8051854b028fa13073","09749","92070104","202411152322","2567",267
"2d85d6ec39840f8051854b028fa13073","09755","92080203","202411152322","2567",168
"2d85d6ec39840f8051854b028fa13073","09756","92080304","202411152322","2567",30
"2d85d6ec39840f8051854b028fa13073","09757","92080305","202411152322","2567",13
"2d85d6ec39840f8051854b028fa13073","09758","92080406","202411152322","2567",48
"2d85d6ec39840f8051854b028fa13073","11409","92040101","202411152322","2567",2654
"2d85d6ec39840f8051854b028fa13073","11408","92030106","202411152322","2567",29
"2d85d6ec39840f8051854b028fa13073","11407","92020402","202411152322","2567",34
"2d85d6ec39840f8051854b028fa13073","10683","92010100","202411152322","2567",2259
"2d85d6ec39840f8051854b028fa13073","09760","92080602","202411152322","2567",36
"2d85d6ec39840f8051854b028fa13073","09759","92080508","202411152322","2567",12
"2d85d6ec39840f8051854b028fa13073","11267","67060212","202411161110","2567",3122
"2d85d6ec39840f8051854b028fa13073","11457","67040601","202411161110","2567",7066
"2d85d6ec39840f8051854b028fa13073","03091","32010412","202411161809","2567",13
"2d85d6ec39840f8051854b028fa13073","03092","32010503","202411161809","2567",14
"2d85d6ec39840f8051854b028fa13073","03090","32010301","202411161809","2567",9
"2d85d6ec39840f8051854b028fa13073","04497","41011505","202411160920","2567",179
"2d85d6ec39840f8051854b028fa13073","03095","32010701","202411161809","2567",9
"2d85d6ec39840f8051854b028fa13073","03101","32011302","202411161809","2567",11
"2d85d6ec39840f8051854b028fa13073","13853","32050210","202411161809","2567",5
"2d85d6ec39840f8051854b028fa13073","03104","32011806","202411161809","2567",11
"2d85d6ec39840f8051854b028fa13073","03110","32012608","202411161809","2567",10
"2d85d6ec39840f8051854b028fa13073","03107","32012103","202411161809","2567",10
"2d85d6ec39840f8051854b028fa13073","03129","32030409","202411161809","2567",1
"2d85d6ec39840f8051854b028fa13073","03125","32030213","202411161809","2567",1
"2d85d6ec39840f8051854b028fa13073","03177","32070309","202411161809","2567",5
"2d85d6ec39840f8051854b028fa13073","03175","32061009","202411161809","2567",3
"2d85d6ec39840f8051854b028fa13073","03174","32060705","202411161809","2567",76
"2d85d6ec39840f8051854b028fa13073","03173","32060610","202411161809","2567",76
"2d85d6ec39840f8051854b028fa13073","03172","32060601","202411161809","2567",69
"2d85d6ec39840f8051854b028fa13073","03171","32060505","202411161809","2567",137
"2d85d6ec39840f8051854b028fa13073","03170","32060501","202411161809","2567",4
"2d85d6ec39840f8051854b028fa13073","03169","32060401","202411161809","2567",16
"2d85d6ec39840f8051854b028fa13073","03168","32060106","202411161809","2567",17
"2d85d6ec39840f8051854b028fa13073","04484","41010501","202411160920","2567",160
"2d85d6ec39840f8051854b028fa13073","03166","32051707","202411161809","2567",1
"2d85d6ec39840f8051854b028fa13073","04482","41010302","202411160920","2567",125
"2d85d6ec39840f8051854b028fa13073","03165","32051602","202411161809","2567",1
"2d85d6ec39840f8051854b028fa13073","04486","41010611","202411160920","2567",318
"2d85d6ec39840f8051854b028fa13073","03164","32051508","202411161809","2567",27
"2d85d6ec39840f8051854b028fa13073","03161","32051202","202411161809","2567",2
"2d85d6ec39840f8051854b028fa13073","04485","41010503","202411160920","2567",122
"2d85d6ec39840f8051854b028fa13073","03160","32051104","202411161809","2567",26
"2d85d6ec39840f8051854b028fa13073","04488","41010810","202411160920","2567",1
"2d85d6ec39840f8051854b028fa13073","04487","41010701","202411160920","2567",83
"2d85d6ec39840f8051854b028fa13073","03158","32050901","202411161809","2567",3
"2d85d6ec39840f8051854b028fa13073","03156","32050803","202411161809","2567",10
"2d85d6ec39840f8051854b028fa13073","04490","41010901","202411160920","2567",49
"2d85d6ec39840f8051854b028fa13073","03155","32050704","202411161809","2567",1
"2d85d6ec39840f8051854b028fa13073","04489","41010812","202411160920","2567",205
"2d85d6ec39840f8051854b028fa13073","03153","32050617","202411161809","2567",19
"2d85d6ec39840f8051854b028fa13073","04492","41011103","202411160920","2567",84
"2d85d6ec39840f8051854b028fa13073","03152","32050502","202411161809","2567",1
"2d85d6ec39840f8051854b028fa13073","03151","32050401","202411161809","2567",62
"2d85d6ec39840f8051854b028fa13073","04491","41011005","202411160920","2567",291
"2d85d6ec39840f8051854b028fa13073","03138","32031004","202411161809","2567",1
"2d85d6ec39840f8051854b028fa13073","04494","41011301","202411160920","2567",193
"2d85d6ec39840f8051854b028fa13073","04493","41011201","202411160920","2567",471
"2d85d6ec39840f8051854b028fa13073","04495","41011402","202411160920","2567",729
"2d85d6ec39840f8051854b028fa13073","04496","41011501","202411160920","2567",57
"2d85d6ec39840f8051854b028fa13073","03133","32030702","202411161809","2567",3
"2d85d6ec39840f8051854b028fa13073","03193","32071309","202411161809","2567",110
"2d85d6ec39840f8051854b028fa13073","03224","32100107","202411161809","2567",26
"2d85d6ec39840f8051854b028fa13073","03226","32100601","202411161809","2567",34
"2d85d6ec39840f8051854b028fa13073","04498","41011601","202411160920","2567",211
"2d85d6ec39840f8051854b028fa13073","11165","53090209","202411161819","2567",625
"2d85d6ec39840f8051854b028fa13073","03225","32100203","202411161809","2567",21
"2d85d6ec39840f8051854b028fa13073","03244","32120301","202411161809","2567",102
"2d85d6ec39840f8051854b028fa13073","08755","80010801","202411161725","2567",1
"2d85d6ec39840f8051854b028fa13073","13856","32051308","202411161809","2567",4
"2d85d6ec39840f8051854b028fa13073","13857","32060402","202411161809","2567",16
"2d85d6ec39840f8051854b028fa13073","10743","85010100","202411160658","2567",1856
"2d85d6ec39840f8051854b028fa13073","10965","35040102","202411161416","2567",925
"2d85d6ec39840f8051854b028fa13073","07392","64030303","202411170639","2567",10
"2d85d6ec39840f8051854b028fa13073","28823","57180108","202411160817","2567",384
"2d85d6ec39840f8051854b028fa13073","11398","90100709","202411160331","2567",59
"2d85d6ec39840f8051854b028fa13073","13858","32061008","202411161809","2567",5
"2d85d6ec39840f8051854b028fa13073","01669","18070204","202411161433","2567",1
"2d85d6ec39840f8051854b028fa13073","10864","26030704","202411160806","2567",116
"2d85d6ec39840f8051854b028fa13073","11410","92050106","202411152322","2567",429
"2d85d6ec39840f8051854b028fa13073","14098","91040405","202411170417","2567",13
"2d85d6ec39840f8051854b028fa13073","01671","18070306","202411161433","2567",2
"2d85d6ec39840f8051854b028fa13073","11399","90140101","202411160331","2567",49
"2d85d6ec39840f8051854b028fa13073","01670","18070301","202411161433","2567",196
"2d85d6ec39840f8051854b028fa13073","05705","48080504","202411152104","2567",56
"2d85d6ec39840f8051854b028fa13073","11276","70080508","202411161016","2567",45
"2d85d6ec39840f8051854b028fa13073","05702","48080402","202411152104","2567",107
"2d85d6ec39840f8051854b028fa13073","40749","60150107","202411161628","2567",25
"2d85d6ec39840f8051854b028fa13073","05700","48080304","202411152104","2567",19
"2d85d6ec39840f8051854b028fa13073","05701","48080310","202411152104","2567",44
"2d85d6ec39840f8051854b028fa13073","11421","93090101","202411120931","2567",108
"2d85d6ec39840f8051854b028fa13073","11411","92060802","202411152322","2567",393
"2d85d6ec39840f8051854b028fa13073","11152","52080107","202411170022","2567",87
"2d85d6ec39840f8051854b028fa13073","11412","92070507","202411152322","2567",263
"2d85d6ec39840f8051854b028fa13073","11220","60130109","202411161628","2567",27
"2d85d6ec39840f8051854b028fa13073","11202","57170101","202411160817","2567",2528
"2d85d6ec39840f8051854b028fa13073","15012","57020203","202411160817","2567",319
"2d85d6ec39840f8051854b028fa13073","13933","43070410","202411160718","2567",135
"2d85d6ec39840f8051854b028fa13073","11374","85050205","202411160658","2567",782
"2d85d6ec39840f8051854b028fa13073","21356","43140103","202411160718","2567",422
"2d85d6ec39840f8051854b028fa13073","28815","43160111","202411160718","2567",307
"2d85d6ec39840f8051854b028fa13073","07554","65060206","202411170404","2567",42
"2d85d6ec39840f8051854b028fa13073","05709","48080704","202411152104","2567",58
"2d85d6ec39840f8051854b028fa13073","05710","48080705","202411152104","2567",80
"2d85d6ec39840f8051854b028fa13073","28786","91070101","202411170417","2567",12
"2d85d6ec39840f8051854b028fa13073","28778","43170107","202411160718","2567",66
"2d85d6ec39840f8051854b028fa13073","11151","52070204","202411170022","2567",16
"2d85d6ec39840f8051854b028fa13073","11153","52090405","202411170022","2567",43
"2d85d6ec39840f8051854b028fa13073","11154","52100110","202411170022","2567",468
"2d85d6ec39840f8051854b028fa13073","11373","85040103","202411160658","2567",916
"2d85d6ec39840f8051854b028fa13073","05697","48080201","202411152104","2567",146
"2d85d6ec39840f8051854b028fa13073","11422","93100101","202411120931","2567",761
"2d85d6ec39840f8051854b028fa13073","11046","38040101","202411161120","2567",1175
"2d85d6ec39840f8051854b028fa13073","10863","26020304","202411160806","2567",296
"2d85d6ec39840f8051854b028fa13073","27974","18070101","202411161433","2567",137
"2d85d6ec39840f8051854b028fa13073","14104","93030201","202411120931","2567",62
"2d85d6ec39840f8051854b028fa13073","08828","80070802","202411161725","2567",1
"2d85d6ec39840f8051854b028fa13073","10966","35050104","202411161416","2567",981
"2d85d6ec39840f8051854b028fa13073","14208","93040302","202411120931","2567",14
"2d85d6ec39840f8051854b028fa13073","10806","18060902","202411161433","2567",624
"2d85d6ec39840f8051854b028fa13073","01672","18070401","202411161433","2567",109
"2d85d6ec39840f8051854b028fa13073","13819","73032102","202411160913","2567",238
"2d85d6ec39840f8051854b028fa13073","10647","95040303","202411161907","2567",10
"2d85d6ec39840f8051854b028fa13073","10805","18050108","202411161433","2567",189
"2d85d6ec39840f8051854b028fa13073","06845","58020401","202411160906","2567",7
"2d85d6ec39840f8051854b028fa13073","10804","18040405","202411161433","2567",43
"2d85d6ec39840f8051854b028fa13073","27443","63090102","202411171024","2567",120
"2d85d6ec39840f8051854b028fa13073","14209","93051303","202411120931","2567",244
"2d85d6ec39840f8051854b028fa13073","11047","38050404","202411161120","2567",3573
"2d85d6ec39840f8051854b028fa13073","07131","61061204","202411161210","2567",43
"2d85d6ec39840f8051854b028fa13073","10964","35030114","202411161416","2567",464
"2d85d6ec39840f8051854b028fa13073","10803","18030100","202411161433","2567",141
"2d85d6ec39840f8051854b028fa13073","10802","18020504","202411161433","2567",70
"2d85d6ec39840f8051854b028fa13073","24673","93110203","202411120931","2567",101
"2d85d6ec39840f8051854b028fa13073","13998","51010914","202411161533","2567",16
"2d85d6ec39840f8051854b028fa13073","11049","38070111","202411161120","2567",1062
"2d85d6ec39840f8051854b028fa13073","10694","18010200","202411161433","2567",352
"2d85d6ec39840f8051854b028fa13073","11418","93060101","202411120931","2567",469
"2d85d6ec39840f8051854b028fa13073","27980","66110502","202411171156","2567",249
"2d85d6ec39840f8051854b028fa13073","13818","96120102","202411160625","2567",255
"2d85d6ec39840f8051854b028fa13073","10798","17020306","202411160814","2567",981
"2d85d6ec39840f8051854b028fa13073","15010","96130101","202411160625","2567",312
"2d85d6ec39840f8051854b028fa13073","23771","96040104","202411160625","2567",1147
"2d85d6ec39840f8051854b028fa13073","23212","35040504","202411161416","2567",497
"2d85d6ec39840f8051854b028fa13073","10693","17060301","202411160814","2567",629
"2d85d6ec39840f8051854b028fa13073","27975","18080114","202411161433","2567",2095
"2d85d6ec39840f8051854b028fa13073","10692","17010100","202411160814","2567",988
"2d85d6ec39840f8051854b028fa13073","10799","17030211","202411160814","2567",556
"2d85d6ec39840f8051854b028fa13073","05711","48080707","202411152104","2567",23
"2d85d6ec39840f8051854b028fa13073","05718","48090213","202411152104","2567",78
"2d85d6ec39840f8051854b028fa13073","11155","52110102","202411170022","2567",174
"2d85d6ec39840f8051854b028fa13073","11156","52120108","202411170022","2567",704
"2d85d6ec39840f8051854b028fa13073","11454","57030110","202411160817","2567",1504
"2d85d6ec39840f8051854b028fa13073","28811","43150111","202411160718","2567",1724
"2d85d6ec39840f8051854b028fa13073","05712","48080802","202411152104","2567",106
"2d85d6ec39840f8051854b028fa13073","05713","48080801","202411152104","2567",39
"2d85d6ec39840f8051854b028fa13073","05714","48080903","202411152104","2567",366
"2d85d6ec39840f8051854b028fa13073","05715","48080905","202411152104","2567",166
"2d85d6ec39840f8051854b028fa13073","05716","48090201","202411152104","2567",3
"2d85d6ec39840f8051854b028fa13073","05717","48090203","202411152104","2567",58
"2d85d6ec39840f8051854b028fa13073","05719","48090304","202411152104","2567",11
"2d85d6ec39840f8051854b028fa13073","05720","48090308","202411152104","2567",11
"2d85d6ec39840f8051854b028fa13073","05722","48090501","202411152104","2567",1
"2d85d6ec39840f8051854b028fa13073","05724","48090601","202411152104","2567",7
"2d85d6ec39840f8051854b028fa13073","05725","48100604","202411152104","2567",50
"2d85d6ec39840f8051854b028fa13073","05726","48100203","202411152104","2567",65
"2d85d6ec39840f8051854b028fa13073","05727","48100206","202411152104","2567",100
"2d85d6ec39840f8051854b028fa13073","05728","48100302","202411152104","2567",100
"2d85d6ec39840f8051854b028fa13073","05729","48100303","202411152104","2567",109
"2d85d6ec39840f8051854b028fa13073","05730","48100402","202411152104","2567",133
"2d85d6ec39840f8051854b028fa13073","05731","48100510","202411152104","2567",103
"2d85d6ec39840f8051854b028fa13073","05732","48100502","202411152104","2567",121
"2d85d6ec39840f8051854b028fa13073","05733","48100504","202411152104","2567",118
"2d85d6ec39840f8051854b028fa13073","05734","48100701","202411152104","2567",97
"2d85d6ec39840f8051854b028fa13073","05737","48110201","202411152104","2567",676
"2d85d6ec39840f8051854b028fa13073","05735","48110103","202411152104","2567",126
"2d85d6ec39840f8051854b028fa13073","05738","48110202","202411152104","2567",233
"2d85d6ec39840f8051854b028fa13073","11294","72080407","202411160500","2567",92
"2d85d6ec39840f8051854b028fa13073","05739","48110301","202411152104","2567",119
"2d85d6ec39840f8051854b028fa13073","10711","48010100","202411152104","2567",732
"2d85d6ec39840f8051854b028fa13073","11104","48020102","202411152104","2567",89
"2d85d6ec39840f8051854b028fa13073","11296","72100105","202411160500","2567",34
"2d85d6ec39840f8051854b028fa13073","11105","48030206","202411152104","2567",479
"2d85d6ec39840f8051854b028fa13073","11106","48040102","202411152104","2567",3778
"2d85d6ec39840f8051854b028fa13073","11107","48110304","202411152104","2567",33
"2d85d6ec39840f8051854b028fa13073","11108","48060209","202411152104","2567",781
"2d85d6ec39840f8051854b028fa13073","11109","48071207","202411152104","2567",258
"2d85d6ec39840f8051854b028fa13073","11110","48080101","202411152104","2567",1252
"2d85d6ec39840f8051854b028fa13073","11111","48090105","202411152104","2567",253
"2d85d6ec39840f8051854b028fa13073","11112","48100105","202411152104","2567",2142
"2d85d6ec39840f8051854b028fa13073","11451","48050107","202411152104","2567",586
"2d85d6ec39840f8051854b028fa13073","03229","32100901","202411161809","2567",27
"2d85d6ec39840f8051854b028fa13073","03228","32100807","202411161809","2567",31
"2d85d6ec39840f8051854b028fa13073","03227","32100705","202411161809","2567",63
"2d85d6ec39840f8051854b028fa13073","03234","32101306","202411161809","2567",30
"2d85d6ec39840f8051854b028fa13073","07433","64060203","202411170639","2567",237
"2d85d6ec39840f8051854b028fa13073","10865","26040904","202411160806","2567",322
"2d85d6ec39840f8051854b028fa13073","11277","70090305","202411161016","2567",58
"2d85d6ec39840f8051854b028fa13073","11157","52130104","202411170022","2567",21
"2d85d6ec39840f8051854b028fa13073","13982","48071505","202411152104","2567",84
"2d85d6ec39840f8051854b028fa13073","13979","48011108","202411152104","2567",168
"2d85d6ec39840f8051854b028fa13073","13981","48070107","202411152104","2567",120
"2d85d6ec39840f8051854b028fa13073","14277","48010906","202411152104","2567",54
"2d85d6ec39840f8051854b028fa13073","09702","92030706","202411152322","2567",697
"2d85d6ec39840f8051854b028fa13073","09699","92030604","202411152322","2567",200
"2d85d6ec39840f8051854b028fa13073","03233","32101207","202411161809","2567",19
"2d85d6ec39840f8051854b028fa13073","11458","70020108","202411161016","2567",373
"2d85d6ec39840f8051854b028fa13073","03232","32101104","202411161809","2567",24
"2d85d6ec39840f8051854b028fa13073","03231","32101001","202411161809","2567",43
"2d85d6ec39840f8051854b028fa13073","03230","32100914","202411161809","2567",28
"2d85d6ec39840f8051854b028fa13073","03236","32101710","202411161809","2567",22
"2d85d6ec39840f8051854b028fa13073","03253","32121001","202411161809","2567",78
"2d85d6ec39840f8051854b028fa13073","03252","32120901","202411161809","2567",40
"2d85d6ec39840f8051854b028fa13073","03251","32120801","202411161809","2567",69
"2d85d6ec39840f8051854b028fa13073","03250","32120707","202411161809","2567",56
"2d85d6ec39840f8051854b028fa13073","03249","32120703","202411161809","2567",40
"2d85d6ec39840f8051854b028fa13073","04499","41011604","202411160920","2567",38
"2d85d6ec39840f8051854b028fa13073","04500","41011708","202411160920","2567",87
"2d85d6ec39840f8051854b028fa13073","03248","32120601","202411161809","2567",99
"2d85d6ec39840f8051854b028fa13073","04501","41011805","202411160920","2567",168
"2d85d6ec39840f8051854b028fa13073","08979","80220110","202411161725","2567",4
"2d85d6ec39840f8051854b028fa13073","03247","32120504","202411161809","2567",120
"2d85d6ec39840f8051854b028fa13073","04502","41011909","202411160920","2567",546
"2d85d6ec39840f8051854b028fa13073","04503","41012001","202411160920","2567",53
"2d85d6ec39840f8051854b028fa13073","03245","32120405","202411161809","2567",4
"2d85d6ec39840f8051854b028fa13073","04504","41012102","202411160920","2567",88
"2d85d6ec39840f8051854b028fa13073","04505","41020105","202411160920","2567",16
"2d85d6ec39840f8051854b028fa13073","03246","32120409","202411161809","2567",77
"2d85d6ec39840f8051854b028fa13073","11048","38060111","202411161120","2567",486
"2d85d6ec39840f8051854b028fa13073","11001","40080302","202411162323","2567",17091
"2d85d6ec39840f8051854b028fa13073","11002","40100203","202411162323","2567",3680
"2d85d6ec39840f8051854b028fa13073","11000","40070102","202411162323","2567",6792
"2d85d6ec39840f8051854b028fa13073","11050","38080102","202411161120","2567",477
"2d85d6ec39840f8051854b028fa13073","03748","34191808","202411162219","2567",3
"2d85d6ec39840f8051854b028fa13073","10708","45010100","202411160529","2567",2121
"2d85d6ec39840f8051854b028fa13073","11061","45020110","202411160529","2567",2189
"2d85d6ec39840f8051854b028fa13073","11062","45030109","202411160529","2567",6059
"2d85d6ec39840f8051854b028fa13073","11063","45040104","202411160529","2567",1965
"2d85d6ec39840f8051854b028fa13073","11064","45050403","202411160529","2567",782
"2d85d6ec39840f8051854b028fa13073","11065","45060103","202411160529","2567",610
"2d85d6ec39840f8051854b028fa13073","11066","45071210","202411160529","2567",632
"2d85d6ec39840f8051854b028fa13073","11067","45080102","202411160529","2567",330
"2d85d6ec39840f8051854b028fa13073","11068","45090101","202411160529","2567",447
"2d85d6ec39840f8051854b028fa13073","11069","45101707","202411160529","2567",1104
"2d85d6ec39840f8051854b028fa13073","11070","45110101","202411160529","2567",2217
"2d85d6ec39840f8051854b028fa13073","11071","45120104","202411160529","2567",462
"2d85d6ec39840f8051854b028fa13073","11072","45130109","202411160529","2567",1889
"2d85d6ec39840f8051854b028fa13073","11073","45140107","202411160529","2567",1984
"2d85d6ec39840f8051854b028fa13073","11074","45150106","202411160529","2567",1348
"2d85d6ec39840f8051854b028fa13073","11075","45160203","202411160529","2567",1581
"2d85d6ec39840f8051854b028fa13073","11076","45170403","202411160529","2567",2159
"2d85d6ec39840f8051854b028fa13073","27988","45200107","202411160529","2567",1801
"2d85d6ec39840f8051854b028fa13073","27989","45180302","202411160529","2567",745
"2d85d6ec39840f8051854b028fa13073","27990","45190110","202411160529","2567",520
"2d85d6ec39840f8051854b028fa13073","04506","41020203","202411160920","2567",5
"2d85d6ec39840f8051854b028fa13073","03243","32120106","202411161809","2567",51
"2d85d6ec39840f8051854b028fa13073","04507","41020302","202411160920","2567",7
"2d85d6ec39840f8051854b028fa13073","04508","41020304","202411160920","2567",20
"2d85d6ec39840f8051854b028fa13073","04509","41020401","202411160920","2567",80
"2d85d6ec39840f8051854b028fa13073","03237","32101706","202411161809","2567",36
"2d85d6ec39840f8051854b028fa13073","04510","41020510","202411160920","2567",138
"2d85d6ec39840f8051854b028fa13073","03274","32160302","202411161809","2567",157
"2d85d6ec39840f8051854b028fa13073","10999","40060410","202411162323","2567",1974
"2d85d6ec39840f8051854b028fa13073","10998","40050108","202411162323","2567",505
"2d85d6ec39840f8051854b028fa13073","02564","30020401","202411260951","2567",14
"2d85d6ec39840f8051854b028fa13073","04511","41020701","202411160920","2567",8
"2d85d6ec39840f8051854b028fa13073","02116","23010204","202411170234","2567",5
"2d85d6ec39840f8051854b028fa13073","02118","23010404","202411170234","2567",20
"2d85d6ec39840f8051854b028fa13073","02117","23010308","202411170234","2567",82
"2d85d6ec39840f8051854b028fa13073","02119","23010504","202411170234","2567",10
"2d85d6ec39840f8051854b028fa13073","02120","23010601","202411170234","2567",5
"2d85d6ec39840f8051854b028fa13073","02122","23010704","202411170234","2567",77
"2d85d6ec39840f8051854b028fa13073","02121","23010602","202411170234","2567",48
"2d85d6ec39840f8051854b028fa13073","02123","23010705","202411170234","2567",6
"2d85d6ec39840f8051854b028fa13073","02124","23010801","202411170234","2567",8
"2d85d6ec39840f8051854b028fa13073","02125","23010802","202411170234","2567",10
"2d85d6ec39840f8051854b028fa13073","02126","23010806","202411170234","2567",92
"2d85d6ec39840f8051854b028fa13073","02127","23010902","202411170234","2567",61
"2d85d6ec39840f8051854b028fa13073","02128","23010904","202411170234","2567",5
"2d85d6ec39840f8051854b028fa13073","02129","23011005","202411170234","2567",26
"2d85d6ec39840f8051854b028fa13073","02130","23011101","202411170234","2567",150
"2d85d6ec39840f8051854b028fa13073","02131","23011106","202411170234","2567",5
"2d85d6ec39840f8051854b028fa13073","02132","23011202","202411170234","2567",26
"2d85d6ec39840f8051854b028fa13073","02133","23011304","202411170234","2567",10
"2d85d6ec39840f8051854b028fa13073","02134","23011402","202411170234","2567",45
"2d85d6ec39840f8051854b028fa13073","02135","23011408","202411170234","2567",21
"2d85d6ec39840f8051854b028fa13073","02136","23020201","202411170234","2567",9
"2d85d6ec39840f8051854b028fa13073","02137","23020203","202411170234","2567",92
"2d85d6ec39840f8051854b028fa13073","02138","23020301","202411170234","2567",13
"2d85d6ec39840f8051854b028fa13073","02139","23020304","202411170234","2567",35
"2d85d6ec39840f8051854b028fa13073","02140","23030101","202411170234","2567",29
"2d85d6ec39840f8051854b028fa13073","02141","23030106","202411170234","2567",27
"2d85d6ec39840f8051854b028fa13073","02142","23030204","202411170234","2567",26
"2d85d6ec39840f8051854b028fa13073","02178","23070103","202411170234","2567",28
"2d85d6ec39840f8051854b028fa13073","02179","23070104","202411170234","2567",194
"2d85d6ec39840f8051854b028fa13073","02176","23060205","202411170234","2567",47
"2d85d6ec39840f8051854b028fa13073","02175","23060101","202411170234","2567",58
"2d85d6ec39840f8051854b028fa13073","02174","23050706","202411170234","2567",30
"2d85d6ec39840f8051854b028fa13073","02173","23050705","202411170234","2567",16
"2d85d6ec39840f8051854b028fa13073","02172","23050703","202411170234","2567",21
"2d85d6ec39840f8051854b028fa13073","02171","23050701","202411170234","2567",138
"2d85d6ec39840f8051854b028fa13073","02170","23050304","202411170234","2567",34
"2d85d6ec39840f8051854b028fa13073","02169","23050302","202411170234","2567",7
"2d85d6ec39840f8051854b028fa13073","02168","23050202","202411170234","2567",173
"2d85d6ec39840f8051854b028fa13073","02167","23040503","202411170234","2567",33
"2d85d6ec39840f8051854b028fa13073","02166","23040503","202411170234","2567",11
"2d85d6ec39840f8051854b028fa13073","02165","23040404","202411170234","2567",39
"2d85d6ec39840f8051854b028fa13073","02164","23040403","202411170234","2567",3
"2d85d6ec39840f8051854b028fa13073","02163","23040303","202411170234","2567",11
"2d85d6ec39840f8051854b028fa13073","02162","23040307","202411170234","2567",4
"2d85d6ec39840f8051854b028fa13073","02161","23040301","202411170234","2567",24
"2d85d6ec39840f8051854b028fa13073","02160","23040203","202411170234","2567",60
"2d85d6ec39840f8051854b028fa13073","02159","23040202","202411170234","2567",21
"2d85d6ec39840f8051854b028fa13073","02158","23040108","202411170234","2567",7
"2d85d6ec39840f8051854b028fa13073","02157","23040106","202411170234","2567",13
"2d85d6ec39840f8051854b028fa13073","02156","23040102","202411170234","2567",24
"2d85d6ec39840f8051854b028fa13073","02155","23040101","202411170234","2567",4
"2d85d6ec39840f8051854b028fa13073","02154","23030805","202411170234","2567",9
"2d85d6ec39840f8051854b028fa13073","02153","23030802","202411170234","2567",66
"2d85d6ec39840f8051854b028fa13073","02152","23030704","202411170234","2567",24
"2d85d6ec39840f8051854b028fa13073","02151","23030702","202411170234","2567",19
"2d85d6ec39840f8051854b028fa13073","02150","23030608","202411170234","2567",26
"2d85d6ec39840f8051854b028fa13073","02149","23030603","202411170234","2567",9
"2d85d6ec39840f8051854b028fa13073","02148","23030604","202411170234","2567",7
"2d85d6ec39840f8051854b028fa13073","02147","23030505","202411170234","2567",185
"2d85d6ec39840f8051854b028fa13073","02146","23030502","202411170234","2567",13
"2d85d6ec39840f8051854b028fa13073","02145","23030401","202411170234","2567",15
"2d85d6ec39840f8051854b028fa13073","02144","23030302","202411170234","2567",55
"2d85d6ec39840f8051854b028fa13073","02143","23030301","202411170234","2567",26
"2d85d6ec39840f8051854b028fa13073","02180","23070201","202411170234","2567",30
"2d85d6ec39840f8051854b028fa13073","02182","23070203","202411170234","2567",123
"2d85d6ec39840f8051854b028fa13073","02181","23070205","202411170234","2567",191
"2d85d6ec39840f8051854b028fa13073","10846","23030201","202411170234","2567",2188
"2d85d6ec39840f8051854b028fa13073","10847","23040104","202411170234","2567",1310
"2d85d6ec39840f8051854b028fa13073","10848","23050106","202411170234","2567",795
"2d85d6ec39840f8051854b028fa13073","13816","23070102","202411170234","2567",438
"2d85d6ec39840f8051854b028fa13073","10845","23020109","202411170234","2567",1904
"2d85d6ec39840f8051854b028fa13073","10696","23010700","202411170234","2567",1572
"2d85d6ec39840f8051854b028fa13073","08586","76020604","202411161729","2567",2
"2d85d6ec39840f8051854b028fa13073","11313","76070103","202411161729","2567",958
"2d85d6ec39840f8051854b028fa13073","11314","76080305","202411161729","2567",614
"2d85d6ec39840f8051854b028fa13073","08593","76030101","202411161729","2567",1
"2d85d6ec39840f8051854b028fa13073","08594","76030104","202411161729","2567",12
"2d85d6ec39840f8051854b028fa13073","08595","76030105","202411161729","2567",1
"2d85d6ec39840f8051854b028fa13073","08596","76030202","202411161729","2567",1
"2d85d6ec39840f8051854b028fa13073","08600","76030408","202411161729","2567",2
"2d85d6ec39840f8051854b028fa13073","08599","76030303","202411161729","2567",1
"2d85d6ec39840f8051854b028fa13073","08598","76030302","202411161729","2567",2
"2d85d6ec39840f8051854b028fa13073","08597","76030204","202411161729","2567",1
"2d85d6ec39840f8051854b028fa13073","08622","76050606","202411161729","2567",2
"2d85d6ec39840f8051854b028fa13073","08619","76050503","202411161729","2567",2
"2d85d6ec39840f8051854b028fa13073","08614","76050108","202411161729","2567",1
"2d85d6ec39840f8051854b028fa13073","08650","76061805","202411161729","2567",21
"2d85d6ec39840f8051854b028fa13073","14285","76080204","202411161729","2567",117
"2d85d6ec39840f8051854b028fa13073","08664","76080102","202411161729","2567",64
"2d85d6ec39840f8051854b028fa13073","08665","76080105","202411161729","2567",27
"2d85d6ec39840f8051854b028fa13073","08666","76080108","202411161729","2567",127
"2d85d6ec39840f8051854b028fa13073","08667","76080201","202411161729","2567",14
"2d85d6ec39840f8051854b028fa13073","08668","76080301","202411161729","2567",262
"2d85d6ec39840f8051854b028fa13073","08669","76080402","202411161729","2567",446
"2d85d6ec39840f8051854b028fa13073","08670","76080503","202411161729","2567",3
"2d85d6ec39840f8051854b028fa13073","08671","76080604","202411161729","2567",54
"2d85d6ec39840f8051854b028fa13073","10736","76010200","202411161729","2567",501
"2d85d6ec39840f8051854b028fa13073","11308","76020105","202411161729","2567",263
"2d85d6ec39840f8051854b028fa13073","11309","76030111","202411161729","2567",121
"2d85d6ec39840f8051854b028fa13073","11310","76040100","202411161729","2567",184
"2d85d6ec39840f8051854b028fa13073","11311","76050101","202411161729","2567",38
"2d85d6ec39840f8051854b028fa13073","11312","76061608","202411161729","2567",82
"2d85d6ec39840f8051854b028fa13073","10849","23060201","202411170234","2567",130
"2d85d6ec39840f8051854b028fa13073","04513","41030211","202411160920","2567",5
"2d85d6ec39840f8051854b028fa13073","04514","41030301","202411160920","2567",93
"2d85d6ec39840f8051854b028fa13073","04515","41030302","202411160920","2567",330
"2d85d6ec39840f8051854b028fa13073","04545","41050304","202411160920","2567",13
"2d85d6ec39840f8051854b028fa13073","03273","32160205","202411161809","2567",3
"2d85d6ec39840f8051854b028fa13073","10680","80010100","202411161725","2567",3187
"2d85d6ec39840f8051854b028fa13073","04516","41030407","202411160920","2567",101
"2d85d6ec39840f8051854b028fa13073","04518","41030501","202411160920","2567",38
"2d85d6ec39840f8051854b028fa13073","11324","80030101","202411161725","2567",3
"2d85d6ec39840f8051854b028fa13073","04520","41030704","202411160920","2567",192
"2d85d6ec39840f8051854b028fa13073","11328","80070108","202411161725","2567",248
"2d85d6ec39840f8051854b028fa13073","04525","41040306","202411160920","2567",63
"2d85d6ec39840f8051854b028fa13073","11326","80050405","202411161725","2567",3
"2d85d6ec39840f8051854b028fa13073","04521","41030705","202411160920","2567",317
"2d85d6ec39840f8051854b028fa13073","04522","41040109","202411160920","2567",1300
"2d85d6ec39840f8051854b028fa13073","11329","80080103","202411161725","2567",367
"2d85d6ec39840f8051854b028fa13073","04523","41040215","202411160920","2567",260
"2d85d6ec39840f8051854b028fa13073","11330","80090100","202411161725","2567",305
"2d85d6ec39840f8051854b028fa13073","04524","41040304","202411160920","2567",400
"2d85d6ec39840f8051854b028fa13073","11332","80110102","202411161725","2567",81
"2d85d6ec39840f8051854b028fa13073","13980","48040901","202411152104","2567",39
"2d85d6ec39840f8051854b028fa13073","23137","48100602","202411152104","2567",111
"2d85d6ec39840f8051854b028fa13073","24724","48070305","202411152104","2567",50
"2d85d6ec39840f8051854b028fa13073","10997","40040101","202411162323","2567",446
"2d85d6ec39840f8051854b028fa13073","10996","40030101","202411162323","2567",915
"2d85d6ec39840f8051854b028fa13073","10995","40020609","202411162323","2567",745
"2d85d6ec39840f8051854b028fa13073","10670","40010100","202411162323","2567",1133
"2d85d6ec39840f8051854b028fa13073","11003","40110107","202411162323","2567",1049
"2d85d6ec39840f8051854b028fa13073","11004","40120101","202411162323","2567",3953
"2d85d6ec39840f8051854b028fa13073","11007","40150116","202411162323","2567",313
"2d85d6ec39840f8051854b028fa13073","11006","40140407","202411162323","2567",785
"2d85d6ec39840f8051854b028fa13073","11005","40130109","202411162323","2567",612
"2d85d6ec39840f8051854b028fa13073","11009","40170114","202411162323","2567",125
"2d85d6ec39840f8051854b028fa13073","11008","40161703","202411162323","2567",198
"2d85d6ec39840f8051854b028fa13073","11010","40180111","202411162323","2567",121
"2d85d6ec39840f8051854b028fa13073","11011","40190510","202411162323","2567",2726
"2d85d6ec39840f8051854b028fa13073","11012","40200301","202411162323","2567",494
"2d85d6ec39840f8051854b028fa13073","11445","40090111","202411162323","2567",756
"2d85d6ec39840f8051854b028fa13073","12275","40240310","202411162323","2567",207
"2d85d6ec39840f8051854b028fa13073","14132","40210103","202411162323","2567",434
"2d85d6ec39840f8051854b028fa13073","77649","40230201","202411162323","2567",117
"2d85d6ec39840f8051854b028fa13073","77650","40290208","202411162323","2567",1429
"2d85d6ec39840f8051854b028fa13073","77651","40220108","202411162323","2567",965
"2d85d6ec39840f8051854b028fa13073","77652","40250103","202411162323","2567",802
"2d85d6ec39840f8051854b028fa13073","03413","33090311","202411152312","2567",45
"2d85d6ec39840f8051854b028fa13073","03418","33090602","202411152312","2567",14
"2d85d6ec39840f8051854b028fa13073","03419","33090701","202411152312","2567",5
"2d85d6ec39840f8051854b028fa13073","03421","33090903","202411152312","2567",2
"2d85d6ec39840f8051854b028fa13073","03422","33090914","202411152312","2567",1
"2d85d6ec39840f8051854b028fa13073","03423","33091013","202411152312","2567",30
"2d85d6ec39840f8051854b028fa13073","03424","33091101","202411152312","2567",4
"2d85d6ec39840f8051854b028fa13073","03425","33091202","202411152312","2567",1
"2d85d6ec39840f8051854b028fa13073","03426","33091308","202411152312","2567",44
"2d85d6ec39840f8051854b028fa13073","03427","33091401","202411152312","2567",1
"2d85d6ec39840f8051854b028fa13073","03428","33091102","202411152312","2567",1
"2d85d6ec39840f8051854b028fa13073","03468","33130512","202411152312","2567",30
"2d85d6ec39840f8051854b028fa13073","28016","33220105","202411152312","2567",117
"2d85d6ec39840f8051854b028fa13073","10700","33010200","202411152312","2567",2522
"2d85d6ec39840f8051854b028fa13073","10927","33020107","202411152312","2567",629
"2d85d6ec39840f8051854b028fa13073","03410","33081201","202411152312","2567",12
"2d85d6ec39840f8051854b028fa13073","23125","33190107","202411152312","2567",441
"2d85d6ec39840f8051854b028fa13073","28015","33210205","202411152312","2567",302
"2d85d6ec39840f8051854b028fa13073","28014","33200102","202411152312","2567",2978
"2d85d6ec39840f8051854b028fa13073","14287","33090812","202411152312","2567",9
"2d85d6ec39840f8051854b028fa13073","10943","33180304","202411152312","2567",4275
"2d85d6ec39840f8051854b028fa13073","10942","33170311","202411152312","2567",3225
"2d85d6ec39840f8051854b028fa13073","10941","33150105","202411152312","2567",15
"2d85d6ec39840f8051854b028fa13073","10940","33160104","202411152312","2567",103
"2d85d6ec39840f8051854b028fa13073","10939","33140104","202411152312","2567",3927
"2d85d6ec39840f8051854b028fa13073","10938","33130104","202411152312","2567",186
"2d85d6ec39840f8051854b028fa13073","10937","33120111","202411152312","2567",235
"2d85d6ec39840f8051854b028fa13073","10936","33110202","202411152312","2567",17
"2d85d6ec39840f8051854b028fa13073","10935","33100107","202411152312","2567",3115
"2d85d6ec39840f8051854b028fa13073","10934","33090102","202411152312","2567",720
"2d85d6ec39840f8051854b028fa13073","10933","33080106","202411152312","2567",980
"2d85d6ec39840f8051854b028fa13073","10932","33070101","202411152312","2567",88
"2d85d6ec39840f8051854b028fa13073","10931","33060120","202411152312","2567",3947
"2d85d6ec39840f8051854b028fa13073","10930","33050906","202411152312","2567",506
"2d85d6ec39840f8051854b028fa13073","10929","33040605","202411152312","2567",309
"2d85d6ec39840f8051854b028fa13073","10928","33030105","202411152312","2567",15
"2d85d6ec39840f8051854b028fa13073","11333","80121400","202411161725","2567",119
"2d85d6ec39840f8051854b028fa13073","04526","41040403","202411160920","2567",505
"2d85d6ec39840f8051854b028fa13073","11335","80140105","202411161725","2567",1
"2d85d6ec39840f8051854b028fa13073","04527","41250306","202411160920","2567",483
"2d85d6ec39840f8051854b028fa13073","11337","80160104","202411161725","2567",1604
"2d85d6ec39840f8051854b028fa13073","04528","41040607","202411160920","2567",114
"2d85d6ec39840f8051854b028fa13073","11339","80180102","202411161725","2567",10
"2d85d6ec39840f8051854b028fa13073","04529","41040704","202411160920","2567",146
"2d85d6ec39840f8051854b028fa13073","11660","80190604","202411161725","2567",1
"2d85d6ec39840f8051854b028fa13073","04530","41250203","202411160920","2567",385
"2d85d6ec39840f8051854b028fa13073","14080","80121106","202411161725","2567",1
"2d85d6ec39840f8051854b028fa13073","40492","80220210","202411161725","2567",8
"2d85d6ec39840f8051854b028fa13073","04531","41250210","202411160920","2567",330
"2d85d6ec39840f8051854b028fa13073","40743","80200301","202411161725","2567",24
"2d85d6ec39840f8051854b028fa13073","04532","41040909","202411160920","2567",72
"2d85d6ec39840f8051854b028fa13073","08850","80090201","202411161725","2567",44
"2d85d6ec39840f8051854b028fa13073","04533","41040913","202411160920","2567",112
"2d85d6ec39840f8051854b028fa13073","04535","41250101","202411160920","2567",478
"2d85d6ec39840f8051854b028fa13073","04534","41041003","202411160920","2567",1166
"2d85d6ec39840f8051854b028fa13073","04536","41041309","202411160920","2567",36
"2d85d6ec39840f8051854b028fa13073","04538","41041404","202411160920","2567",49
"2d85d6ec39840f8051854b028fa13073","04540","41041104","202411160920","2567",2483
"2d85d6ec39840f8051854b028fa13073","03272","32160101","202411161809","2567",8
"2d85d6ec39840f8051854b028fa13073","04541","41041602","202411160920","2567",183
"2d85d6ec39840f8051854b028fa13073","03270","32150404","202411161809","2567",3
"2d85d6ec39840f8051854b028fa13073","04542","41050602","202411160920","2567",35
"2d85d6ec39840f8051854b028fa13073","03268","32150301","202411161809","2567",4
"2d85d6ec39840f8051854b028fa13073","04543","41050206","202411160920","2567",12
"2d85d6ec39840f8051854b028fa13073","04544","41050210","202411160920","2567",70
"2d85d6ec39840f8051854b028fa13073","10916","32030107","202411161809","2567",3313
"2d85d6ec39840f8051854b028fa13073","10915","32020101","202411161809","2567",780
"2d85d6ec39840f8051854b028fa13073","04546","41050401","202411160920","2567",71
"2d85d6ec39840f8051854b028fa13073","10668","32010100","202411161809","2567",1086
"2d85d6ec39840f8051854b028fa13073","10220","32101705","202411161809","2567",32
"2d85d6ec39840f8051854b028fa13073","03276","32160502","202411161809","2567",18
"2d85d6ec39840f8051854b028fa13073","10917","32040106","202411161809","2567",431
"2d85d6ec39840f8051854b028fa13073","10918","32050102","202411161809","2567",534
"2d85d6ec39840f8051854b028fa13073","04550","41060205","202411160920","2567",8
"2d85d6ec39840f8051854b028fa13073","10919","32060101","202411161809","2567",502
"2d85d6ec39840f8051854b028fa13073","04551","41060213","202411160920","2567",1
"2d85d6ec39840f8051854b028fa13073","10920","32070108","202411161809","2567",1955
"2d85d6ec39840f8051854b028fa13073","04552","41060514","202411160920","2567",121
"2d85d6ec39840f8051854b028fa13073","10921","32080103","202411161809","2567",375
"2d85d6ec39840f8051854b028fa13073","04554","41060701","202411160920","2567",171
"2d85d6ec39840f8051854b028fa13073","13863","32101112","202411161809","2567",30
"2d85d6ec39840f8051854b028fa13073","04553","41060603","202411160920","2567",253
"2d85d6ec39840f8051854b028fa13073","13864","32101305","202411161809","2567",49
"2d85d6ec39840f8051854b028fa13073","04555","41060909","202411160920","2567",376
"2d85d6ec39840f8051854b028fa13073","04556","41061001","202411160920","2567",196
"2d85d6ec39840f8051854b028fa13073","04557","41061101","202411160920","2567",237
"2d85d6ec39840f8051854b028fa13073","04558","41061105","202411160920","2567",197
"2d85d6ec39840f8051854b028fa13073","14876","32051102","202411161809","2567",8
"2d85d6ec39840f8051854b028fa13073","04562","41061807","202411160920","2567",845
"2d85d6ec39840f8051854b028fa13073","22302","32140118","202411161809","2567",1069
"2d85d6ec39840f8051854b028fa13073","04559","41061201","202411160920","2567",308
"2d85d6ec39840f8051854b028fa13073","27844","32170106","202411161809","2567",447
"2d85d6ec39840f8051854b028fa13073","04560","41061405","202411160920","2567",255
"2d85d6ec39840f8051854b028fa13073","04564","41070202","202411160920","2567",533
"2d85d6ec39840f8051854b028fa13073","10922","32090101","202411161809","2567",697
"2d85d6ec39840f8051854b028fa13073","04565","41070207","202411160920","2567",849
"2d85d6ec39840f8051854b028fa13073","10923","32100101","202411161809","2567",580
"2d85d6ec39840f8051854b028fa13073","04563","41070110","202411160920","2567",800
"2d85d6ec39840f8051854b028fa13073","27843","32150102","202411161809","2567",378
"2d85d6ec39840f8051854b028fa13073","04561","41061708","202411160920","2567",474
"2d85d6ec39840f8051854b028fa13073","27842","32160106","202411161809","2567",70
"2d85d6ec39840f8051854b028fa13073","04566","41070306","202411160920","2567",150
"2d85d6ec39840f8051854b028fa13073","04567","41070402","202411160920","2567",470
"2d85d6ec39840f8051854b028fa13073","04568","41080105","202411160920","2567",134
"2d85d6ec39840f8051854b028fa13073","04569","41080202","202411160920","2567",174
"2d85d6ec39840f8051854b028fa13073","04570","41080301","202411160920","2567",163
"2d85d6ec39840f8051854b028fa13073","04571","41080404","202411160920","2567",293
"2d85d6ec39840f8051854b028fa13073","04572","41090108","202411160920","2567",142
"2d85d6ec39840f8051854b028fa13073","04573","41090201","202411160920","2567",78
"2d85d6ec39840f8051854b028fa13073","04574","41090216","202411160920","2567",99
"2d85d6ec39840f8051854b028fa13073","33427","32140405","202411161809","2567",16
"2d85d6ec39840f8051854b028fa13073","04575","41090301","202411160920","2567",72
"2d85d6ec39840f8051854b028fa13073","04576","41090401","202411160920","2567",149
"2d85d6ec39840f8051854b028fa13073","04577","41090408","202411160920","2567",107
"2d85d6ec39840f8051854b028fa13073","04578","41090501","202411160920","2567",86
"2d85d6ec39840f8051854b028fa13073","04579","41090610","202411160920","2567",171
"2d85d6ec39840f8051854b028fa13073","04580","41090705","202411160920","2567",150
"2d85d6ec39840f8051854b028fa13073","04581","41100104","202411160920","2567",530
"2d85d6ec39840f8051854b028fa13073","04582","41100201","202411160920","2567",7
"2d85d6ec39840f8051854b028fa13073","04584","41100310","202411160920","2567",1
"2d85d6ec39840f8051854b028fa13073","04583","41100301","202411160920","2567",52
"2d85d6ec39840f8051854b028fa13073","04585","41100403","202411160920","2567",174
"2d85d6ec39840f8051854b028fa13073","04586","41100408","202411160920","2567",80
"2d85d6ec39840f8051854b028fa13073","04587","41100501","202411160920","2567",257
"2d85d6ec39840f8051854b028fa13073","04588","41100604","202411160920","2567",210
"2d85d6ec39840f8051854b028fa13073","42717","32011111","202411161809","2567",9
"2d85d6ec39840f8051854b028fa13073","04591","41110301","202411160920","2567",240
"2d85d6ec39840f8051854b028fa13073","04592","41110402","202411160920","2567",435
"2d85d6ec39840f8051854b028fa13073","04593","41110506","202411160920","2567",461
"2d85d6ec39840f8051854b028fa13073","04594","41110613","202411160920","2567",148
"2d85d6ec39840f8051854b028fa13073","04595","41110603","202411160920","2567",290
"2d85d6ec39840f8051854b028fa13073","04596","41110702","202411160920","2567",491
"2d85d6ec39840f8051854b028fa13073","04597","41110705","202411160920","2567",707
"2d85d6ec39840f8051854b028fa13073","04599","41110901","202411160920","2567",163
"2d85d6ec39840f8051854b028fa13073","04598","41110801","202411160920","2567",413
"2d85d6ec39840f8051854b028fa13073","04600","41111002","202411160920","2567",229
"2d85d6ec39840f8051854b028fa13073","04601","41111101","202411160920","2567",143
"2d85d6ec39840f8051854b028fa13073","04602","41111106","202411160920","2567",394
"2d85d6ec39840f8051854b028fa13073","04603","41111202","202411160920","2567",350
"2d85d6ec39840f8051854b028fa13073","04605","41170202","202411160920","2567",184
"2d85d6ec39840f8051854b028fa13073","04606","41170212","202411160920","2567",501
"2d85d6ec39840f8051854b028fa13073","04607","41170304","202411160920","2567",117
"2d85d6ec39840f8051854b028fa13073","04604","41111309","202411160920","2567",323
"2d85d6ec39840f8051854b028fa13073","04609","41170401","202411160920","2567",164
"2d85d6ec39840f8051854b028fa13073","04611","41170510","202411160920","2567",211
"2d85d6ec39840f8051854b028fa13073","04612","41170604","202411160920","2567",182
"2d85d6ec39840f8051854b028fa13073","04613","41170707","202411160920","2567",514
"2d85d6ec39840f8051854b028fa13073","04610","41170506","202411160920","2567",175
"2d85d6ec39840f8051854b028fa13073","04614","41170711","202411160920","2567",292
"2d85d6ec39840f8051854b028fa13073","04615","41170805","202411160920","2567",300
"2d85d6ec39840f8051854b028fa13073","04616","41170907","202411160920","2567",179
"2d85d6ec39840f8051854b028fa13073","04617","41170909","202411160920","2567",140
"2d85d6ec39840f8051854b028fa13073","04618","41171001","202411160920","2567",412
"2d85d6ec39840f8051854b028fa13073","04619","41171005","202411160920","2567",125
"2d85d6ec39840f8051854b028fa13073","10925","32120201","202411161809","2567",114
"2d85d6ec39840f8051854b028fa13073","04620","41171103","202411160920","2567",184
"2d85d6ec39840f8051854b028fa13073","04621","41171201","202411160920","2567",221
"2d85d6ec39840f8051854b028fa13073","14847","41090403","202411160920","2567",104
"2d85d6ec39840f8051854b028fa13073","04626","41180504","202411160920","2567",199
"2d85d6ec39840f8051854b028fa13073","04625","41180209","202411160920","2567",86
"2d85d6ec39840f8051854b028fa13073","04623","41180206","202411160920","2567",140
"2d85d6ec39840f8051854b028fa13073","04627","41180609","202411160920","2567",298
"2d85d6ec39840f8051854b028fa13073","04628","41180704","202411160920","2567",293
"2d85d6ec39840f8051854b028fa13073","04629","41181203","202411160920","2567",332
"2d85d6ec39840f8051854b028fa13073","04636","41190609","202411160920","2567",12
"2d85d6ec39840f8051854b028fa13073","10924","32110103","202411161809","2567",1069
"2d85d6ec39840f8051854b028fa13073","14848","41170405","202411160920","2567",101
"2d85d6ec39840f8051854b028fa13073","04642","41200201","202411160920","2567",149
"2d85d6ec39840f8051854b028fa13073","04643","41200302","202411160920","2567",76
"2d85d6ec39840f8051854b028fa13073","14849","41180105","202411160920","2567",51
"2d85d6ec39840f8051854b028fa13073","21440","41220304","202411160920","2567",132
"2d85d6ec39840f8051854b028fa13073","23745","41011710","202411160920","2567",177
"2d85d6ec39840f8051854b028fa13073","04645","41200502","202411160920","2567",149
"2d85d6ec39840f8051854b028fa13073","04644","41200401","202411160920","2567",130
"2d85d6ec39840f8051854b028fa13073","25059","41250103","202411160920","2567",859
"2d85d6ec39840f8051854b028fa13073","24933","41020605","202411160920","2567",108
"2d85d6ec39840f8051854b028fa13073","25058","41240107","202411160920","2567",667
"2d85d6ec39840f8051854b028fa13073","04648","41210203","202411160920","2567",134
"2d85d6ec39840f8051854b028fa13073","04647","41210106","202411160920","2567",187
"2d85d6ec39840f8051854b028fa13073","04646","41200603","202411160920","2567",208
"2d85d6ec39840f8051854b028fa13073","04649","41210207","202411160920","2567",205
"2d85d6ec39840f8051854b028fa13073","04650","41210308","202411160920","2567",171
"2d85d6ec39840f8051854b028fa13073","04651","41220101","202411160920","2567",175
"2d85d6ec39840f8051854b028fa13073","04652","41220103","202411160920","2567",244
"2d85d6ec39840f8051854b028fa13073","04653","41220201","202411160920","2567",217
"2d85d6ec39840f8051854b028fa13073","04654","41220205","202411160920","2567",130
"2d85d6ec39840f8051854b028fa13073","04655","41220301","202411160920","2567",162
"2d85d6ec39840f8051854b028fa13073","04656","41220302","202411160920","2567",177
"2d85d6ec39840f8051854b028fa13073","13848","32010410","202411161809","2567",16
"2d85d6ec39840f8051854b028fa13073","04657","41220409","202411160920","2567",340
"2d85d6ec39840f8051854b028fa13073","04658","41230101","202411160920","2567",405
"2d85d6ec39840f8051854b028fa13073","04659","41230201","202411160920","2567",421
"2d85d6ec39840f8051854b028fa13073","04660","41230304","202411160920","2567",167
"2d85d6ec39840f8051854b028fa13073","04663","41240301","202411160920","2567",321
"2d85d6ec39840f8051854b028fa13073","04664","41240411","202411160920","2567",260
"2d85d6ec39840f8051854b028fa13073","04662","41240204","202411160920","2567",332
"2d85d6ec39840f8051854b028fa13073","04661","41240106","202411160920","2567",626
"2d85d6ec39840f8051854b028fa13073","10671","41010100","202411160920","2567",481
"2d85d6ec39840f8051854b028fa13073","11013","41020603","202411160920","2567",6435
"2d85d6ec39840f8051854b028fa13073","11014","41030105","202411160920","2567",3544
"2d85d6ec39840f8051854b028fa13073","11015","41041505","202411160920","2567",6083
"2d85d6ec39840f8051854b028fa13073","11016","41040704","202411160920","2567",3285
"2d85d6ec39840f8051854b028fa13073","11017","41050102","202411160920","2567",1338
"2d85d6ec39840f8051854b028fa13073","11018","41060106","202411160920","2567",2605
"2d85d6ec39840f8051854b028fa13073","11019","41070111","202411160920","2567",675
"2d85d6ec39840f8051854b028fa13073","11020","41080105","202411160920","2567",518
"2d85d6ec39840f8051854b028fa13073","11021","41090208","202411160920","2567",2171
"2d85d6ec39840f8051854b028fa13073","11022","41100611","202411160920","2567",5568
"2d85d6ec39840f8051854b028fa13073","11023","41170102","202411160920","2567",741
"2d85d6ec39840f8051854b028fa13073","11024","41181001","202411160920","2567",926
"2d85d6ec39840f8051854b028fa13073","13905","41010903","202411160920","2567",314
"2d85d6ec39840f8051854b028fa13073","11026","41200104","202411160920","2567",966
"2d85d6ec39840f8051854b028fa13073","10926","32130101","202411161809","2567",562
"2d85d6ec39840f8051854b028fa13073","11027","41210407","202411160920","2567",1347
"2d85d6ec39840f8051854b028fa13073","11025","41190101","202411160920","2567",2225
"2d85d6ec39840f8051854b028fa13073","11029","41230111","202411160920","2567",1911
"2d85d6ec39840f8051854b028fa13073","11028","41220107","202411160920","2567",396
"2d85d6ec39840f8051854b028fa13073","13904","41010608","202411160920","2567",869
"2d85d6ec39840f8051854b028fa13073","11446","41110107","202411160920","2567",1578
"2d85d6ec39840f8051854b028fa13073","13906","41012104","202411160920","2567",77
"2d85d6ec39840f8051854b028fa13073","13907","41020206","202411160920","2567",132
"2d85d6ec39840f8051854b028fa13073","13908","41020706","202411160920","2567",21
"2d85d6ec39840f8051854b028fa13073","13909","41030109","202411160920","2567",74
"2d85d6ec39840f8051854b028fa13073","13910","41030409","202411160920","2567",700
"2d85d6ec39840f8051854b028fa13073","13911","41030602","202411160920","2567",59
"2d85d6ec39840f8051854b028fa13073","13914","41061408","202411160920","2567",159
"2d85d6ec39840f8051854b028fa13073","13916","41090302","202411160920","2567",102
"2d85d6ec39840f8051854b028fa13073","13915","41070303","202411160920","2567",315
"2d85d6ec39840f8051854b028fa13073","13918","41100304","202411160920","2567",152
"2d85d6ec39840f8051854b028fa13073","13917","41090705","202411160920","2567",86
"2d85d6ec39840f8051854b028fa13073","13921","41180612","202411160920","2567",221
"2d85d6ec39840f8051854b028fa13073","13919","41100402","202411160920","2567",215
"2d85d6ec39840f8051854b028fa13073","13922","41220403","202411160920","2567",269
"2d85d6ec39840f8051854b028fa13073","14245","41171102","202411160920","2567",424
"2d85d6ec39840f8051854b028fa13073","14246","41190507","202411160920","2567",1
"2d85d6ec39840f8051854b028fa13073","14247","41230207","202411160920","2567",491
"2d85d6ec39840f8051854b028fa13073","14298","41171301","202411160920","2567",249
"2d85d6ec39840f8051854b028fa13073","14845","41020103","202411160920","2567",145
"2d85d6ec39840f8051854b028fa13073","14248","41240101","202411160920","2567",257
"2d85d6ec39840f8051854b028fa13073","14846","41040206","202411160920","2567",126
"2d85d6ec39840f8051854b028fa13073","02876","31010304","202411162135","2567",2
"2d85d6ec39840f8051854b028fa13073","02877","31010401","202411162135","2567",36
"2d85d6ec39840f8051854b028fa13073","02880","31010614","202411162135","2567",50
"2d85d6ec39840f8051854b028fa13073","02878","31010502","202411162135","2567",7
"2d85d6ec39840f8051854b028fa13073","02881","31010804","202411162135","2567",1
"2d85d6ec39840f8051854b028fa13073","02882","31011210","202411162135","2567",2
"2d85d6ec39840f8051854b028fa13073","02883","31011302","202411162135","2567",1
"2d85d6ec39840f8051854b028fa13073","02886","31011701","202411162135","2567",8
"2d85d6ec39840f8051854b028fa13073","02891","31012504","202411162135","2567",1
"2d85d6ec39840f8051854b028fa13073","02893","31012803","202411162135","2567",77
"2d85d6ec39840f8051854b028fa13073","02899","31020504","202411162135","2567",3
"2d85d6ec39840f8051854b028fa13073","02895","31020213","202411162135","2567",76
"2d85d6ec39840f8051854b028fa13073","02894","31020216","202411162135","2567",79
"2d85d6ec39840f8051854b028fa13073","13846","31190108","202411162135","2567",94
"2d85d6ec39840f8051854b028fa13073","02902","31020612","202411162135","2567",1
"2d85d6ec39840f8051854b028fa13073","02903","31020709","202411162135","2567",34
"2d85d6ec39840f8051854b028fa13073","02904","31030103","202411162135","2567",48
"2d85d6ec39840f8051854b028fa13073","02905","31030201","202411162135","2567",16
"2d85d6ec39840f8051854b028fa13073","02906","31030203","202411162135","2567",41
"2d85d6ec39840f8051854b028fa13073","02907","31030303","202411162135","2567",8
"2d85d6ec39840f8051854b028fa13073","02908","31030307","202411162135","2567",50
"2d85d6ec39840f8051854b028fa13073","02909","31030401","202411162135","2567",57
"2d85d6ec39840f8051854b028fa13073","02910","31030403","202411162135","2567",4
"2d85d6ec39840f8051854b028fa13073","02911","31030501","202411162135","2567",37
"2d85d6ec39840f8051854b028fa13073","02912","31030509","202411162135","2567",37
"2d85d6ec39840f8051854b028fa13073","02914","31030612","202411162135","2567",25
"2d85d6ec39840f8051854b028fa13073","02913","31030601","202411162135","2567",61
"2d85d6ec39840f8051854b028fa13073","02915","31030703","202411162135","2567",20
"2d85d6ec39840f8051854b028fa13073","02916","31030704","202411162135","2567",58
"2d85d6ec39840f8051854b028fa13073","02917","31030803","202411162135","2567",10
"2d85d6ec39840f8051854b028fa13073","02918","31030901","202411162135","2567",120
"2d85d6ec39840f8051854b028fa13073","02920","31031101","202411162135","2567",129
"2d85d6ec39840f8051854b028fa13073","02919","31031002","202411162135","2567",1
"2d85d6ec39840f8051854b028fa13073","02921","31040309","202411162135","2567",13
"2d85d6ec39840f8051854b028fa13073","02924","31040604","202411162135","2567",5
"2d85d6ec39840f8051854b028fa13073","02923","31040502","202411162135","2567",6
"2d85d6ec39840f8051854b028fa13073","02925","31040807","202411162135","2567",12
"2d85d6ec39840f8051854b028fa13073","02927","31041401","202411162135","2567",6
"2d85d6ec39840f8051854b028fa13073","02928","31041501","202411162135","2567",3
"2d85d6ec39840f8051854b028fa13073","02929","31041611","202411162135","2567",2
"2d85d6ec39840f8051854b028fa13073","02930","31041702","202411162135","2567",1
"2d85d6ec39840f8051854b028fa13073","02931","31041810","202411162135","2567",5
"2d85d6ec39840f8051854b028fa13073","02933","31042501","202411162135","2567",6
"2d85d6ec39840f8051854b028fa13073","02934","31042602","202411162135","2567",6
"2d85d6ec39840f8051854b028fa13073","02935","31042709","202411162135","2567",3
"2d85d6ec39840f8051854b028fa13073","02936","31050101","202411162135","2567",6
"2d85d6ec39840f8051854b028fa13073","02937","31050207","202411162135","2567",41
"2d85d6ec39840f8051854b028fa13073","02938","31050304","202411162135","2567",87
"2d85d6ec39840f8051854b028fa13073","02939","31050410","202411162135","2567",48
"2d85d6ec39840f8051854b028fa13073","02940","31050413","202411162135","2567",42
"2d85d6ec39840f8051854b028fa13073","02941","31050509","202411162135","2567",39
"2d85d6ec39840f8051854b028fa13073","02942","31050701","202411162135","2567",42
"2d85d6ec39840f8051854b028fa13073","02943","31050801","202411162135","2567",30
"2d85d6ec39840f8051854b028fa13073","02945","31051003","202411162135","2567",48
"2d85d6ec39840f8051854b028fa13073","02944","31050902","202411162135","2567",37
"2d85d6ec39840f8051854b028fa13073","13845","31160408","202411162135","2567",39
"2d85d6ec39840f8051854b028fa13073","02947","31060401","202411162135","2567",46
"2d85d6ec39840f8051854b028fa13073","02955","31061004","202411162135","2567",38
"2d85d6ec39840f8051854b028fa13073","02949","31230506","202411162135","2567",44
"2d85d6ec39840f8051854b028fa13073","02957","31061103","202411162135","2567",30
"2d85d6ec39840f8051854b028fa13073","02959","31070203","202411162135","2567",962
"2d85d6ec39840f8051854b028fa13073","02958","31061107","202411162135","2567",1
"2d85d6ec39840f8051854b028fa13073","02960","31070303","202411162135","2567",2
"2d85d6ec39840f8051854b028fa13073","02961","31070503","202411162135","2567",29
"2d85d6ec39840f8051854b028fa13073","02963","31070606","202411162135","2567",3
"2d85d6ec39840f8051854b028fa13073","02965","31070802","202411162135","2567",106
"2d85d6ec39840f8051854b028fa13073","02967","31071308","202411162135","2567",39
"2d85d6ec39840f8051854b028fa13073","02970","31071501","202411162135","2567",7
"2d85d6ec39840f8051854b028fa13073","02969","31071401","202411162135","2567",1
"2d85d6ec39840f8051854b028fa13073","02972","31071601","202411162135","2567",24
"2d85d6ec39840f8051854b028fa13073","02975","31072002","202411162135","2567",54
"2d85d6ec39840f8051854b028fa13073","02974","31071903","202411162135","2567",4
"2d85d6ec39840f8051854b028fa13073","02977","31080413","202411162135","2567",52
"2d85d6ec39840f8051854b028fa13073","02976","31072105","202411162135","2567",2
"2d85d6ec39840f8051854b028fa13073","02978","31080205","202411162135","2567",39
"2d85d6ec39840f8051854b028fa13073","02979","31080309","202411162135","2567",10
"2d85d6ec39840f8051854b028fa13073","02980","31080501","202411162135","2567",1
"2d85d6ec39840f8051854b028fa13073","02981","31080507","202411162135","2567",13
"2d85d6ec39840f8051854b028fa13073","02983","31080701","202411162135","2567",1
"2d85d6ec39840f8051854b028fa13073","02984","31080803","202411162135","2567",5
"2d85d6ec39840f8051854b028fa13073","02985","31080901","202411162135","2567",13
"2d85d6ec39840f8051854b028fa13073","02987","31090302","202411162135","2567",106
"2d85d6ec39840f8051854b028fa13073","02986","31090208","202411162135","2567",17
"2d85d6ec39840f8051854b028fa13073","02991","31091001","202411162135","2567",94
"2d85d6ec39840f8051854b028fa13073","14275","31040803","202411162135","2567",5
"2d85d6ec39840f8051854b028fa13073","15090","31012712","202411162135","2567",6
"2d85d6ec39840f8051854b028fa13073","15223","31050318","202411162135","2567",43
"2d85d6ec39840f8051854b028fa13073","02990","31090904","202411162135","2567",64
"2d85d6ec39840f8051854b028fa13073","22126","31230104","202411162135","2567",57
"2d85d6ec39840f8051854b028fa13073","02999","31100701","202411162135","2567",4
"2d85d6ec39840f8051854b028fa13073","02996","31100501","202411162135","2567",1
"2d85d6ec39840f8051854b028fa13073","03004","31101207","202411162135","2567",7
"2d85d6ec39840f8051854b028fa13073","03008","31101602","202411162135","2567",1
"2d85d6ec39840f8051854b028fa13073","03011","31110415","202411162135","2567",5
"2d85d6ec39840f8051854b028fa13073","03009","31110108","202411162135","2567",70
"2d85d6ec39840f8051854b028fa13073","03012","31110502","202411162135","2567",78
"2d85d6ec39840f8051854b028fa13073","03013","31110601","202411162135","2567",63
"2d85d6ec39840f8051854b028fa13073","03015","31220213","202411162135","2567",1
"2d85d6ec39840f8051854b028fa13073","03016","31110905","202411162135","2567",73
"2d85d6ec39840f8051854b028fa13073","03017","31111002","202411162135","2567",3
"2d85d6ec39840f8051854b028fa13073","03021","31220301","202411162135","2567",1
"2d85d6ec39840f8051854b028fa13073","03023","31111501","202411162135","2567",4
"2d85d6ec39840f8051854b028fa13073","03024","31220406","202411162135","2567",25
"2d85d6ec39840f8051854b028fa13073","03025","31120201","202411162135","2567",1
"2d85d6ec39840f8051854b028fa13073","03026","31120213","202411162135","2567",6
"2d85d6ec39840f8051854b028fa13073","03027","31120301","202411162135","2567",6
"2d85d6ec39840f8051854b028fa13073","03028","31120409","202411162135","2567",1
"2d85d6ec39840f8051854b028fa13073","03030","31120112","202411162135","2567",2
"2d85d6ec39840f8051854b028fa13073","03029","31120411","202411162135","2567",6
"2d85d6ec39840f8051854b028fa13073","03031","31120514","202411162135","2567",2
"2d85d6ec39840f8051854b028fa13073","03032","31130113","202411162135","2567",111
"2d85d6ec39840f8051854b028fa13073","03034","31130303","202411162135","2567",1
"2d85d6ec39840f8051854b028fa13073","03036","31130402","202411162135","2567",1
"2d85d6ec39840f8051854b028fa13073","03042","31140609","202411162135","2567",82
"2d85d6ec39840f8051854b028fa13073","03041","31140501","202411162135","2567",3
"2d85d6ec39840f8051854b028fa13073","03039","31140306","202411162135","2567",7
"2d85d6ec39840f8051854b028fa13073","03044","31150102","202411162135","2567",1
"2d85d6ec39840f8051854b028fa13073","03045","31150115","202411162135","2567",53
"2d85d6ec39840f8051854b028fa13073","03046","31150203","202411162135","2567",1
"2d85d6ec39840f8051854b028fa13073","03051","31160204","202411162135","2567",459
"2d85d6ec39840f8051854b028fa13073","03050","31160103","202411162135","2567",1
"2d85d6ec39840f8051854b028fa13073","03052","31160302","202411162135","2567",4
"2d85d6ec39840f8051854b028fa13073","03054","31160503","202411162135","2567",832
"2d85d6ec39840f8051854b028fa13073","03056","31160703","202411162135","2567",61
"2d85d6ec39840f8051854b028fa13073","03059","31170307","202411162135","2567",43
"2d85d6ec39840f8051854b028fa13073","03058","31170202","202411162135","2567",167
"2d85d6ec39840f8051854b028fa13073","03060","31170403","202411162135","2567",170
"2d85d6ec39840f8051854b028fa13073","03061","31180208","202411162135","2567",21
"2d85d6ec39840f8051854b028fa13073","03062","31180301","202411162135","2567",59
"2d85d6ec39840f8051854b028fa13073","03063","31180406","202411162135","2567",36
"2d85d6ec39840f8051854b028fa13073","03065","31180601","202411162135","2567",22
"2d85d6ec39840f8051854b028fa13073","03067","31190202","202411162135","2567",97
"2d85d6ec39840f8051854b028fa13073","03064","31180509","202411162135","2567",199
"2d85d6ec39840f8051854b028fa13073","03069","31190403","202411162135","2567",109
"2d85d6ec39840f8051854b028fa13073","03068","31190305","202411162135","2567",44
"2d85d6ec39840f8051854b028fa13073","03070","31190502","202411162135","2567",63
"2d85d6ec39840f8051854b028fa13073","03077","31210201","202411162135","2567",37
"2d85d6ec39840f8051854b028fa13073","03078","31210211","202411162135","2567",108
"2d85d6ec39840f8051854b028fa13073","23578","31220106","202411162135","2567",1233
"2d85d6ec39840f8051854b028fa13073","03080","31210401","202411162135","2567",115
"2d85d6ec39840f8051854b028fa13073","03079","31210301","202411162135","2567",19
"2d85d6ec39840f8051854b028fa13073","03081","31210408","202411162135","2567",22
"2d85d6ec39840f8051854b028fa13073","03082","31230114","202411162135","2567",33
"2d85d6ec39840f8051854b028fa13073","03084","31230207","202411162135","2567",94
"2d85d6ec39840f8051854b028fa13073","03085","31230315","202411162135","2567",114
"2d85d6ec39840f8051854b028fa13073","03086","31230401","202411162135","2567",92
"2d85d6ec39840f8051854b028fa13073","03087","31230406","202411162135","2567",1
"2d85d6ec39840f8051854b028fa13073","10898","31050601","202411162135","2567",2810
"2d85d6ec39840f8051854b028fa13073","10897","31040125","202411162135","2567",398
"2d85d6ec39840f8051854b028fa13073","10896","31030109","202411162135","2567",3859
"2d85d6ec39840f8051854b028fa13073","10895","31020106","202411162135","2567",1194
"2d85d6ec39840f8051854b028fa13073","10667","31010105","202411162135","2567",22499
"2d85d6ec39840f8051854b028fa13073","10217","31080706","202411162135","2567",23
"2d85d6ec39840f8051854b028fa13073","03088","31230511","202411162135","2567",44
"2d85d6ec39840f8051854b028fa13073","10899","31060108","202411162135","2567",2213
"2d85d6ec39840f8051854b028fa13073","10900","31070103","202411162135","2567",1518
"2d85d6ec39840f8051854b028fa13073","10901","31080103","202411162135","2567",607
"2d85d6ec39840f8051854b028fa13073","10902","31090203","202411162135","2567",1272
"2d85d6ec39840f8051854b028fa13073","10904","31100107","202411162135","2567",6223
"2d85d6ec39840f8051854b028fa13073","10905","31110207","202411162135","2567",4497
"2d85d6ec39840f8051854b028fa13073","10906","31120103","202411162135","2567",844
"2d85d6ec39840f8051854b028fa13073","10907","31130508","202411162135","2567",2005
"2d85d6ec39840f8051854b028fa13073","10908","31140102","202411162135","2567",2306
"2d85d6ec39840f8051854b028fa13073","10909","31150401","202411162135","2567",5377
"2d85d6ec39840f8051854b028fa13073","10910","31160808","202411162135","2567",6587
"2d85d6ec39840f8051854b028fa13073","10911","31170110","202411162135","2567",975
"2d85d6ec39840f8051854b028fa13073","10912","31180108","202411162135","2567",1400
"2d85d6ec39840f8051854b028fa13073","10913","31190101","202411162135","2567",910
"2d85d6ec39840f8051854b028fa13073","10914","31200107","202411162135","2567",1447
"2d85d6ec39840f8051854b028fa13073","11619","31230202","202411162135","2567",1305
"2d85d6ec39840f8051854b028fa13073","13837","31040607","202411162135","2567",7
"2d85d6ec39840f8051854b028fa13073","02888","31011901","202411162135","2567",3
"2d85d6ec39840f8051854b028fa13073","02887","31011808","202411162135","2567",10
"2d85d6ec39840f8051854b028fa13073","28020","31210109","202411162135","2567",952
"2d85d6ec39840f8051854b028fa13073","05837","50250104","202411142317","2567",1
"2d85d6ec39840f8051854b028fa13073","05938","50120205","202411142317","2567",14
"2d85d6ec39840f8051854b028fa13073","05939","50120304","202411142317","2567",5
"2d85d6ec39840f8051854b028fa13073","14461","50190704","202411142317","2567",4
"2d85d6ec39840f8051854b028fa13073","22177","50120707","202411142317","2567",15
"2d85d6ec39840f8051854b028fa13073","23736","50250103","202411142317","2567",35
"2d85d6ec39840f8051854b028fa13073","05944","50120610","202411142317","2567",22
"2d85d6ec39840f8051854b028fa13073","05943","50120603","202411142317","2567",4
"2d85d6ec39840f8051854b028fa13073","05942","50120506","202411142317","2567",2
"2d85d6ec39840f8051854b028fa13073","05941","50120502","202411142317","2567",6
"2d85d6ec39840f8051854b028fa13073","05940","50120402","202411142317","2567",8
"2d85d6ec39840f8051854b028fa13073","06009","50180302","202411142317","2567",10
"2d85d6ec39840f8051854b028fa13073","05980","50150402","202411142317","2567",2
"2d85d6ec39840f8051854b028fa13073","05952","50121505","202411142317","2567",62
"2d85d6ec39840f8051854b028fa13073","05951","50121405","202411142317","2567",2
"2d85d6ec39840f8051854b028fa13073","05950","50121402","202411142317","2567",86
"2d85d6ec39840f8051854b028fa13073","05947","50120807","202411142317","2567",16
"2d85d6ec39840f8051854b028fa13073","05946","50120703","202411142317","2567",100
"2d85d6ec39840f8051854b028fa13073","06018","50190605","202411142317","2567",64
"2d85d6ec39840f8051854b028fa13073","10713","50071010","202411142317","2567",2924
"2d85d6ec39840f8051854b028fa13073","11119","50020702","202411142317","2567",266
"2d85d6ec39840f8051854b028fa13073","11120","50030109","202411142317","2567",269
"2d85d6ec39840f8051854b028fa13073","11121","50040102","202411142317","2567",980
"2d85d6ec39840f8051854b028fa13073","11122","50050108","202411142317","2567",39
"2d85d6ec39840f8051854b028fa13073","11123","50060107","202411142317","2567",909
"2d85d6ec39840f8051854b028fa13073","11124","50080110","202411142317","2567",106
"2d85d6ec39840f8051854b028fa13073","11125","50090104","202411142317","2567",21
"2d85d6ec39840f8051854b028fa13073","11126","50100108","202411142317","2567",4
"2d85d6ec39840f8051854b028fa13073","11129","50130401","202411142317","2567",2095
"2d85d6ec39840f8051854b028fa13073","11128","50120109","202411142317","2567",893
"2d85d6ec39840f8051854b028fa13073","11127","50110104","202411142317","2567",822
"2d85d6ec39840f8051854b028fa13073","11130","50140811","202411142317","2567",587
"2d85d6ec39840f8051854b028fa13073","11132","50160110","202411142317","2567",16
"2d85d6ec39840f8051854b028fa13073","11131","50150103","202411142317","2567",48
"2d85d6ec39840f8051854b028fa13073","11133","50170103","202411142317","2567",23
"2d85d6ec39840f8051854b028fa13073","11134","50180101","202411142317","2567",370
"2d85d6ec39840f8051854b028fa13073","11643","50240125","202411142317","2567",74
"2d85d6ec39840f8051854b028fa13073","11139","50230301","202411142317","2567",3
"2d85d6ec39840f8051854b028fa13073","11137","50210203","202411142317","2567",162
"2d85d6ec39840f8051854b028fa13073","13989","50250303","202411142317","2567",2
"2d85d6ec39840f8051854b028fa13073","13988","50250204","202411142317","2567",6
"2d85d6ec39840f8051854b028fa13073","11135","50190203","202411142317","2567",17
"2d85d6ec39840f8051854b028fa13073","11136","50200103","202411142317","2567",59
"2d85d6ec39840f8051854b028fa13073","03744","34191204","202411162219","2567",2
"2d85d6ec39840f8051854b028fa13073","03784","34250203","202411162219","2567",31
"2d85d6ec39840f8051854b028fa13073","03794","34260410","202411162219","2567",2
"2d85d6ec39840f8051854b028fa13073","03817","34330103","202411162219","2567",16
"2d85d6ec39840f8051854b028fa13073","03818","34330411","202411162219","2567",2
"2d85d6ec39840f8051854b028fa13073","03819","34330307","202411162219","2567",31
"2d85d6ec39840f8051854b028fa13073","03821","34330401","202411162219","2567",8
"2d85d6ec39840f8051854b028fa13073","10669","34010110","202411162219","2567",2204
"2d85d6ec39840f8051854b028fa13073","10944","34020115","202411162219","2567",1254
"2d85d6ec39840f8051854b028fa13073","10945","34030102","202411162219","2567",1241
"2d85d6ec39840f8051854b028fa13073","10946","34040106","202411162219","2567",10986
"2d85d6ec39840f8051854b028fa13073","10947","34050107","202411162219","2567",1885
"2d85d6ec39840f8051854b028fa13073","10948","34080111","202411162219","2567",545
"2d85d6ec39840f8051854b028fa13073","10949","34090712","202411162219","2567",1260
"2d85d6ec39840f8051854b028fa13073","10950","34100101","202411162219","2567",297
"2d85d6ec39840f8051854b028fa13073","10951","34110108","202411162219","2567",10223
"2d85d6ec39840f8051854b028fa13073","10952","34120114","202411162219","2567",398
"2d85d6ec39840f8051854b028fa13073","10953","34140110","202411162219","2567",9544
"2d85d6ec39840f8051854b028fa13073","10954","34151003","202411162219","2567",8182
"2d85d6ec39840f8051854b028fa13073","10956","34190100","202411162219","2567",2222
"2d85d6ec39840f8051854b028fa13073","03626","34080203","202411162219","2567",133
"2d85d6ec39840f8051854b028fa13073","03599","34070210","202411162219","2567",7
"2d85d6ec39840f8051854b028fa13073","10957","34200102","202411162219","2567",218
"2d85d6ec39840f8051854b028fa13073","10958","34210111","202411162219","2567",3532
"2d85d6ec39840f8051854b028fa13073","10959","34220108","202411162219","2567",5212
"2d85d6ec39840f8051854b028fa13073","10960","34240212","202411162219","2567",1242
"2d85d6ec39840f8051854b028fa13073","10961","34250410","202411162219","2567",132
"2d85d6ec39840f8051854b028fa13073","10962","34260303","202411162219","2567",110
"2d85d6ec39840f8051854b028fa13073","11443","34070119","202411162219","2567",557
"2d85d6ec39840f8051854b028fa13073","13881","34330209","202411162219","2567",114
"2d85d6ec39840f8051854b028fa13073","03659","34110307","202411162219","2567",1
"2d85d6ec39840f8051854b028fa13073","21984","34011200","202411162219","2567",902
"2d85d6ec39840f8051854b028fa13073","24032","34300105","202411162219","2567",1037
"2d85d6ec39840f8051854b028fa13073","24821","34290100","202411162219","2567",377
"2d85d6ec39840f8051854b028fa13073","27967","34320412","202411162219","2567",428
"2d85d6ec39840f8051854b028fa13073","27968","34330305","202411162219","2567",108
"2d85d6ec39840f8051854b028fa13073","27976","34310106","202411162219","2567",389
"2d85d6ec39840f8051854b028fa13073","03726","34151807","202411162219","2567",1
"2d85d6ec39840f8051854b028fa13073","03732","34190206","202411162219","2567",3
"2d85d6ec39840f8051854b028fa13073","03712","34141203","202411162219","2567",1
"2d85d6ec39840f8051854b028fa13073","03709","34141110","202411162219","2567",1
"2d85d6ec39840f8051854b028fa13073","13826","30010804","202411260951","2567",2
"2d85d6ec39840f8051854b028fa13073","13827","30011412","202411260951","2567",6
"2d85d6ec39840f8051854b028fa13073","22456","30280305","202411260951","2567",15
"2d85d6ec39840f8051854b028fa13073","23839","30011706","202411260951","2567",263
"2d85d6ec39840f8051854b028fa13073","24692","30320215","202411260951","2567",566
"2d85d6ec39840f8051854b028fa13073","27839","30300105","202411260951","2567",304
"2d85d6ec39840f8051854b028fa13073","27840","30310101","202411260951","2567",1285
"2d85d6ec39840f8051854b028fa13073","27841","30260114","202411260951","2567",546
"2d85d6ec39840f8051854b028fa13073","02806","30210306","202411260951","2567",135
"2d85d6ec39840f8051854b028fa13073","02855","30270102","202411260951","2567",570
"2d85d6ec39840f8051854b028fa13073","02856","30270212","202411260951","2567",37
"2d85d6ec39840f8051854b028fa13073","02857","30270301","202411260951","2567",217
"2d85d6ec39840f8051854b028fa13073","02858","30270405","202411260951","2567",155
"2d85d6ec39840f8051854b028fa13073","02866","30290201","202411260951","2567",33
"2d85d6ec39840f8051854b028fa13073","02868","30290307","202411260951","2567",8
"2d85d6ec39840f8051854b028fa13073","10666","30010100","202411260951","2567",5552
"2d85d6ec39840f8051854b028fa13073","10871","30020104","202411260951","2567",154
"2d85d6ec39840f8051854b028fa13073","10872","30030108","202411260951","2567",187
"2d85d6ec39840f8051854b028fa13073","10873","30040111","202411260951","2567",64
"2d85d6ec39840f8051854b028fa13073","10874","30050116","202411260951","2567",72
"2d85d6ec39840f8051854b028fa13073","10877","30080202","202411260951","2567",157
"2d85d6ec39840f8051854b028fa13073","10876","30070813","202411260951","2567",5012
"2d85d6ec39840f8051854b028fa13073","10875","30060104","202411260951","2567",136
"2d85d6ec39840f8051854b028fa13073","10878","30090101","202411260951","2567",4005
"2d85d6ec39840f8051854b028fa13073","10879","30100106","202411260951","2567",1268
"2d85d6ec39840f8051854b028fa13073","10880","30110113","202411260951","2567",168
"2d85d6ec39840f8051854b028fa13073","10881","30120100","202411260951","2567",223
"2d85d6ec39840f8051854b028fa13073","10882","30130113","202411260951","2567",161
"2d85d6ec39840f8051854b028fa13073","10883","30141701","202411260951","2567",2815
"2d85d6ec39840f8051854b028fa13073","10884","30150101","202411260951","2567",908
"2d85d6ec39840f8051854b028fa13073","10885","30160101","202411260951","2567",2066
"2d85d6ec39840f8051854b028fa13073","10886","30170101","202411260951","2567",4344
"2d85d6ec39840f8051854b028fa13073","10887","30180101","202411260951","2567",1999
"2d85d6ec39840f8051854b028fa13073","10888","30190107","202411260951","2567",72
"2d85d6ec39840f8051854b028fa13073","10890","30210100","202411260951","2567",1708
"2d85d6ec39840f8051854b028fa13073","10891","30220404","202411260951","2567",3485
"2d85d6ec39840f8051854b028fa13073","10892","30230101","202411260951","2567",1441
"2d85d6ec39840f8051854b028fa13073","10893","30240109","202411260951","2567",261
"2d85d6ec39840f8051854b028fa13073","10894","30250503","202411260951","2567",3531
"2d85d6ec39840f8051854b028fa13073","10889","30200902","202411260951","2567",460
"2d85d6ec39840f8051854b028fa13073","11602","30270101","202411260951","2567",2
"2d85d6ec39840f8051854b028fa13073","02548","30011307","202411260951","2567",1
"2d85d6ec39840f8051854b028fa13073","11608","30290101","202411260951","2567",4
"2d85d6ec39840f8051854b028fa13073","77498","30210804","202411260951","2567",5
"2d85d6ec39840f8051854b028fa13073","02554","30011909","202411260951","2567",240
"2d85d6ec39840f8051854b028fa13073","02559","30012301","202411260951","2567",1
"2d85d6ec39840f8051854b028fa13073","11169","54041203","202511162124","2568",680
"2d85d6ec39840f8051854b028fa13073","07478","65010307","202511170921","2568",2
"2d85d6ec39840f8051854b028fa13073","01244","14061404","202511160708","2568",1
"2d85d6ec39840f8051854b028fa13073","11121","50040102","202511160034","2568",1068
"2d85d6ec39840f8051854b028fa13073","10665","25010512","202511161421","2568",3776
"2d85d6ec39840f8051854b028fa13073","04665","42010208","202511160132","2568",709
"2d85d6ec39840f8051854b028fa13073","02121","23010602","202511170344","2568",35
"2d85d6ec39840f8051854b028fa13073","03127","32030312","202511161725","2568",346
"2d85d6ec39840f8051854b028fa13073","02875","31010205","202511152334","2568",5
"2d85d6ec39840f8051854b028fa13073","10715","54010100","202511162124","2568",5895
"2d85d6ec39840f8051854b028fa13073","03090","32010301","202511161725","2568",10
"2d85d6ec39840f8051854b028fa13073","03089","32010201","202511161725","2568",14
"2d85d6ec39840f8051854b028fa13073","03092","32010503","202511161725","2568",22
"2d85d6ec39840f8051854b028fa13073","10107","96030302","202511170439","2568",1
"2d85d6ec39840f8051854b028fa13073","03108","32012201","202511161725","2568",1
"2d85d6ec39840f8051854b028fa13073","07281","63011108","202511171751","2568",3
"2d85d6ec39840f8051854b028fa13073","01057","12060305","202511161332","2568",1
"2d85d6ec39840f8051854b028fa13073","06259","53010805","202511162304","2568",381
"2d85d6ec39840f8051854b028fa13073","07370","64010302","202511170546","2568",2
"2d85d6ec39840f8051854b028fa13073","02164","23040403","202511170344","2568",1
"2d85d6ec39840f8051854b028fa13073","09733","92060602","202511170051","2568",13
"2d85d6ec39840f8051854b028fa13073","02117","23010308","202511170344","2568",126
"2d85d6ec39840f8051854b028fa13073","10670","40010100","202511161840","2568",3778
"2d85d6ec39840f8051854b028fa13073","23816","47010100","202511161953","2568",130
"2d85d6ec39840f8051854b028fa13073","09755","92080203","202511170051","2568",88
"2d85d6ec39840f8051854b028fa13073","03938","36011004","202511161732","2568",1
"2d85d6ec39840f8051854b028fa13073","02116","23010204","202511170344","2568",15
"2d85d6ec39840f8051854b028fa13073","10749","95020100","202511162152","2568",175
"2d85d6ec39840f8051854b028fa13073","11212","60051302","202511161642","2568",18
"2d85d6ec39840f8051854b028fa13073","11211","60040203","202511161642","2568",144
"2d85d6ec39840f8051854b028fa13073","02119","23010504","202511170344","2568",10
"2d85d6ec39840f8051854b028fa13073","07404","64040305","202511170546","2568",34
"2d85d6ec39840f8051854b028fa13073","07402","64040107","202511170546","2568",4
"2d85d6ec39840f8051854b028fa13073","06024","50191203","202511160034","2568",10
"2d85d6ec39840f8051854b028fa13073","03097","32010912","202511161725","2568",13
"2d85d6ec39840f8051854b028fa13073","02124","23010801","202511170344","2568",26
"2d85d6ec39840f8051854b028fa13073","06251","53010205","202511162304","2568",837
"2d85d6ec39840f8051854b028fa13073","04810","38010304","202511161100","2568",168
"2d85d6ec39840f8051854b028fa13073","01692","19020508","202511161456","2568",807
"2d85d6ec39840f8051854b028fa13073","11438","96060102","202511170439","2568",1692
"2d85d6ec39840f8051854b028fa13073","03095","32010701","202511161725","2568",13
"2d85d6ec39840f8051854b028fa13073","10686","12010406","202511161332","2568",3989
"2d85d6ec39840f8051854b028fa13073","03101","32011302","202511161725","2568",12
"2d85d6ec39840f8051854b028fa13073","03099","32011105","202511161725","2568",4
"2d85d6ec39840f8051854b028fa13073","10756","12020108","202511161332","2568",1970
"2d85d6ec39840f8051854b028fa13073","02123","23010705","202511170344","2568",4
"2d85d6ec39840f8051854b028fa13073","05512","47080802","202511161953","2568",187
"2d85d6ec39840f8051854b028fa13073","10678","72010100","202511160540","2568",1051
"2d85d6ec39840f8051854b028fa13073","10708","45010100","202511170403","2568",2369
"2d85d6ec39840f8051854b028fa13073","07077","61011403","202511161325","2568",1
"2d85d6ec39840f8051854b028fa13073","07392","64030303","202511170546","2568",17
"2d85d6ec39840f8051854b028fa13073","08465","74011302","202511160348","2568",1
"2d85d6ec39840f8051854b028fa13073","11306","75020106","202511160521","2568",585
"2d85d6ec39840f8051854b028fa13073","02128","23010904","202511170344","2568",4
"2d85d6ec39840f8051854b028fa13073","11118","49070604","202511142358","2568",970
"2d85d6ec39840f8051854b028fa13073","77745","41010100","202511162336","2568",2543
"2d85d6ec39840f8051854b028fa13073","77690","41010100","202511162336","2568",3532
"2d85d6ec39840f8051854b028fa13073","25059","41250103","202511162336","2568",903
"2d85d6ec39840f8051854b028fa13073","02132","23011202","202511170344","2568",45
"2d85d6ec39840f8051854b028fa13073","10792","16050207","202511162121","2568",199
"2d85d6ec39840f8051854b028fa13073","14247","41230207","202511162336","2568",194
"2d85d6ec39840f8051854b028fa13073","06905","60011407","202511161642","2568",12
"2d85d6ec39840f8051854b028fa13073","06253","53010405","202511162304","2568",921
"2d85d6ec39840f8051854b028fa13073","14246","41190507","202511162336","2568",288
"2d85d6ec39840f8051854b028fa13073","02126","23010806","202511170344","2568",186
"2d85d6ec39840f8051854b028fa13073","11186","56050208","202511162309","2568",6985
"2d85d6ec39840f8051854b028fa13073","02127","23010902","202511170344","2568",193
"2d85d6ec39840f8051854b028fa13073","14248","41240101","202511162336","2568",107
"2d85d6ec39840f8051854b028fa13073","11260","66050309","202511171233","2568",1855
"2d85d6ec39840f8051854b028fa13073","14849","41180105","202511162336","2568",266
"2d85d6ec39840f8051854b028fa13073","01360","15010805","202511161022","2568",3140
"2d85d6ec39840f8051854b028fa13073","01372","15020501","202511161022","2568",26
"2d85d6ec39840f8051854b028fa13073","11439","96070102","202511170439","2568",68
"2d85d6ec39840f8051854b028fa13073","07384","64020401","202511170546","2568",1
"2d85d6ec39840f8051854b028fa13073","10721","62010100","202511162225","2568",2961
"2d85d6ec39840f8051854b028fa13073","03121","32020802","202511161725","2568",1
"2d85d6ec39840f8051854b028fa13073","01534","16070303","202511162121","2568",427
"2d85d6ec39840f8051854b028fa13073","01691","19020504","202511161456","2568",5
"2d85d6ec39840f8051854b028fa13073","02130","23011101","202511170344","2568",357
"2d85d6ec39840f8051854b028fa13073","14846","41040206","202511162336","2568",305
"2d85d6ec39840f8051854b028fa13073","10734","74010100","202511160348","2568",5084
"2d85d6ec39840f8051854b028fa13073","02129","23011005","202511170344","2568",34
"2d85d6ec39840f8051854b028fa13073","02133","23011304","202511170344","2568",22
"2d85d6ec39840f8051854b028fa13073","10713","50071010","202511160034","2568",3275
"2d85d6ec39840f8051854b028fa13073","05907","50090607","202511160034","2568",2
"2d85d6ec39840f8051854b028fa13073","11307","75030707","202511160521","2568",427
"2d85d6ec39840f8051854b028fa13073","02136","23020201","202511170344","2568",1
"2d85d6ec39840f8051854b028fa13073","04783","43010307","202511160651","2568",817
"2d85d6ec39840f8051854b028fa13073","02167","23040503","202511170344","2568",7
"2d85d6ec39840f8051854b028fa13073","06026","50200202","202511160034","2568",1
"2d85d6ec39840f8051854b028fa13073","01532","16062203","202511162121","2568",1
"2d85d6ec39840f8051854b028fa13073","02185","24010402","202511162132","2568",1
"2d85d6ec39840f8051854b028fa13073","06039","50220504","202511160034","2568",27
"2d85d6ec39840f8051854b028fa13073","08554","75030907","202511160521","2568",1
"2d85d6ec39840f8051854b028fa13073","02134","23011402","202511170344","2568",5
"2d85d6ec39840f8051854b028fa13073","08805","80050501","202511152351","2568",1
"2d85d6ec39840f8051854b028fa13073","07554","65060206","202511170921","2568",10
"2d85d6ec39840f8051854b028fa13073","02135","23011408","202511170344","2568",104
"2d85d6ec39840f8051854b028fa13073","11126","50100708","202511160034","2568",106
"2d85d6ec39840f8051854b028fa13073","02138","23020301","202511170344","2568",3
"2d85d6ec39840f8051854b028fa13073","03120","32020711","202511161725","2568",1
"2d85d6ec39840f8051854b028fa13073","05837","50250104","202511160034","2568",21
"2d85d6ec39840f8051854b028fa13073","21440","41220304","202511162336","2568",138
"2d85d6ec39840f8051854b028fa13073","15221","41190405","202511162336","2568",299
"2d85d6ec39840f8051854b028fa13073","14845","41020103","202511162336","2568",1271
"2d85d6ec39840f8051854b028fa13073","03112","32020208","202511161725","2568",4
"2d85d6ec39840f8051854b028fa13073","01536","16070501","202511162121","2568",23
"2d85d6ec39840f8051854b028fa13073","01693","19020601","202511161456","2568",17
"2d85d6ec39840f8051854b028fa13073","01696","19020901","202511161456","2568",89
"2d85d6ec39840f8051854b028fa13073","01537","16070604","202511162121","2568",26
"2d85d6ec39840f8051854b028fa13073","08569","76011306","202511162351","2568",58
"2d85d6ec39840f8051854b028fa13073","25058","41240107","202511162336","2568",1240
"2d85d6ec39840f8051854b028fa13073","08564","76010807","202511162351","2568",1
"2d85d6ec39840f8051854b028fa13073","04569","41080202","202511162336","2568",580
"2d85d6ec39840f8051854b028fa13073","04568","41080105","202511162336","2568",499
"2d85d6ec39840f8051854b028fa13073","07557","65060309","202511170921","2568",24
"2d85d6ec39840f8051854b028fa13073","06830","58010402","202511160836","2568",44
"2d85d6ec39840f8051854b028fa13073","10731","71010303","202511170725","2568",13493
"2d85d6ec39840f8051854b028fa13073","11422","93100101","202511160817","2568",523
"2d85d6ec39840f8051854b028fa13073","10661","19010100","202511161456","2568",2313
"2d85d6ec39840f8051854b028fa13073","01535","16070403","202511162121","2568",120
"2d85d6ec39840f8051854b028fa13073","10807","19020308","202511161456","2568",2487
"2d85d6ec39840f8051854b028fa13073","23745","41011710","202511162336","2568",1033
"2d85d6ec39840f8051854b028fa13073","24933","41020605","202511162336","2568",773
"2d85d6ec39840f8051854b028fa13073","01359","15010703","202511161022","2568",392
"2d85d6ec39840f8051854b028fa13073","02120","23010601","202511170344","2568",7
"2d85d6ec39840f8051854b028fa13073","07464","64080302","202511170546","2568",187
"2d85d6ec39840f8051854b028fa13073","04581","41100104","202511162336","2568",348
"2d85d6ec39840f8051854b028fa13073","04486","41010611","202511162336","2568",2427
"2d85d6ec39840f8051854b028fa13073","01689","19020401","202511161456","2568",12
"2d85d6ec39840f8051854b028fa13073","01465","16020804","202511162121","2568",1
"2d85d6ec39840f8051854b028fa13073","77764","41010100","202511162336","2568",4453
"2d85d6ec39840f8051854b028fa13073","02125","23010802","202511170344","2568",8
"2d85d6ec39840f8051854b028fa13073","10735","75010100","202511160521","2568",28
"2d85d6ec39840f8051854b028fa13073","06842","58020301","202511160836","2568",400
"2d85d6ec39840f8051854b028fa13073","03940","36011201","202511161732","2568",65
"2d85d6ec39840f8051854b028fa13073","11304","74020100","202511160348","2568",1004
"2d85d6ec39840f8051854b028fa13073","13816","23070102","202511170344","2568",548
"2d85d6ec39840f8051854b028fa13073","02151","23030702","202511170344","2568",4
"2d85d6ec39840f8051854b028fa13073","04482","41010302","202511162336","2568",1924
"2d85d6ec39840f8051854b028fa13073","02150","23030608","202511170344","2568",246
"2d85d6ec39840f8051854b028fa13073","02140","23030101","202511170344","2568",58
"2d85d6ec39840f8051854b028fa13073","02149","23030603","202511170344","2568",10
"2d85d6ec39840f8051854b028fa13073","02147","23030505","202511170344","2568",131
"2d85d6ec39840f8051854b028fa13073","02146","23030502","202511170344","2568",6
"2d85d6ec39840f8051854b028fa13073","02145","23030401","202511170344","2568",1
"2d85d6ec39840f8051854b028fa13073","11347","82020102","202511170323","2568",110
"2d85d6ec39840f8051854b028fa13073","08617","76050402","202511162351","2568",2
"2d85d6ec39840f8051854b028fa13073","01362","15010906","202511161022","2568",1
"2d85d6ec39840f8051854b028fa13073","10748","94010100","202511162158","2568",1131
"2d85d6ec39840f8051854b028fa13073","04484","41010501","202511162336","2568",1264
"2d85d6ec39840f8051854b028fa13073","02137","23020203","202511170344","2568",65
"2d85d6ec39840f8051854b028fa13073","04812","38010404","202511161100","2568",727
"2d85d6ec39840f8051854b028fa13073","01429","15070507","202511161022","2568",51
"2d85d6ec39840f8051854b028fa13073","01505","16050713","202511162121","2568",268
"2d85d6ec39840f8051854b028fa13073","04485","41010503","202511162336","2568",943
"2d85d6ec39840f8051854b028fa13073","04490","41010901","202511162336","2568",1394
"2d85d6ec39840f8051854b028fa13073","04487","41010701","202511162336","2568",1135
"2d85d6ec39840f8051854b028fa13073","04498","41011601","202511162336","2568",3364
"2d85d6ec39840f8051854b028fa13073","04488","41010810","202511162336","2568",420
"2d85d6ec39840f8051854b028fa13073","10662","20010502","202511171752","2568",4547
"2d85d6ec39840f8051854b028fa13073","04491","41011005","202511162336","2568",1204
"2d85d6ec39840f8051854b028fa13073","11423","94020203","202511162158","2568",63
"2d85d6ec39840f8051854b028fa13073","04495","41011402","202511162336","2568",2744
"2d85d6ec39840f8051854b028fa13073","04492","41011103","202511162336","2568",1115
"2d85d6ec39840f8051854b028fa13073","04809","38010201","202511161100","2568",201
"2d85d6ec39840f8051854b028fa13073","01694","19020701","202511161456","2568",24
"2d85d6ec39840f8051854b028fa13073","04493","41011201","202511162336","2568",1464
"2d85d6ec39840f8051854b028fa13073","03137","32030901","202511161725","2568",1
"2d85d6ec39840f8051854b028fa13073","07491","65011402","202511170921","2568",44
"2d85d6ec39840f8051854b028fa13073","04494","41011301","202511162336","2568",1737
"2d85d6ec39840f8051854b028fa13073","00933","11010203","202511161045","2568",241
"2d85d6ec39840f8051854b028fa13073","07912","70040902","202511161339","2568",26
"2d85d6ec39840f8051854b028fa13073","04815","38010705","202511161100","2568",225
"2d85d6ec39840f8051854b028fa13073","04489","41010812","202511162336","2568",2079
"2d85d6ec39840f8051854b028fa13073","04496","41011501","202511162336","2568",1331
"2d85d6ec39840f8051854b028fa13073","04497","41011505","202511162336","2568",1075
"2d85d6ec39840f8051854b028fa13073","02144","23030302","202511170344","2568",232
"2d85d6ec39840f8051854b028fa13073","07406","64040504","202511170546","2568",28
"2d85d6ec39840f8051854b028fa13073","07463","64080202","202511170546","2568",60
"2d85d6ec39840f8051854b028fa13073","02143","23030301","202511170344","2568",6
"2d85d6ec39840f8051854b028fa13073","10811","19060104","202511161456","2568",809
"2d85d6ec39840f8051854b028fa13073","10660","14010104","202511160708","2568",4413
"2d85d6ec39840f8051854b028fa13073","07563","65060801","202511170921","2568",3
"2d85d6ec39840f8051854b028fa13073","10688","14120301","202511160708","2568",89
"2d85d6ec39840f8051854b028fa13073","02876","31010304","202511152334","2568",6
"2d85d6ec39840f8051854b028fa13073","01548","16100403","202511162121","2568",756
"2d85d6ec39840f8051854b028fa13073","07407","64040509","202511170546","2568",3
"2d85d6ec39840f8051854b028fa13073","07409","64040707","202511170546","2568",40
"2d85d6ec39840f8051854b028fa13073","07408","64040604","202511170546","2568",56
"2d85d6ec39840f8051854b028fa13073","03153","32050617","202511161725","2568",3
"2d85d6ec39840f8051854b028fa13073","11187","56060601","202511162309","2568",4811
"2d85d6ec39840f8051854b028fa13073","10928","33030105","202511180243","2568",433
"2d85d6ec39840f8051854b028fa13073","10703","37010106","202511161330","2568",71897
"2d85d6ec39840f8051854b028fa13073","04499","41011604","202511162336","2568",1850
"2d85d6ec39840f8051854b028fa13073","04502","41011909","202511162336","2568",976
"2d85d6ec39840f8051854b028fa13073","05511","47080701","202511161953","2568",24
"2d85d6ec39840f8051854b028fa13073","04504","41012102","202511162336","2568",1170
"2d85d6ec39840f8051854b028fa13073","04503","41012001","202511162336","2568",863
"2d85d6ec39840f8051854b028fa13073","08669","76080402","202511162351","2568",630
"2d85d6ec39840f8051854b028fa13073","08664","76080102","202511162351","2568",1
"2d85d6ec39840f8051854b028fa13073","11259","66030102","202511171233","2568",899
"2d85d6ec39840f8051854b028fa13073","05597","48010506","202511171502","2568",406
"2d85d6ec39840f8051854b028fa13073","04782","43010207","202511160651","2568",457
"2d85d6ec39840f8051854b028fa13073","06953","60050602","202511161642","2568",2
"2d85d6ec39840f8051854b028fa13073","11124","50080110","202511160034","2568",429
"2d85d6ec39840f8051854b028fa13073","04500","41011708","202511162336","2568",778
"2d85d6ec39840f8051854b028fa13073","10736","76010200","202511162351","2568",643
"2d85d6ec39840f8051854b028fa13073","02152","23030704","202511170344","2568",3
"2d85d6ec39840f8051854b028fa13073","10743","85010100","202511160712","2568",3573
"2d85d6ec39840f8051854b028fa13073","04788","43010808","202511160651","2568",420
"2d85d6ec39840f8051854b028fa13073","02118","23010404","202511170344","2568",2
"2d85d6ec39840f8051854b028fa13073","11120","50030109","202511160034","2568",227
"2d85d6ec39840f8051854b028fa13073","11309","76030111","202511162351","2568",27
"2d85d6ec39840f8051854b028fa13073","11308","76020105","202511162351","2568",89
"2d85d6ec39840f8051854b028fa13073","03537","34011304","202511170916","2568",1
"2d85d6ec39840f8051854b028fa13073","03790","34260201","202511170916","2568",2
"2d85d6ec39840f8051854b028fa13073","10690","16010601","202511162121","2568",13260
"2d85d6ec39840f8051854b028fa13073","06620","56060302","202511162309","2568",1
"2d85d6ec39840f8051854b028fa13073","03732","34190206","202511170916","2568",6
"2d85d6ec39840f8051854b028fa13073","03783","34250109","202511170916","2568",4
"2d85d6ec39840f8051854b028fa13073","11228","62011212","202511162225","2568",464
"2d85d6ec39840f8051854b028fa13073","10789","16020106","202511162121","2568",1164
"2d85d6ec39840f8051854b028fa13073","10691","16061902","202511162121","2568",1614
"2d85d6ec39840f8051854b028fa13073","22734","21070202","202511170545","2568",874
"2d85d6ec39840f8051854b028fa13073","03172","32060601","202511161725","2568",218
"2d85d6ec39840f8051854b028fa13073","11247","64050103","202511170546","2568",1929
"2d85d6ec39840f8051854b028fa13073","04505","41020105","202511162336","2568",638
"2d85d6ec39840f8051854b028fa13073","04508","41020304","202511162336","2568",502
"2d85d6ec39840f8051854b028fa13073","04506","41020203","202511162336","2568",1116
"2d85d6ec39840f8051854b028fa13073","04507","41020302","202511162336","2568",784
"2d85d6ec39840f8051854b028fa13073","04811","38010401","202511161100","2568",215
"2d85d6ec39840f8051854b028fa13073","03136","32030808","202511161725","2568",1
"2d85d6ec39840f8051854b028fa13073","09774","93010502","202511160817","2568",13
"2d85d6ec39840f8051854b028fa13073","11310","76040100","202511162351","2568",182
"2d85d6ec39840f8051854b028fa13073","05599","48010606","202511171502","2568",273
"2d85d6ec39840f8051854b028fa13073","04787","43010706","202511160651","2568",422
"2d85d6ec39840f8051854b028fa13073","04784","43010403","202511160651","2568",287
"2d85d6ec39840f8051854b028fa13073","04821","38011101","202511161100","2568",111
"2d85d6ec39840f8051854b028fa13073","11263","66080204","202511171233","2568",591
"2d85d6ec39840f8051854b028fa13073","09760","92080602","202511170051","2568",11
"2d85d6ec39840f8051854b028fa13073","02154","23030805","202511170344","2568",1
"2d85d6ec39840f8051854b028fa13073","00934","11010302","202511161045","2568",374
"2d85d6ec39840f8051854b028fa13073","00935","11010305","202511161045","2568",471
"2d85d6ec39840f8051854b028fa13073","00936","11010804","202511161045","2568",422
"2d85d6ec39840f8051854b028fa13073","00937","11011004","202511161045","2568",332
"2d85d6ec39840f8051854b028fa13073","00938","11011101","202511161045","2568",28
"2d85d6ec39840f8051854b028fa13073","00939","11011201","202511161045","2568",61
"2d85d6ec39840f8051854b028fa13073","00943","11011610","202511161045","2568",100
"2d85d6ec39840f8051854b028fa13073","03823","35010203","202511161808","2568",287
"2d85d6ec39840f8051854b028fa13073","06923","60030508","202511161642","2568",14
"2d85d6ec39840f8051854b028fa13073","01501","16050414","202511162121","2568",212
"2d85d6ec39840f8051854b028fa13073","04818","38010907","202511161100","2568",324
"2d85d6ec39840f8051854b028fa13073","10808","19030100","202511161456","2568",983
"2d85d6ec39840f8051854b028fa13073","04674","42010807","202511160132","2568",19
"2d85d6ec39840f8051854b028fa13073","00942","11011501","202511161045","2568",186
"2d85d6ec39840f8051854b028fa13073","00944","11011702","202511161045","2568",10
"2d85d6ec39840f8051854b028fa13073","00949","11020305","202511161045","2568",74
"2d85d6ec39840f8051854b028fa13073","11173","55020204","202511160628","2568",100
"2d85d6ec39840f8051854b028fa13073","10716","55010100","202511160628","2568",4368
"2d85d6ec39840f8051854b028fa13073","09749","92070104","202511170051","2568",754
"2d85d6ec39840f8051854b028fa13073","11148","52040101","202511170720","2568",1650
"2d85d6ec39840f8051854b028fa13073","03818","34330411","202511170916","2568",7
"2d85d6ec39840f8051854b028fa13073","11150","52060703","202511170720","2568",1325
"2d85d6ec39840f8051854b028fa13073","09745","92061702","202511170051","2568",22
"2d85d6ec39840f8051854b028fa13073","04813","38010508","202511161100","2568",114
"2d85d6ec39840f8051854b028fa13073","10790","16030105","202511162121","2568",2149
"2d85d6ec39840f8051854b028fa13073","10791","16040111","202511162121","2568",29
"2d85d6ec39840f8051854b028fa13073","11230","62030109","202511162225","2568",405
"2d85d6ec39840f8051854b028fa13073","04785","43010505","202511160651","2568",258
"2d85d6ec39840f8051854b028fa13073","00946","11020203","202511161045","2568",23
"2d85d6ec39840f8051854b028fa13073","00945","11020106","202511161045","2568",489
"2d85d6ec39840f8051854b028fa13073","10810","19050606","202511161456","2568",74
"2d85d6ec39840f8051854b028fa13073","04786","43010601","202511160651","2568",676
"2d85d6ec39840f8051854b028fa13073","04789","43010805","202511160651","2568",337
"2d85d6ec39840f8051854b028fa13073","00952","11020501","202511161045","2568",131
"2d85d6ec39840f8051854b028fa13073","00951","11020404","202511161045","2568",255
"2d85d6ec39840f8051854b028fa13073","00950","11020308","202511161045","2568",155
"2d85d6ec39840f8051854b028fa13073","11311","76050101","202511162351","2568",81
"2d85d6ec39840f8051854b028fa13073","04822","38011204","202511161100","2568",218
"2d85d6ec39840f8051854b028fa13073","04790","43010901","202511160651","2568",919
"2d85d6ec39840f8051854b028fa13073","04510","41020510","202511162336","2568",1551
"2d85d6ec39840f8051854b028fa13073","04501","41011805","202511162336","2568",1394
"2d85d6ec39840f8051854b028fa13073","04667","42010303","202511160132","2568",2536
"2d85d6ec39840f8051854b028fa13073","11170","54060103","202511162124","2568",327
"2d85d6ec39840f8051854b028fa13073","10758","12040103","202511161332","2568",1127
"2d85d6ec39840f8051854b028fa13073","03110","32012608","202511161725","2568",14
"2d85d6ec39840f8051854b028fa13073","06278","53030208","202511162304","2568",195
"2d85d6ec39840f8051854b028fa13073","04509","41020401","202511162336","2568",1464
"2d85d6ec39840f8051854b028fa13073","01370","15020305","202511161022","2568",2
"2d85d6ec39840f8051854b028fa13073","04820","38011011","202511161100","2568",57
"2d85d6ec39840f8051854b028fa13073","04516","41030407","202511162336","2568",1038
"2d85d6ec39840f8051854b028fa13073","09436","90010204","202511170514","2568",1
"2d85d6ec39840f8051854b028fa13073","10732","71050604","202511170725","2568",3667
"2d85d6ec39840f8051854b028fa13073","11175","55040306","202511160628","2568",282
"2d85d6ec39840f8051854b028fa13073","11285","71090108","202511170725","2568",267
"2d85d6ec39840f8051854b028fa13073","01369","15020204","202511161022","2568",1
"2d85d6ec39840f8051854b028fa13073","11261","66060102","202511171233","2568",1467
"2d85d6ec39840f8051854b028fa13073","10827","21011300","202511170545","2568",668
"2d85d6ec39840f8051854b028fa13073","10684","95010100","202511162152","2568",2464
"2d85d6ec39840f8051854b028fa13073","06840","58020103","202511160836","2568",169
"2d85d6ec39840f8051854b028fa13073","01368","15020101","202511161022","2568",47
"2d85d6ec39840f8051854b028fa13073","04511","41020701","202511162336","2568",1209
"2d85d6ec39840f8051854b028fa13073","04515","41030302","202511162336","2568",864
"2d85d6ec39840f8051854b028fa13073","11119","50020702","202511160034","2568",1494
"2d85d6ec39840f8051854b028fa13073","11122","50050108","202511160034","2568",294
"2d85d6ec39840f8051854b028fa13073","02877","31010401","202511152334","2568",59
"2d85d6ec39840f8051854b028fa13073","03867","35040507","202511161808","2568",187
"2d85d6ec39840f8051854b028fa13073","10680","80010100","202511152351","2568",5825
"2d85d6ec39840f8051854b028fa13073","04791","43011001","202511160651","2568",439
"2d85d6ec39840f8051854b028fa13073","10695","19090308","202511161456","2568",39
"2d85d6ec39840f8051854b028fa13073","04824","38020201","202511161100","2568",9
"2d85d6ec39840f8051854b028fa13073","00947","11020208","202511161045","2568",35
"2d85d6ec39840f8051854b028fa13073","04814","38010605","202511161100","2568",169
"2d85d6ec39840f8051854b028fa13073","04523","41040215","202511162336","2568",1472
"2d85d6ec39840f8051854b028fa13073","04669","42010501","202511160132","2568",1
"2d85d6ec39840f8051854b028fa13073","03133","32030702","202511161725","2568",2
"2d85d6ec39840f8051854b028fa13073","03251","32120801","202511161725","2568",44
"2d85d6ec39840f8051854b028fa13073","04520","41030704","202511162336","2568",469
"2d85d6ec39840f8051854b028fa13073","02153","23030802","202511170344","2568",14
"2d85d6ec39840f8051854b028fa13073","04671","42010705","202511160132","2568",1
"2d85d6ec39840f8051854b028fa13073","11167","54030106","202511162124","2568",1440
"2d85d6ec39840f8051854b028fa13073","77750","65011703","202511170921","2568",4
"2d85d6ec39840f8051854b028fa13073","01364","15011105","202511161022","2568",1
"2d85d6ec39840f8051854b028fa13073","01371","15020405","202511161022","2568",72
"2d85d6ec39840f8051854b028fa13073","10812","19070102","202511161456","2568",185
"2d85d6ec39840f8051854b028fa13073","01499","16050303","202511162121","2568",362
"2d85d6ec39840f8051854b028fa13073","10793","16070109","202511162121","2568",1608
"2d85d6ec39840f8051854b028fa13073","05595","48010306","202511171502","2568",248
"2d85d6ec39840f8051854b028fa13073","06601","56040302","202511162309","2568",245
"2d85d6ec39840f8051854b028fa13073","03476","33140711","202511180243","2568",1
"2d85d6ec39840f8051854b028fa13073","04521","41030705","202511162336","2568",346
"2d85d6ec39840f8051854b028fa13073","04522","41040109","202511162336","2568",2159
"2d85d6ec39840f8051854b028fa13073","77510","21010202","202511170545","2568",12
"2d85d6ec39840f8051854b028fa13073","01506","16050806","202511162121","2568",623
"2d85d6ec39840f8051854b028fa13073","09459","90030501","202511170514","2568",20
"2d85d6ec39840f8051854b028fa13073","14007","53080504","202511162304","2568",167
"2d85d6ec39840f8051854b028fa13073","04519","41030607","202511162336","2568",238
"2d85d6ec39840f8051854b028fa13073","04675","42010903","202511160132","2568",59
"2d85d6ec39840f8051854b028fa13073","09784","93011103","202511160817","2568",3
"2d85d6ec39840f8051854b028fa13073","11432","95030107","202511162152","2568",10
"2d85d6ec39840f8051854b028fa13073","01500","16050402","202511162121","2568",258
"2d85d6ec39840f8051854b028fa13073","00948","11020303","202511161045","2568",61
"2d85d6ec39840f8051854b028fa13073","00953","11020513","202511161045","2568",89
"2d85d6ec39840f8051854b028fa13073","10676","65010100","202511170921","2568",577
"2d85d6ec39840f8051854b028fa13073","05600","48010611","202511171502","2568",124
"2d85d6ec39840f8051854b028fa13073","11123","50060107","202511160034","2568",1371
"2d85d6ec39840f8051854b028fa13073","09776","93010607","202511160817","2568",17
"2d85d6ec39840f8051854b028fa13073","09831","93050503","202511160817","2568",122
"2d85d6ec39840f8051854b028fa13073","00956","11020806","202511161045","2568",111
"2d85d6ec39840f8051854b028fa13073","07403","64040109","202511170546","2568",30
"2d85d6ec39840f8051854b028fa13073","04869","38040210","202511161100","2568",177
"2d85d6ec39840f8051854b028fa13073","02161","23040301","202511170344","2568",1
"2d85d6ec39840f8051854b028fa13073","09779","93010807","202511160817","2568",10
"2d85d6ec39840f8051854b028fa13073","09777","93010708","202511160817","2568",3
"2d85d6ec39840f8051854b028fa13073","09785","93011101","202511160817","2568",6
"2d85d6ec39840f8051854b028fa13073","05406","46120308","202511170507","2568",4
"2d85d6ec39840f8051854b028fa13073","10692","17010100","202511160854","2568",1287
"2d85d6ec39840f8051854b028fa13073","03468","33130512","202511180243","2568",3
"2d85d6ec39840f8051854b028fa13073","03252","32120901","202511161725","2568",183
"2d85d6ec39840f8051854b028fa13073","03160","32051104","202511161725","2568",15
"2d85d6ec39840f8051854b028fa13073","03165","32051602","202511161725","2568",3
"2d85d6ec39840f8051854b028fa13073","10700","33010200","202511180243","2568",4012
"2d85d6ec39840f8051854b028fa13073","10927","33020107","202511180243","2568",985
"2d85d6ec39840f8051854b028fa13073","04793","43011105","202511160651","2568",588
"2d85d6ec39840f8051854b028fa13073","09800","93020304","202511160817","2568",78
"2d85d6ec39840f8051854b028fa13073","06640","56080304","202511162309","2568",128
"2d85d6ec39840f8051854b028fa13073","04794","43011303","202511160651","2568",511
"2d85d6ec39840f8051854b028fa13073","04825","38020411","202511161100","2568",1
"2d85d6ec39840f8051854b028fa13073","06258","53010801","202511162304","2568",350
"2d85d6ec39840f8051854b028fa13073","02878","31010502","202511152334","2568",11
"2d85d6ec39840f8051854b028fa13073","04525","41040306","202511162336","2568",1231
"2d85d6ec39840f8051854b028fa13073","04524","41040304","202511162336","2568",1324
"2d85d6ec39840f8051854b028fa13073","05596","48010407","202511171502","2568",257
"2d85d6ec39840f8051854b028fa13073","11146","52020411","202511170720","2568",294
"2d85d6ec39840f8051854b028fa13073","05608","48011004","202511171502","2568",161
"2d85d6ec39840f8051854b028fa13073","09781","93010908","202511160817","2568",4
"2d85d6ec39840f8051854b028fa13073","04795","43011603","202511160651","2568",217
"2d85d6ec39840f8051854b028fa13073","04796","43011702","202511160651","2568",980
"2d85d6ec39840f8051854b028fa13073","04802","43020406","202511160651","2568",56
"2d85d6ec39840f8051854b028fa13073","04803","43020503","202511160651","2568",18
"2d85d6ec39840f8051854b028fa13073","04800","43020209","202511160651","2568",76
"2d85d6ec39840f8051854b028fa13073","04799","43020211","202511160651","2568",33
"2d85d6ec39840f8051854b028fa13073","10682","90110100","202511170514","2568",12187
"2d85d6ec39840f8051854b028fa13073","10929","33040605","202511180243","2568",2594
"2d85d6ec39840f8051854b028fa13073","04817","38010910","202511161100","2568",160
"2d85d6ec39840f8051854b028fa13073","05598","48010602","202511171502","2568",83
"2d85d6ec39840f8051854b028fa13073","04680","42011201","202511160132","2568",61
"2d85d6ec39840f8051854b028fa13073","10931","33060120","202511180243","2568",5200
"2d85d6ec39840f8051854b028fa13073","04527","41250306","202511162336","2568",604
"2d85d6ec39840f8051854b028fa13073","04530","41250203","202511162336","2568",423
"2d85d6ec39840f8051854b028fa13073","04531","41250210","202511162336","2568",622
"2d85d6ec39840f8051854b028fa13073","05601","48010701","202511171502","2568",207
"2d85d6ec39840f8051854b028fa13073","04681","42011307","202511160132","2568",4
"2d85d6ec39840f8051854b028fa13073","04843","38030211","202511161100","2568",35
"2d85d6ec39840f8051854b028fa13073","06880","58060201","202511160836","2568",1
"2d85d6ec39840f8051854b028fa13073","10930","33050906","202511180243","2568",3625
"2d85d6ec39840f8051854b028fa13073","04797","43011801","202511160651","2568",278
"2d85d6ec39840f8051854b028fa13073","04798","43011907","202511160651","2568",379
"2d85d6ec39840f8051854b028fa13073","04827","38020702","202511161100","2568",1
"2d85d6ec39840f8051854b028fa13073","09789","93011306","202511160817","2568",3
"2d85d6ec39840f8051854b028fa13073","06600","56040206","202511162309","2568",6
"2d85d6ec39840f8051854b028fa13073","01503","16050603","202511162121","2568",236
"2d85d6ec39840f8051854b028fa13073","04844","38030316","202511161100","2568",241
"2d85d6ec39840f8051854b028fa13073","01373","15020703","202511161022","2568",1
"2d85d6ec39840f8051854b028fa13073","10813","19080109","202511161456","2568",4203
"2d85d6ec39840f8051854b028fa13073","11117","49060109","202511142358","2568",1395
"2d85d6ec39840f8051854b028fa13073","06621","56060307","202511162309","2568",473
"2d85d6ec39840f8051854b028fa13073","40744","56080200","202511162309","2568",613
"2d85d6ec39840f8051854b028fa13073","06844","58020307","202511160836","2568",81
"2d85d6ec39840f8051854b028fa13073","04845","38030313","202511161100","2568",41
"2d85d6ec39840f8051854b028fa13073","11189","57040120","202511161206","2568",770
"2d85d6ec39840f8051854b028fa13073","09782","93011008","202511160817","2568",122
"2d85d6ec39840f8051854b028fa13073","09791","93011311","202511160817","2568",16
"2d85d6ec39840f8051854b028fa13073","04805","43020702","202511160651","2568",103
"2d85d6ec39840f8051854b028fa13073","03943","36011408","202511161732","2568",16
"2d85d6ec39840f8051854b028fa13073","09792","93011401","202511160817","2568",8
"2d85d6ec39840f8051854b028fa13073","04804","43020604","202511160651","2568",415
"2d85d6ec39840f8051854b028fa13073","09795","93011505","202511160817","2568",6
"2d85d6ec39840f8051854b028fa13073","09797","93020202","202511160817","2568",26
"2d85d6ec39840f8051854b028fa13073","09829","93050403","202511160817","2568",1
"2d85d6ec39840f8051854b028fa13073","04806","43020806","202511160651","2568",206
"2d85d6ec39840f8051854b028fa13073","11176","55060906","202511160628","2568",105
"2d85d6ec39840f8051854b028fa13073","11283","71070101","202511170725","2568",1
"2d85d6ec39840f8051854b028fa13073","09802","93020406","202511160817","2568",1
"2d85d6ec39840f8051854b028fa13073","04828","43050203","202511160651","2568",665
"2d85d6ec39840f8051854b028fa13073","04808","43021010","202511160651","2568",51
"2d85d6ec39840f8051854b028fa13073","06254","53010504","202511162304","2568",698
"2d85d6ec39840f8051854b028fa13073","10718","56030104","202511162309","2568",3574
"2d85d6ec39840f8051854b028fa13073","03840","35011501","202511161808","2568",137
"2d85d6ec39840f8051854b028fa13073","11046","38040101","202511161100","2568",1385
"2d85d6ec39840f8051854b028fa13073","10828","21020201","202511170545","2568",17335
"2d85d6ec39840f8051854b028fa13073","01728","19040501","202511161456","2568",260
"2d85d6ec39840f8051854b028fa13073","06845","58020401","202511160836","2568",71
"2d85d6ec39840f8051854b028fa13073","11631","66120113","202511171233","2568",1091
"2d85d6ec39840f8051854b028fa13073","09803","93020502","202511160817","2568",9
"2d85d6ec39840f8051854b028fa13073","09808","93030208","202511160817","2568",1
"2d85d6ec39840f8051854b028fa13073","04829","43050214","202511160651","2568",410
"2d85d6ec39840f8051854b028fa13073","02196","24011502","202511162132","2568",1
"2d85d6ec39840f8051854b028fa13073","03253","32121001","202511161725","2568",185
"2d85d6ec39840f8051854b028fa13073","05616","48011403","202511171502","2568",1020
"2d85d6ec39840f8051854b028fa13073","09804","93020504","202511160817","2568",20
"2d85d6ec39840f8051854b028fa13073","05617","48011507","202511171502","2568",289
"2d85d6ec39840f8051854b028fa13073","04831","43050306","202511160651","2568",1089
"2d85d6ec39840f8051854b028fa13073","06260","53010902","202511162304","2568",262
"2d85d6ec39840f8051854b028fa13073","05621","48020408","202511171502","2568",12
"2d85d6ec39840f8051854b028fa13073","01375","15020901","202511161022","2568",2
"2d85d6ec39840f8051854b028fa13073","27978","66090112","202511171233","2568",703
"2d85d6ec39840f8051854b028fa13073","06261","53010908","202511162304","2568",474
"2d85d6ec39840f8051854b028fa13073","09814","93030704","202511160817","2568",16
"2d85d6ec39840f8051854b028fa13073","14208","93040302","202511160817","2568",3
"2d85d6ec39840f8051854b028fa13073","09821","93040105","202511160817","2568",1
"2d85d6ec39840f8051854b028fa13073","09822","93040301","202511160817","2568",12
"2d85d6ec39840f8051854b028fa13073","10757","12030103","202511161332","2568",658
"2d85d6ec39840f8051854b028fa13073","04846","38030412","202511161100","2568",10
"2d85d6ec39840f8051854b028fa13073","09825","93040308","202511160817","2568",63
"2d85d6ec39840f8051854b028fa13073","10745","90010402","202511170514","2568",11138
"2d85d6ec39840f8051854b028fa13073","11386","90020101","202511170514","2568",36
"2d85d6ec39840f8051854b028fa13073","11387","90030102","202511170514","2568",426
"2d85d6ec39840f8051854b028fa13073","11388","90040100","202511170514","2568",549
"2d85d6ec39840f8051854b028fa13073","11390","90050105","202511170514","2568",83
"2d85d6ec39840f8051854b028fa13073","11174","55030205","202511160628","2568",179
"2d85d6ec39840f8051854b028fa13073","11116","49051412","202511142358","2568",1969
"2d85d6ec39840f8051854b028fa13073","01387","15040305","202511161022","2568",1
"2d85d6ec39840f8051854b028fa13073","13884","35060509","202511161808","2568",20
"2d85d6ec39840f8051854b028fa13073","09421","86070703","202511162053","2568",7
"2d85d6ec39840f8051854b028fa13073","04847","38030409","202511161100","2568",32
"2d85d6ec39840f8051854b028fa13073","11380","86040904","202511162053","2568",45
"2d85d6ec39840f8051854b028fa13073","00954","11020606","202511161045","2568",66
"2d85d6ec39840f8051854b028fa13073","05618","48020207","202511171502","2568",226
"2d85d6ec39840f8051854b028fa13073","06255","53010602","202511162304","2568",830
"2d85d6ec39840f8051854b028fa13073","11452","54050109","202511162124","2568",1035
"2d85d6ec39840f8051854b028fa13073","11412","92070507","202511170051","2568",38
"2d85d6ec39840f8051854b028fa13073","09827","93050205","202511160817","2568",3
"2d85d6ec39840f8051854b028fa13073","09818","93040207","202511160817","2568",3
"2d85d6ec39840f8051854b028fa13073","09828","93050402","202511160817","2568",18
"2d85d6ec39840f8051854b028fa13073","04676","42010908","202511160132","2568",19
"2d85d6ec39840f8051854b028fa13073","04528","41040607","202511162336","2568",892
"2d85d6ec39840f8051854b028fa13073","05620","48020311","202511171502","2568",111
"2d85d6ec39840f8051854b028fa13073","09669","92012007","202511170051","2568",15
"2d85d6ec39840f8051854b028fa13073","03939","36011103","202511161732","2568",2
"2d85d6ec39840f8051854b028fa13073","09833","93050806","202511160817","2568",7
"2d85d6ec39840f8051854b028fa13073","06269","53011503","202511162304","2568",2311
"2d85d6ec39840f8051854b028fa13073","10744","86010100","202511162053","2568",8329
"2d85d6ec39840f8051854b028fa13073","04852","38030708","202511161100","2568",15
"2d85d6ec39840f8051854b028fa13073","09823","93040304","202511160817","2568",4
"2d85d6ec39840f8051854b028fa13073","09834","93050902","202511160817","2568",40
"2d85d6ec39840f8051854b028fa13073","04830","43050302","202511160651","2568",654
"2d85d6ec39840f8051854b028fa13073","04689","42030207","202511160132","2568",371
"2d85d6ec39840f8051854b028fa13073","04691","42030307","202511160132","2568",725
"2d85d6ec39840f8051854b028fa13073","03865","35040401","202511161808","2568",25
"2d85d6ec39840f8051854b028fa13073","09786","93011203","202511160817","2568",5
"2d85d6ec39840f8051854b028fa13073","06265","53011203","202511162304","2568",92
"2d85d6ec39840f8051854b028fa13073","10704","39010101","202511161004","2568",1144
"2d85d6ec39840f8051854b028fa13073","04807","43020902","202511160651","2568",107
"2d85d6ec39840f8051854b028fa13073","11188","56070209","202511162309","2568",2236
"2d85d6ec39840f8051854b028fa13073","06643","56080502","202511162309","2568",268
"2d85d6ec39840f8051854b028fa13073","06642","56080408","202511162309","2568",57
"2d85d6ec39840f8051854b028fa13073","10689","15010200","202511161022","2568",1294
"2d85d6ec39840f8051854b028fa13073","10954","34151003","202511170916","2568",21121
"2d85d6ec39840f8051854b028fa13073","04849","38030509","202511161100","2568",5
"2d85d6ec39840f8051854b028fa13073","04833","43050413","202511160651","2568",860
"2d85d6ec39840f8051854b028fa13073","04529","41040704","202511162336","2568",567
"2d85d6ec39840f8051854b028fa13073","11455","65020107","202511170921","2568",563
"2d85d6ec39840f8051854b028fa13073","11256","65080105","202511170921","2568",1150
"2d85d6ec39840f8051854b028fa13073","10768","14020100","202511160708","2568",2653
"2d85d6ec39840f8051854b028fa13073","06846","58020405","202511160836","2568",34
"2d85d6ec39840f8051854b028fa13073","04848","38030514","202511161100","2568",48
"2d85d6ec39840f8051854b028fa13073","10769","14030302","202511160708","2568",796
"2d85d6ec39840f8051854b028fa13073","10817","20020101","202511171752","2568",13696
"2d85d6ec39840f8051854b028fa13073","10818","20030101","202511171752","2568",131
"2d85d6ec39840f8051854b028fa13073","10819","20040805","202511171752","2568",4853
"2d85d6ec39840f8051854b028fa13073","11312","76061608","202511162351","2568",265
"2d85d6ec39840f8051854b028fa13073","03159","32051004","202511161725","2568",1
"2d85d6ec39840f8051854b028fa13073","10759","12050105","202511161332","2568",477
"2d85d6ec39840f8051854b028fa13073","10760","12061005","202511161332","2568",64
"2d85d6ec39840f8051854b028fa13073","01008","12020205","202511161332","2568",1
"2d85d6ec39840f8051854b028fa13073","09840","93051310","202511160817","2568",7
"2d85d6ec39840f8051854b028fa13073","04834","43050606","202511160651","2568",103
"2d85d6ec39840f8051854b028fa13073","11375","86010203","202511162053","2568",25
"2d85d6ec39840f8051854b028fa13073","04526","41040403","202511162336","2568",628
"2d85d6ec39840f8051854b028fa13073","11184","56020107","202511162309","2568",1220
"2d85d6ec39840f8051854b028fa13073","11456","66040100","202511171233","2568",993
"2d85d6ec39840f8051854b028fa13073","06307","53070203","202511162304","2568",233
"2d85d6ec39840f8051854b028fa13073","06847","58020501","202511160836","2568",151
"2d85d6ec39840f8051854b028fa13073","06308","53070205","202511162304","2568",169
"2d85d6ec39840f8051854b028fa13073","10995","40020609","202511161840","2568",1120
"2d85d6ec39840f8051854b028fa13073","04851","38030604","202511161100","2568",5
"2d85d6ec39840f8051854b028fa13073","04792","43011014","202511160651","2568",533
"2d85d6ec39840f8051854b028fa13073","11257","65090602","202511170921","2568",1539
"2d85d6ec39840f8051854b028fa13073","05411","46120803","202511170507","2568",2958
"2d85d6ec39840f8051854b028fa13073","01729","19040507","202511161456","2568",116
"2d85d6ec39840f8051854b028fa13073","11391","90060101","202511170514","2568",134
"2d85d6ec39840f8051854b028fa13073","05622","48020501","202511171502","2568",92
"2d85d6ec39840f8051854b028fa13073","03879","35050202","202511161808","2568",113
"2d85d6ec39840f8051854b028fa13073","11377","86030107","202511162053","2568",16
"2d85d6ec39840f8051854b028fa13073","06268","53011401","202511162304","2568",357
"2d85d6ec39840f8051854b028fa13073","02155","23040101","202511170344","2568",55
"2d85d6ec39840f8051854b028fa13073","11171","54070108","202511162124","2568",306
"2d85d6ec39840f8051854b028fa13073","03874","35040903","202511161808","2568",39
"2d85d6ec39840f8051854b028fa13073","01502","16050507","202511162121","2568",266
"2d85d6ec39840f8051854b028fa13073","04871","38040402","202511161100","2568",90
"2d85d6ec39840f8051854b028fa13073","04836","43050815","202511160651","2568",1
"2d85d6ec39840f8051854b028fa13073","05624","48020702","202511171502","2568",88
"2d85d6ec39840f8051854b028fa13073","04839","43051301","202511160651","2568",140
"2d85d6ec39840f8051854b028fa13073","04534","41041003","202511162336","2568",1394
"2d85d6ec39840f8051854b028fa13073","06639","56080205","202511162309","2568",300
"2d85d6ec39840f8051854b028fa13073","10717","56010700","202511162309","2568",1117
"2d85d6ec39840f8051854b028fa13073","10784","15030200","202511161022","2568",174
"2d85d6ec39840f8051854b028fa13073","11461","95050106","202511162152","2568",2360
"2d85d6ec39840f8051854b028fa13073","10679","73010100","202511160726","2568",2607
"2d85d6ec39840f8051854b028fa13073","10991","39020106","202511161004","2568",1857
"2d85d6ec39840f8051854b028fa13073","03880","35050305","202511161808","2568",410
"2d85d6ec39840f8051854b028fa13073","09637","91050305","202511170519","2568",890
"2d85d6ec39840f8051854b028fa13073","11185","56040201","202511162309","2568",1347
"2d85d6ec39840f8051854b028fa13073","01097","13020513","202511170532","2568",9
"2d85d6ec39840f8051854b028fa13073","01094","13020407","202511170532","2568",26
"2d85d6ec39840f8051854b028fa13073","01093","13020308","202511170532","2568",10
"2d85d6ec39840f8051854b028fa13073","01092","13020213","202511170532","2568",13
"2d85d6ec39840f8051854b028fa13073","01090","13020113","202511170532","2568",8
"2d85d6ec39840f8051854b028fa13073","10761","13020607","202511170532","2568",353
"2d85d6ec39840f8051854b028fa13073","04887","38060303","202511161100","2568",210
"2d85d6ec39840f8051854b028fa13073","04837","43050806","202511160651","2568",83
"2d85d6ec39840f8051854b028fa13073","04856","13020305","202511170532","2568",235
"2d85d6ec39840f8051854b028fa13073","10687","13010105","202511170532","2568",2960
"2d85d6ec39840f8051854b028fa13073","01095","13020413","202511170532","2568",6
"2d85d6ec39840f8051854b028fa13073","10762","13030302","202511170532","2568",1794
"2d85d6ec39840f8051854b028fa13073","01391","15040603","202511161022","2568",1
"2d85d6ec39840f8051854b028fa13073","00955","11020707","202511161045","2568",214
"2d85d6ec39840f8051854b028fa13073","10934","33090102","202511180243","2568",10726
"2d85d6ec39840f8051854b028fa13073","01018","12020805","202511161332","2568",1
"2d85d6ec39840f8051854b028fa13073","03881","35050306","202511161808","2568",354
"2d85d6ec39840f8051854b028fa13073","06283","53030501","202511162304","2568",67
"2d85d6ec39840f8051854b028fa13073","02200","24011813","202511162132","2568",4
"2d85d6ec39840f8051854b028fa13073","11049","38070111","202511161100","2568",799
"2d85d6ec39840f8051854b028fa13073","04533","41040913","202511162336","2568",643
"2d85d6ec39840f8051854b028fa13073","03171","32060505","202511161725","2568",2
"2d85d6ec39840f8051854b028fa13073","06843","58020306","202511160836","2568",43
"2d85d6ec39840f8051854b028fa13073","11434","95060101","202511162152","2568",1126
"2d85d6ec39840f8051854b028fa13073","11113","49020111","202511142358","2568",1507
"2d85d6ec39840f8051854b028fa13073","04838","43050901","202511160651","2568",596
"2d85d6ec39840f8051854b028fa13073","10957","34200102","202511170916","2568",1704
"2d85d6ec39840f8051854b028fa13073","05623","48020602","202511171502","2568",391
"2d85d6ec39840f8051854b028fa13073","08593","76030101","202511162351","2568",12
"2d85d6ec39840f8051854b028fa13073","05615","48011305","202511171502","2568",356
"2d85d6ec39840f8051854b028fa13073","05628","48030208","202511171502","2568",12
"2d85d6ec39840f8051854b028fa13073","06623","56060404","202511162309","2568",1
"2d85d6ec39840f8051854b028fa13073","04840","43051311","202511160651","2568",676
"2d85d6ec39840f8051854b028fa13073","04872","38040411","202511161100","2568",9
"2d85d6ec39840f8051854b028fa13073","00961","11030401","202511161045","2568",3
"2d85d6ec39840f8051854b028fa13073","04858","43070503","202511160651","2568",163
"2d85d6ec39840f8051854b028fa13073","11392","90070105","202511170514","2568",1014
"2d85d6ec39840f8051854b028fa13073","01727","19040304","202511161456","2568",70
"2d85d6ec39840f8051854b028fa13073","01726","19040107","202511161456","2568",22
"2d85d6ec39840f8051854b028fa13073","01725","19040104","202511161456","2568",25
"2d85d6ec39840f8051854b028fa13073","11379","86041205","202511162053","2568",423
"2d85d6ec39840f8051854b028fa13073","11262","66070105","202511171233","2568",1688
"2d85d6ec39840f8051854b028fa13073","10858","25030201","202511161421","2568",17
"2d85d6ec39840f8051854b028fa13073","10966","35050104","202511161808","2568",1290
"2d85d6ec39840f8051854b028fa13073","11177","55070111","202511160628","2568",119
"2d85d6ec39840f8051854b028fa13073","11282","71060101","202511170725","2568",36
"2d85d6ec39840f8051854b028fa13073","10672","52010200","202511170720","2568",16449
"2d85d6ec39840f8051854b028fa13073","09852","93060504","202511160817","2568",4
"2d85d6ec39840f8051854b028fa13073","11421","93090101","202511160817","2568",34
"2d85d6ec39840f8051854b028fa13073","09762","92090114","202511170051","2568",1
"2d85d6ec39840f8051854b028fa13073","27980","66110502","202511171233","2568",620
"2d85d6ec39840f8051854b028fa13073","09146","84010401","202511170614","2568",1
"2d85d6ec39840f8051854b028fa13073","04855","43070308","202511160651","2568",181
"2d85d6ec39840f8051854b028fa13073","10785","15040104","202511161022","2568",1615
"2d85d6ec39840f8051854b028fa13073","10782","15020605","202511161022","2568",2915
"2d85d6ec39840f8051854b028fa13073","10956","34190100","202511170916","2568",2665
"2d85d6ec39840f8051854b028fa13073","10795","16090102","202511162121","2568",322
"2d85d6ec39840f8051854b028fa13073","11229","62020104","202511162225","2568",1107
"2d85d6ec39840f8051854b028fa13073","10857","25020105","202511161421","2568",1877
"2d85d6ec39840f8051854b028fa13073","01435","16010701","202511162121","2568",16
"2d85d6ec39840f8051854b028fa13073","04885","38060104","202511161100","2568",504
"2d85d6ec39840f8051854b028fa13073","10814","19100102","202511161456","2568",263
"2d85d6ec39840f8051854b028fa13073","10763","13030100","202511170532","2568",82
"2d85d6ec39840f8051854b028fa13073","04841","43052104","202511160651","2568",1978
"2d85d6ec39840f8051854b028fa13073","10935","33100107","202511180243","2568",50424
"2d85d6ec39840f8051854b028fa13073","05625","48020707","202511171502","2568",65
"2d85d6ec39840f8051854b028fa13073","11357","84020709","202511170614","2568",846
"2d85d6ec39840f8051854b028fa13073","09841","93051602","202511160817","2568",28
"2d85d6ec39840f8051854b028fa13073","01777","19110112","202511161456","2568",3
"2d85d6ec39840f8051854b028fa13073","10967","35060104","202511161808","2568",2698
"2d85d6ec39840f8051854b028fa13073","04875","38040602","202511161100","2568",6
"2d85d6ec39840f8051854b028fa13073","06848","58020603","202511160836","2568",122
"2d85d6ec39840f8051854b028fa13073","11164","53080501","202511162304","2568",519
"2d85d6ec39840f8051854b028fa13073","10786","15050101","202511161022","2568",2306
"2d85d6ec39840f8051854b028fa13073","11172","54080304","202511162124","2568",268
"2d85d6ec39840f8051854b028fa13073","10953","34140110","202511170916","2568",6462
"2d85d6ec39840f8051854b028fa13073","04537","41041403","202511162336","2568",452
"2d85d6ec39840f8051854b028fa13073","10796","16100311","202511162121","2568",25
"2d85d6ec39840f8051854b028fa13073","01785","19110709","202511161456","2568",3
"2d85d6ec39840f8051854b028fa13073","02157","23040106","202511170344","2568",1
"2d85d6ec39840f8051854b028fa13073","06318","53071003","202511162304","2568",346
"2d85d6ec39840f8051854b028fa13073","04536","41041309","202511162336","2568",1294
"2d85d6ec39840f8051854b028fa13073","04874","38040510","202511161100","2568",80
"2d85d6ec39840f8051854b028fa13073","09200","84060902","202511170614","2568",1
"2d85d6ec39840f8051854b028fa13073","04696","42030603","202511160132","2568",483
"2d85d6ec39840f8051854b028fa13073","04690","42030303","202511160132","2568",343
"2d85d6ec39840f8051854b028fa13073","06885","58070106","202511160836","2568",17
"2d85d6ec39840f8051854b028fa13073","07694","66080405","202511171233","2568",1
"2d85d6ec39840f8051854b028fa13073","06293","53040303","202511162304","2568",277
"2d85d6ec39840f8051854b028fa13073","09645","91060303","202511170519","2568",55
"2d85d6ec39840f8051854b028fa13073","10867","27030101","202511161954","2568",3462
"2d85d6ec39840f8051854b028fa13073","10862","25090104","202511161421","2568",37
"2d85d6ec39840f8051854b028fa13073","06322","53080303","202511162304","2568",306
"2d85d6ec39840f8051854b028fa13073","04539","41041101","202511162336","2568",124
"2d85d6ec39840f8051854b028fa13073","10674","57010100","202511161206","2568",2887
"2d85d6ec39840f8051854b028fa13073","13934","38050304","202511161100","2568",2
"2d85d6ec39840f8051854b028fa13073","01413","15060504","202511161022","2568",757
"2d85d6ec39840f8051854b028fa13073","04879","38040901","202511161100","2568",62
"2d85d6ec39840f8051854b028fa13073","01394","15040901","202511161022","2568",4
"2d85d6ec39840f8051854b028fa13073","06886","58070201","202511160836","2568",23
"2d85d6ec39840f8051854b028fa13073","01016","12020702","202511161332","2568",1
"2d85d6ec39840f8051854b028fa13073","11115","49040103","202511142358","2568",2961
"2d85d6ec39840f8051854b028fa13073","06637","56080103","202511162309","2568",81
"2d85d6ec39840f8051854b028fa13073","05614","48011304","202511171502","2568",134
"2d85d6ec39840f8051854b028fa13073","04532","41040909","202511162336","2568",386
"2d85d6ec39840f8051854b028fa13073","04538","41041404","202511162336","2568",768
"2d85d6ec39840f8051854b028fa13073","10933","33080106","202511180243","2568",2475
"2d85d6ec39840f8051854b028fa13073","10936","33110202","202511180243","2568",151
"2d85d6ec39840f8051854b028fa13073","11125","50090104","202511160034","2568",511
"2d85d6ec39840f8051854b028fa13073","11127","50110104","202511160034","2568",1467
"2d85d6ec39840f8051854b028fa13073","00957","11030203","202511161045","2568",1
"2d85d6ec39840f8051854b028fa13073","00960","11030314","202511161045","2568",2
"2d85d6ec39840f8051854b028fa13073","07651","66041109","202511171233","2568",7
"2d85d6ec39840f8051854b028fa13073","13935","38080101","202511161100","2568",92
"2d85d6ec39840f8051854b028fa13073","04835","43050701","202511160651","2568",556
"2d85d6ec39840f8051854b028fa13073","11411","92060802","202511170051","2568",292
"2d85d6ec39840f8051854b028fa13073","04886","38060201","202511161100","2568",155
"2d85d6ec39840f8051854b028fa13073","06292","53040301","202511162304","2568",29
"2d85d6ec39840f8051854b028fa13073","11376","86020902","202511162053","2568",1673
"2d85d6ec39840f8051854b028fa13073","11114","49030107","202511142358","2568",1087
"2d85d6ec39840f8051854b028fa13073","09192","84050302","202511170614","2568",181
"2d85d6ec39840f8051854b028fa13073","09411","86060204","202511162053","2568",5
"2d85d6ec39840f8051854b028fa13073","01398","15041201","202511161022","2568",9
"2d85d6ec39840f8051854b028fa13073","06834","58010506","202511160836","2568",67
"2d85d6ec39840f8051854b028fa13073","05508","47080505","202511161953","2568",106
"2d85d6ec39840f8051854b028fa13073","00962","11030813","202511161045","2568",2
"2d85d6ec39840f8051854b028fa13073","00966","11040411","202511161045","2568",1
"2d85d6ec39840f8051854b028fa13073","00967","11040116","202511161045","2568",32
"2d85d6ec39840f8051854b028fa13073","04857","43070407","202511160651","2568",255
"2d85d6ec39840f8051854b028fa13073","01388","15040401","202511161022","2568",54
"2d85d6ec39840f8051854b028fa13073","09759","92080508","202511170051","2568",4
"2d85d6ec39840f8051854b028fa13073","06858","58030701","202511160836","2568",17
"2d85d6ec39840f8051854b028fa13073","10868","27040106","202511161954","2568",2218
"2d85d6ec39840f8051854b028fa13073","09228","84100201","202511170614","2568",1
"2d85d6ec39840f8051854b028fa13073","04688","42030201","202511160132","2568",375
"2d85d6ec39840f8051854b028fa13073","10797","16110107","202511162121","2568",376
"2d85d6ec39840f8051854b028fa13073","11378","86030512","202511162053","2568",35
"2d85d6ec39840f8051854b028fa13073","04683","42020204","202511160132","2568",1
"2d85d6ec39840f8051854b028fa13073","04695","42030504","202511160132","2568",30
"2d85d6ec39840f8051854b028fa13073","10829","21030100","202511170545","2568",1450
"2d85d6ec39840f8051854b028fa13073","06926","60030712","202511161642","2568",118
"2d85d6ec39840f8051854b028fa13073","10663","21010100","202511170545","2568",3158
"2d85d6ec39840f8051854b028fa13073","04694","42030501","202511160132","2568",390
"2d85d6ec39840f8051854b028fa13073","04697","42030606","202511160132","2568",183
"2d85d6ec39840f8051854b028fa13073","11209","60020107","202511161642","2568",434
"2d85d6ec39840f8051854b028fa13073","10675","60010707","202511161642","2568",5513
"2d85d6ec39840f8051854b028fa13073","03885","35060107","202511161808","2568",50
"2d85d6ec39840f8051854b028fa13073","11179","55090111","202511160628","2568",436
"2d85d6ec39840f8051854b028fa13073","09636","91050212","202511170519","2568",270
"2d85d6ec39840f8051854b028fa13073","10787","15060204","202511161022","2568",198
"2d85d6ec39840f8051854b028fa13073","11232","62050110","202511162225","2568",2176
"2d85d6ec39840f8051854b028fa13073","11231","62040502","202511162225","2568",229
"2d85d6ec39840f8051854b028fa13073","02222","24030919","202511162132","2568",1
"2d85d6ec39840f8051854b028fa13073","05613","48011209","202511171502","2568",164
"2d85d6ec39840f8051854b028fa13073","10816","19120301","202511161456","2568",356
"2d85d6ec39840f8051854b028fa13073","06622","56060402","202511162309","2568",1
"2d85d6ec39840f8051854b028fa13073","11234","62070106","202511162225","2568",1701
"2d85d6ec39840f8051854b028fa13073","05611","48011113","202511171502","2568",218
"2d85d6ec39840f8051854b028fa13073","01393","15040805","202511161022","2568",1
"2d85d6ec39840f8051854b028fa13073","06831","58010404","202511160836","2568",71
"2d85d6ec39840f8051854b028fa13073","00968","110406nu","202511161045","2568",2
"2d85d6ec39840f8051854b028fa13073","00981","11050106","202511161045","2568",73
"2d85d6ec39840f8051854b028fa13073","11360","84060101","202511170614","2568",110
"2d85d6ec39840f8051854b028fa13073","11359","84050104","202511170614","2568",201
"2d85d6ec39840f8051854b028fa13073","01401","15041502","202511161022","2568",3
"2d85d6ec39840f8051854b028fa13073","01404","15050302","202511161022","2568",11
"2d85d6ec39840f8051854b028fa13073","01402","15041508","202511161022","2568",407
"2d85d6ec39840f8051854b028fa13073","10728","70041104","202511161339","2568",4195
"2d85d6ec39840f8051854b028fa13073","11361","84070110","202511170614","2568",75
"2d85d6ec39840f8051854b028fa13073","09793","93011402","202511160817","2568",47
"2d85d6ec39840f8051854b028fa13073","09650","91070105","202511170519","2568",4
"2d85d6ec39840f8051854b028fa13073","10746","91010100","202511170519","2568",868
"2d85d6ec39840f8051854b028fa13073","11402","91020206","202511170519","2568",803
"2d85d6ec39840f8051854b028fa13073","06888","58070401","202511160836","2568",53
"2d85d6ec39840f8051854b028fa13073","11403","91030207","202511170519","2568",48
"2d85d6ec39840f8051854b028fa13073","04889","38070206","202511161100","2568",177
"2d85d6ec39840f8051854b028fa13073","04850","38030610","202511161100","2568",12
"2d85d6ec39840f8051854b028fa13073","10799","17030211","202511160854","2568",1726
"2d85d6ec39840f8051854b028fa13073","04890","38070301","202511161100","2568",121
"2d85d6ec39840f8051854b028fa13073","01403","15050201","202511161022","2568",1
"2d85d6ec39840f8051854b028fa13073","04891","38070303","202511161100","2568",150
"2d85d6ec39840f8051854b028fa13073","10866","27020101","202511161954","2568",2357
"2d85d6ec39840f8051854b028fa13073","10870","27060101","202511161954","2568",8964
"2d85d6ec39840f8051854b028fa13073","27979","66100502","202511171233","2568",623
"2d85d6ec39840f8051854b028fa13073","04888","38060409","202511161100","2568",493
"2d85d6ec39840f8051854b028fa13073","04698","42030601","202511160132","2568",587
"2d85d6ec39840f8051854b028fa13073","06294","53040402","202511162304","2568",273
"2d85d6ec39840f8051854b028fa13073","11358","84030105","202511170614","2568",448
"2d85d6ec39840f8051854b028fa13073","10741","83010100","202511161304","2568",3002
"2d85d6ec39840f8051854b028fa13073","04535","41250101","202511162336","2568",1417
"2d85d6ec39840f8051854b028fa13073","04873","38040504","202511161100","2568",5
"2d85d6ec39840f8051854b028fa13073","06296","53040504","202511162304","2568",1117
"2d85d6ec39840f8051854b028fa13073","03884","35050503","202511161808","2568",118
"2d85d6ec39840f8051854b028fa13073","11355","83020203","202511161304","2568",53
"2d85d6ec39840f8051854b028fa13073","11356","83030101","202511161304","2568",2021
"2d85d6ec39840f8051854b028fa13073","06327","53080605","202511162304","2568",241
"2d85d6ec39840f8051854b028fa13073","07918","70041207","202511161339","2568",1
"2d85d6ec39840f8051854b028fa13073","11050","38080102","202511161100","2568",254
"2d85d6ec39840f8051854b028fa13073","11151","52070204","202511170720","2568",1019
"2d85d6ec39840f8051854b028fa13073","01406","15050503","202511161022","2568",21
"2d85d6ec39840f8051854b028fa13073","10830","21040201","202511170545","2568",357
"2d85d6ec39840f8051854b028fa13073","10831","21050204","202511170545","2568",118
"2d85d6ec39840f8051854b028fa13073","11037","42100708","202511160132","2568",425
"2d85d6ec39840f8051854b028fa13073","04700","42030801","202511160132","2568",244
"2d85d6ec39840f8051854b028fa13073","11382","86060108","202511162053","2568",949
"2d85d6ec39840f8051854b028fa13073","07685","66120310","202511171233","2568",6
"2d85d6ec39840f8051854b028fa13073","04701","42040102","202511160132","2568",7
"2d85d6ec39840f8051854b028fa13073","05609","48011008","202511171502","2568",429
"2d85d6ec39840f8051854b028fa13073","01617","18010908","202511161126","2568",4
"2d85d6ec39840f8051854b028fa13073","10733","72070100","202511160540","2568",17255
"2d85d6ec39840f8051854b028fa13073","11297","73021204","202511160726","2568",180
"2d85d6ec39840f8051854b028fa13073","03882","35050312","202511161808","2568",354
"2d85d6ec39840f8051854b028fa13073","04892","38070401","202511161100","2568",266
"2d85d6ec39840f8051854b028fa13073","07279","63011104","202511171751","2568",41
"2d85d6ec39840f8051854b028fa13073","04893","38070506","202511161100","2568",256
"2d85d6ec39840f8051854b028fa13073","10788","15070110","202511161022","2568",428
"2d85d6ec39840f8051854b028fa13073","01405","15050406","202511161022","2568",48
"2d85d6ec39840f8051854b028fa13073","04895","38080301","202511161100","2568",75
"2d85d6ec39840f8051854b028fa13073","10798","17020306","202511160854","2568",418
"2d85d6ec39840f8051854b028fa13073","04540","41041104","202511162336","2568",3875
"2d85d6ec39840f8051854b028fa13073","04702","42040201","202511160132","2568",1
"2d85d6ec39840f8051854b028fa13073","11233","62060111","202511162225","2568",3124
"2d85d6ec39840f8051854b028fa13073","11362","84080807","202511170614","2568",57
"2d85d6ec39840f8051854b028fa13073","11363","84090103","202511170614","2568",323
"2d85d6ec39840f8051854b028fa13073","11364","84100503","202511170614","2568",13
"2d85d6ec39840f8051854b028fa13073","41768","12020503","202511161332","2568",102
"2d85d6ec39840f8051854b028fa13073","28875","12040708","202511161332","2568",135
"2d85d6ec39840f8051854b028fa13073","10719","58010100","202511160836","2568",6380
"2d85d6ec39840f8051854b028fa13073","06297","53040602","202511162304","2568",7
"2d85d6ec39840f8051854b028fa13073","09851","93060502","202511160817","2568",6
"2d85d6ec39840f8051854b028fa13073","11166","54020406","202511162124","2568",744
"2d85d6ec39840f8051854b028fa13073","10240","38030404","202511161100","2568",12
"2d85d6ec39840f8051854b028fa13073","04894","38080204","202511161100","2568",258
"2d85d6ec39840f8051854b028fa13073","04854","43170106","202511160651","2568",17
"2d85d6ec39840f8051854b028fa13073","09869","93080302","202511160817","2568",222
"2d85d6ec39840f8051854b028fa13073","11440","96080107","202511170439","2568",537
"2d85d6ec39840f8051854b028fa13073","02205","24020809","202511162132","2568",5
"2d85d6ec39840f8051854b028fa13073","07999","70090102","202511161339","2568",2
"2d85d6ec39840f8051854b028fa13073","10800","17040403","202511160854","2568",17
"2d85d6ec39840f8051854b028fa13073","11404","91040102","202511170519","2568",264
"2d85d6ec39840f8051854b028fa13073","11433","95040101","202511162152","2568",59
"2d85d6ec39840f8051854b028fa13073","03887","35060211","202511161808","2568",450
"2d85d6ec39840f8051854b028fa13073","04867","43080401","202511160651","2568",176
"2d85d6ec39840f8051854b028fa13073","05610","48011105","202511171502","2568",213
"2d85d6ec39840f8051854b028fa13073","10997","40040101","202511161840","2568",522
"2d85d6ec39840f8051854b028fa13073","10996","40030101","202511161840","2568",1071
"2d85d6ec39840f8051854b028fa13073","10832","21060101","202511170545","2568",286
"2d85d6ec39840f8051854b028fa13073","04541","41041602","202511162336","2568",624
"2d85d6ec39840f8051854b028fa13073","09662","92011501","202511170051","2568",13
"2d85d6ec39840f8051854b028fa13073","09048","81080308","202511162319","2568",3
"2d85d6ec39840f8051854b028fa13073","10968","35070401","202511161808","2568",5149
"2d85d6ec39840f8051854b028fa13073","11381","86050107","202511162053","2568",1060
"2d85d6ec39840f8051854b028fa13073","10985","37020108","202511161330","2568",742
"2d85d6ec39840f8051854b028fa13073","01610","18010501","202511161126","2568",142
"2d85d6ec39840f8051854b028fa13073","10859","25060201","202511161421","2568",73
"2d85d6ec39840f8051854b028fa13073","11365","84110101","202511170614","2568",468
"2d85d6ec39840f8051854b028fa13073","04544","41050210","202511162336","2568",232
"2d85d6ec39840f8051854b028fa13073","11235","62080101","202511162225","2568",2364
"2d85d6ec39840f8051854b028fa13073","04859","43070504","202511160651","2568",126
"2d85d6ec39840f8051854b028fa13073","10709","46010100","202511170507","2568",2582
"2d85d6ec39840f8051854b028fa13073","05505","47080310","202511161953","2568",584
"2d85d6ec39840f8051854b028fa13073","01705","19021505","202511161456","2568",233
"2d85d6ec39840f8051854b028fa13073","10815","19110209","202511161456","2568",1469
"2d85d6ec39840f8051854b028fa13073","09677","92020701","202511170051","2568",4
"2d85d6ec39840f8051854b028fa13073","14136","71040203","202511170725","2568",23
"2d85d6ec39840f8051854b028fa13073","04868","43080409","202511160651","2568",135
"2d85d6ec39840f8051854b028fa13073","04709","42040504","202511160132","2568",12
"2d85d6ec39840f8051854b028fa13073","01787","19110703","202511161456","2568",49
"2d85d6ec39840f8051854b028fa13073","09853","93060508","202511160817","2568",3
"2d85d6ec39840f8051854b028fa13073","09870","93080409","202511160817","2568",196
"2d85d6ec39840f8051854b028fa13073","04708","42040501","202511160132","2568",1
"2d85d6ec39840f8051854b028fa13073","04896","43140114","202511160651","2568",806
"2d85d6ec39840f8051854b028fa13073","10770","14040102","202511160708","2568",153
"2d85d6ec39840f8051854b028fa13073","10710","47010100","202511161953","2568",2486
"2d85d6ec39840f8051854b028fa13073","11089","47020211","202511161953","2568",700
"2d85d6ec39840f8051854b028fa13073","04897","43140211","202511160651","2568",664
"2d85d6ec39840f8051854b028fa13073","10771","14050401","202511160708","2568",158
"2d85d6ec39840f8051854b028fa13073","11393","90080303","202511170514","2568",397
"2d85d6ec39840f8051854b028fa13073","11394","90090101","202511170514","2568",701
"2d85d6ec39840f8051854b028fa13073","09465","90030803","202511170514","2568",16
"2d85d6ec39840f8051854b028fa13073","09464","90030711","202511170514","2568",27
"2d85d6ec39840f8051854b028fa13073","11395","90100100","202511170514","2568",475
"2d85d6ec39840f8051854b028fa13073","11396","90120203","202511170514","2568",46
"2d85d6ec39840f8051854b028fa13073","09471","90031206","202511170514","2568",42
"2d85d6ec39840f8051854b028fa13073","09468","90031009","202511170514","2568",34
"2d85d6ec39840f8051854b028fa13073","09472","90031302","202511170514","2568",8
"2d85d6ec39840f8051854b028fa13073","11397","90130110","202511170514","2568",277
"2d85d6ec39840f8051854b028fa13073","04542","41050602","202511162336","2568",210
"2d85d6ec39840f8051854b028fa13073","11210","60030404","202511161642","2568",63
"2d85d6ec39840f8051854b028fa13073","11213","60060201","202511161642","2568",2014
"2d85d6ec39840f8051854b028fa13073","10772","14060111","202511160708","2568",333
"2d85d6ec39840f8051854b028fa13073","14006","53030704","202511162304","2568",41
"2d85d6ec39840f8051854b028fa13073","11165","53090209","202511162304","2568",303
"2d85d6ec39840f8051854b028fa13073","01407","15050510","202511161022","2568",39
"2d85d6ec39840f8051854b028fa13073","11367","84130102","202511170614","2568",453
"2d85d6ec39840f8051854b028fa13073","11369","84160101","202511170614","2568",2149
"2d85d6ec39840f8051854b028fa13073","11368","84140102","202511170614","2568",1894
"2d85d6ec39840f8051854b028fa13073","11366","84120100","202511170614","2568",1528
"2d85d6ec39840f8051854b028fa13073","11370","84170103","202511170614","2568",9162
"2d85d6ec39840f8051854b028fa13073","11255","65070101","202511170921","2568",957
"2d85d6ec39840f8051854b028fa13073","11041","38020308","202511161100","2568",1641
"2d85d6ec39840f8051854b028fa13073","10774","14080505","202511160708","2568",566
"2d85d6ec39840f8051854b028fa13073","11254","65060101","202511170921","2568",1085
"2d85d6ec39840f8051854b028fa13073","10050","95040201","202511162152","2568",5
"2d85d6ec39840f8051854b028fa13073","11253","65050611","202511170921","2568",527
"2d85d6ec39840f8051854b028fa13073","10773","14070805","202511160708","2568",1421
"2d85d6ec39840f8051854b028fa13073","11371","84180103","202511170614","2568",148
"2d85d6ec39840f8051854b028fa13073","02122","23010704","202511170344","2568",2
"2d85d6ec39840f8051854b028fa13073","11459","84150210","202511170614","2568",475
"2d85d6ec39840f8051854b028fa13073","02220","24030810","202511162132","2568",1
"2d85d6ec39840f8051854b028fa13073","05607","48011001","202511171502","2568",318
"2d85d6ec39840f8051854b028fa13073","06610","56050601","202511162309","2568",1
"2d85d6ec39840f8051854b028fa13073","77730","19030100","202511161456","2568",806
"2d85d6ec39840f8051854b028fa13073","01790","19120101","202511161456","2568",52
"2d85d6ec39840f8051854b028fa13073","02223","24031014","202511162132","2568",13
"2d85d6ec39840f8051854b028fa13073","10794","16080510","202511162121","2568",106
"2d85d6ec39840f8051854b028fa13073","09865","93080106","202511160817","2568",175
"2d85d6ec39840f8051854b028fa13073","10833","24100224","202511162132","2568",524
"2d85d6ec39840f8051854b028fa13073","10729","70050101","202511161339","2568",2022
"2d85d6ec39840f8051854b028fa13073","06310","53070302","202511162304","2568",253
"2d85d6ec39840f8051854b028fa13073","05605","48010808","202511171502","2568",202
"2d85d6ec39840f8051854b028fa13073","10677","70010101","202511161339","2568",9294
"2d85d6ec39840f8051854b028fa13073","11077","46020107","202511170507","2568",1474
"2d85d6ec39840f8051854b028fa13073","01792","19120203","202511161456","2568",1
"2d85d6ec39840f8051854b028fa13073","09001","81020201","202511162319","2568",4
"2d85d6ec39840f8051854b028fa13073","11398","90100709","202511170514","2568",35
"2d85d6ec39840f8051854b028fa13073","09516","90070406","202511170514","2568",32
"2d85d6ec39840f8051854b028fa13073","10697","24010100","202511162132","2568",6248
"2d85d6ec39840f8051854b028fa13073","10730","70070100","202511161339","2568",2
"2d85d6ec39840f8051854b028fa13073","99730","19040203","202511161456","2568",28
"2d85d6ec39840f8051854b028fa13073","09863","93070308","202511160817","2568",1
"2d85d6ec39840f8051854b028fa13073","02158","23040108","202511170344","2568",13
"2d85d6ec39840f8051854b028fa13073","02162","23040307","202511170344","2568",2
"2d85d6ec39840f8051854b028fa13073","09647","91060505","202511170519","2568",67
"2d85d6ec39840f8051854b028fa13073","10723","63060100","202511171751","2568",2573
"2d85d6ec39840f8051854b028fa13073","02160","23040203","202511170344","2568",3
"2d85d6ec39840f8051854b028fa13073","02170","23050304","202511170344","2568",47
"2d85d6ec39840f8051854b028fa13073","11348","82030301","202511170323","2568",205
"2d85d6ec39840f8051854b028fa13073","05606","48010903","202511171502","2568",263
"2d85d6ec39840f8051854b028fa13073","11273","70030405","202511161339","2568",411
"2d85d6ec39840f8051854b028fa13073","10851","24030402","202511162132","2568",149
"2d85d6ec39840f8051854b028fa13073","01791","19120102","202511161456","2568",24
"2d85d6ec39840f8051854b028fa13073","10850","24020901","202511162132","2568",167
"2d85d6ec39840f8051854b028fa13073","04710","42050202","202511160132","2568",2
"2d85d6ec39840f8051854b028fa13073","10726","66010100","202511171233","2568",1541
"2d85d6ec39840f8051854b028fa13073","06311","53070401","202511162304","2568",645
"2d85d6ec39840f8051854b028fa13073","01409","15050704","202511161022","2568",38
"2d85d6ec39840f8051854b028fa13073","06320","53080202","202511162304","2568",556
"2d85d6ec39840f8051854b028fa13073","10775","14090102","202511160708","2568",833
"2d85d6ec39840f8051854b028fa13073","04713","42050401","202511160132","2568",30
"2d85d6ec39840f8051854b028fa13073","05603","48010801","202511171502","2568",130
"2d85d6ec39840f8051854b028fa13073","00982","11050203","202511161045","2568",100
"2d85d6ec39840f8051854b028fa13073","09690","92030203","202511170051","2568",55
"2d85d6ec39840f8051854b028fa13073","01699","19021108","202511161456","2568",26
"2d85d6ec39840f8051854b028fa13073","06319","53071104","202511162304","2568",465
"2d85d6ec39840f8051854b028fa13073","09049","81080401","202511162319","2568",51
"2d85d6ec39840f8051854b028fa13073","06321","53080207","202511162304","2568",286
"2d85d6ec39840f8051854b028fa13073","10764","13040106","202511170532","2568",960
"2d85d6ec39840f8051854b028fa13073","11178","55080402","202511160628","2568",240
"2d85d6ec39840f8051854b028fa13073","05604","48010805","202511171502","2568",195
"2d85d6ec39840f8051854b028fa13073","11313","76070103","202511162351","2568",762
"2d85d6ec39840f8051854b028fa13073","05737","48110201","202511171502","2568",9
"2d85d6ec39840f8051854b028fa13073","00980","11050103","202511161045","2568",408
"2d85d6ec39840f8051854b028fa13073","01035","12040408","202511161332","2568",1
"2d85d6ec39840f8051854b028fa13073","04865","43080201","202511160651","2568",1252
"2d85d6ec39840f8051854b028fa13073","41436","83010608","202511161304","2568",46
"2d85d6ec39840f8051854b028fa13073","11215","60080101","202511161642","2568",148
"2d85d6ec39840f8051854b028fa13073","10720","61010100","202511161325","2568",3043
"2d85d6ec39840f8051854b028fa13073","00970","11040904","202511161045","2568",10
"2d85d6ec39840f8051854b028fa13073","00979","11050101","202511161045","2568",101
"2d85d6ec39840f8051854b028fa13073","06868","58040804","202511160836","2568",10
"2d85d6ec39840f8051854b028fa13073","04545","41050304","202511162336","2568",203
"2d85d6ec39840f8051854b028fa13073","04551","41060213","202511162336","2568",1877
"2d85d6ec39840f8051854b028fa13073","04722","42060202","202511160132","2568",11
"2d85d6ec39840f8051854b028fa13073","04716","42050609","202511160132","2568",2
"2d85d6ec39840f8051854b028fa13073","05720","48090308","202511171502","2568",29
"2d85d6ec39840f8051854b028fa13073","09071","82020302","202511170323","2568",65
"2d85d6ec39840f8051854b028fa13073","11354","82080109","202511170323","2568",112
"2d85d6ec39840f8051854b028fa13073","11353","82070101","202511170323","2568",119
"2d85d6ec39840f8051854b028fa13073","11056","44070102","202511171023","2568",145
"2d85d6ec39840f8051854b028fa13073","09069","82020202","202511170323","2568",19
"2d85d6ec39840f8051854b028fa13073","06323","53080406","202511162304","2568",272
"2d85d6ec39840f8051854b028fa13073","11192","57070105","202511161206","2568",99
"2d85d6ec39840f8051854b028fa13073","11191","57060104","202511161206","2568",1308
"2d85d6ec39840f8051854b028fa13073","11190","57050901","202511161206","2568",3582
"2d85d6ec39840f8051854b028fa13073","09055","81080708","202511162319","2568",12
"2d85d6ec39840f8051854b028fa13073","09680","92020901","202511170051","2568",2
"2d85d6ec39840f8051854b028fa13073","04548","41050506","202511162336","2568",66
"2d85d6ec39840f8051854b028fa13073","04866","43080302","202511160651","2568",73
"2d85d6ec39840f8051854b028fa13073","09051","81080505","202511162319","2568",81
"2d85d6ec39840f8051854b028fa13073","09053","81080603","202511162319","2568",75
"2d85d6ec39840f8051854b028fa13073","09696","92030405","202511170051","2568",377
"2d85d6ec39840f8051854b028fa13073","05710","48080705","202511171502","2568",28
"2d85d6ec39840f8051854b028fa13073","11349","82040602","202511170323","2568",134
"2d85d6ec39840f8051854b028fa13073","10051","95040301","202511162152","2568",2
"2d85d6ec39840f8051854b028fa13073","04715","42050613","202511160132","2568",60
"2d85d6ec39840f8051854b028fa13073","04711","42050206","202511160132","2568",14
"2d85d6ec39840f8051854b028fa13073","23962","21080302","202511170545","2568",21076
"2d85d6ec39840f8051854b028fa13073","04726","42070205","202511160132","2568",276
"2d85d6ec39840f8051854b028fa13073","11078","46030111","202511170507","2568",1640
"2d85d6ec39840f8051854b028fa13073","11214","60070114","202511161642","2568",1736
"2d85d6ec39840f8051854b028fa13073","04547","41050402","202511162336","2568",55
"2d85d6ec39840f8051854b028fa13073","10699","27010102","202511161954","2568",5769
"2d85d6ec39840f8051854b028fa13073","11342","81040109","202511162319","2568",2815
"2d85d6ec39840f8051854b028fa13073","06325","53080506","202511162304","2568",30
"2d85d6ec39840f8051854b028fa13073","11238","63020107","202511171751","2568",1127
"2d85d6ec39840f8051854b028fa13073","06326","53080601","202511162304","2568",142
"2d85d6ec39840f8051854b028fa13073","06331","53090103","202511162304","2568",617
"2d85d6ec39840f8051854b028fa13073","09693","92030303","202511170051","2568",30
"2d85d6ec39840f8051854b028fa13073","10712","49010100","202511142358","2568",4290
"2d85d6ec39840f8051854b028fa13073","11225","61060101","202511161325","2568",1556
"2d85d6ec39840f8051854b028fa13073","10998","40050108","202511161840","2568",731
"2d85d6ec39840f8051854b028fa13073","04546","41050401","202511162336","2568",117
"2d85d6ec39840f8051854b028fa13073","11129","50130401","202511160034","2568",2107
"2d85d6ec39840f8051854b028fa13073","06328","53080703","202511162304","2568",46
"2d85d6ec39840f8051854b028fa13073","14138","84170603","202511170614","2568",193
"2d85d6ec39840f8051854b028fa13073","77648","84010204","202511170614","2568",5
"2d85d6ec39840f8051854b028fa13073","11048","38060111","202511161100","2568",315
"2d85d6ec39840f8051854b028fa13073","04898","43140312","202511160651","2568",884
"2d85d6ec39840f8051854b028fa13073","11654","84190204","202511170614","2568",295
"2d85d6ec39840f8051854b028fa13073","09473","90031304","202511170514","2568",14
"2d85d6ec39840f8051854b028fa13073","11400","90150205","202511170514","2568",1
"2d85d6ec39840f8051854b028fa13073","02171","23050701","202511170344","2568",207
"2d85d6ec39840f8051854b028fa13073","11055","44060101","202511171023","2568",459
"2d85d6ec39840f8051854b028fa13073","11193","57080106","202511161206","2568",772
"2d85d6ec39840f8051854b028fa13073","05716","48090201","202511171502","2568",2
"2d85d6ec39840f8051854b028fa13073","00983","11050306","202511161045","2568",222
"2d85d6ec39840f8051854b028fa13073","00985","11050503","202511161045","2568",851
"2d85d6ec39840f8051854b028fa13073","03176","32070201","202511161725","2568",94
"2d85d6ec39840f8051854b028fa13073","11405","91050106","202511170519","2568",1705
"2d85d6ec39840f8051854b028fa13073","11149","52050104","202511170720","2568",718
"2d85d6ec39840f8051854b028fa13073","03900","35070404","202511161808","2568",523
"2d85d6ec39840f8051854b028fa13073","11128","50120109","202511160034","2568",1419
"2d85d6ec39840f8051854b028fa13073","11130","50140811","202511160034","2568",1631
"2d85d6ec39840f8051854b028fa13073","11194","57090610","202511161206","2568",2409
"2d85d6ec39840f8051854b028fa13073","15102","84010200","202511170614","2568",1
"2d85d6ec39840f8051854b028fa13073","00986","11050508","202511161045","2568",285
"2d85d6ec39840f8051854b028fa13073","10739","82010100","202511170323","2568",259
"2d85d6ec39840f8051854b028fa13073","02174","23050706","202511170344","2568",24
"2d85d6ec39840f8051854b028fa13073","02172","23050703","202511170344","2568",70
"2d85d6ec39840f8051854b028fa13073","01795","19120310","202511161456","2568",3
"2d85d6ec39840f8051854b028fa13073","09872","93080407","202511160817","2568",179
"2d85d6ec39840f8051854b028fa13073","00990","11060201","202511161045","2568",3
"2d85d6ec39840f8051854b028fa13073","04721","42051003","202511160132","2568",2
"2d85d6ec39840f8051854b028fa13073","13806","95070105","202511162152","2568",317
"2d85d6ec39840f8051854b028fa13073","10053","95040306","202511162152","2568",1
"2d85d6ec39840f8051854b028fa13073","04864","43080505","202511160651","2568",1171
"2d85d6ec39840f8051854b028fa13073","06291","53040204","202511162304","2568",577
"2d85d6ec39840f8051854b028fa13073","10693","17060301","202511160854","2568",311
"2d85d6ec39840f8051854b028fa13073","07131","61061204","202511161325","2568",5
"2d85d6ec39840f8051854b028fa13073","07084","61020805","202511161325","2568",55
"2d85d6ec39840f8051854b028fa13073","02165","23040404","202511170344","2568",30
"2d85d6ec39840f8051854b028fa13073","07410","64040802","202511170546","2568",10
"2d85d6ec39840f8051854b028fa13073","04861","43170206","202511160651","2568",22
"2d85d6ec39840f8051854b028fa13073","03175","32061009","202511161725","2568",1
"2d85d6ec39840f8051854b028fa13073","24702","11011504","202511161045","2568",104
"2d85d6ec39840f8051854b028fa13073","10958","34210111","202511170916","2568",5437
"2d85d6ec39840f8051854b028fa13073","07411","64040804","202511170546","2568",14
"2d85d6ec39840f8051854b028fa13073","01410","15060103","202511161022","2568",359
"2d85d6ec39840f8051854b028fa13073","07412","64040901","202511170546","2568",47
"2d85d6ec39840f8051854b028fa13073","02168","23050202","202511170344","2568",402
"2d85d6ec39840f8051854b028fa13073","11350","82050304","202511170323","2568",389
"2d85d6ec39840f8051854b028fa13073","04724","42060408","202511160132","2568",24
"2d85d6ec39840f8051854b028fa13073","06330","53090101","202511162304","2568",334
"2d85d6ec39840f8051854b028fa13073","01412","15060403","202511161022","2568",362
"2d85d6ec39840f8051854b028fa13073","11040","38010101","202511161100","2568",2796
"2d85d6ec39840f8051854b028fa13073","00991","11060301","202511161045","2568",4
"2d85d6ec39840f8051854b028fa13073","09885","93100404","202511160817","2568",4
"2d85d6ec39840f8051854b028fa13073","11244","64020202","202511170546","2568",4701
"2d85d6ec39840f8051854b028fa13073","10754","11040108","202511161045","2568",238
"2d85d6ec39840f8051854b028fa13073","04552","41060514","202511162336","2568",1356
"2d85d6ec39840f8051854b028fa13073","07415","64041102","202511170546","2568",32
"2d85d6ec39840f8051854b028fa13073","11246","64040202","202511170546","2568",969
"2d85d6ec39840f8051854b028fa13073","06279","53030301","202511162304","2568",237
"2d85d6ec39840f8051854b028fa13073","03886","35060208","202511161808","2568",5
"2d85d6ec39840f8051854b028fa13073","10951","34110108","202511170916","2568",21687
"2d85d6ec39840f8051854b028fa13073","10952","34120114","202511170916","2568",171
"2d85d6ec39840f8051854b028fa13073","10860","25070104","202511161421","2568",8
"2d85d6ec39840f8051854b028fa13073","11158","53020202","202511162304","2568",2609
"2d85d6ec39840f8051854b028fa13073","11197","57120110","202511161206","2568",2626
"2d85d6ec39840f8051854b028fa13073","11196","57110211","202511161206","2568",5992
"2d85d6ec39840f8051854b028fa13073","01414","15060606","202511161022","2568",1068
"2d85d6ec39840f8051854b028fa13073","11274","70060205","202511161339","2568",1702
"2d85d6ec39840f8051854b028fa13073","05738","48110202","202511171502","2568",57
"2d85d6ec39840f8051854b028fa13073","09873","93080604","202511160817","2568",183
"2d85d6ec39840f8051854b028fa13073","06329","53080804","202511162304","2568",168
"2d85d6ec39840f8051854b028fa13073","11444","35080301","202511161808","2568",2784
"2d85d6ec39840f8051854b028fa13073","11195","57100313","202511161206","2568",2569
"2d85d6ec39840f8051854b028fa13073","11000","40070102","202511161840","2568",12030
"2d85d6ec39840f8051854b028fa13073","10999","40060410","202511161840","2568",1898
"2d85d6ec39840f8051854b028fa13073","11399","90140101","202511170514","2568",106
"2d85d6ec39840f8051854b028fa13073","09520","90070703","202511170514","2568",2
"2d85d6ec39840f8051854b028fa13073","11385","86080201","202511162053","2568",165
"2d85d6ec39840f8051854b028fa13073","11245","64030107","202511170546","2568",1182
"2d85d6ec39840f8051854b028fa13073","10753","11030108","202511161045","2568",1032
"2d85d6ec39840f8051854b028fa13073","11047","38050404","202511161100","2568",2938
"2d85d6ec39840f8051854b028fa13073","10776","14100303","202511160708","2568",538
"2d85d6ec39840f8051854b028fa13073","11252","65040107","202511170921","2568",68
"2d85d6ec39840f8051854b028fa13073","11001","40080302","202511161840","2568",26478
"2d85d6ec39840f8051854b028fa13073","10752","11020401","202511161045","2568",3111
"2d85d6ec39840f8051854b028fa13073","10685","11010100","202511161045","2568",67
"2d85d6ec39840f8051854b028fa13073","11200","57150201","202511161206","2568",331
"2d85d6ec39840f8051854b028fa13073","11199","57140312","202511161206","2568",767
"2d85d6ec39840f8051854b028fa13073","21294","90070105","202511170514","2568",27
"2d85d6ec39840f8051854b028fa13073","11198","57130106","202511161206","2568",1614
"2d85d6ec39840f8051854b028fa13073","09539","90090904","202511170514","2568",4
"2d85d6ec39840f8051854b028fa13073","09531","90090204","202511170514","2568",1
"2d85d6ec39840f8051854b028fa13073","11242","63070102","202511171751","2568",7442
"2d85d6ec39840f8051854b028fa13073","11038","42110203","202511160132","2568",66
"2d85d6ec39840f8051854b028fa13073","11201","57160203","202511161206","2568",1536
"2d85d6ec39840f8051854b028fa13073","11202","57170101","202511161206","2568",9787
"2d85d6ec39840f8051854b028fa13073","11454","57030110","202511161206","2568",11370
"2d85d6ec39840f8051854b028fa13073","15012","57020203","202511161206","2568",383
"2d85d6ec39840f8051854b028fa13073","11324","80030101","202511152351","2568",1
"2d85d6ec39840f8051854b028fa13073","04553","41060603","202511162336","2568",4
"2d85d6ec39840f8051854b028fa13073","11325","80041008","202511152351","2568",1
"2d85d6ec39840f8051854b028fa13073","04554","41060701","202511162336","2568",360
"2d85d6ec39840f8051854b028fa13073","11328","80070108","202511152351","2568",229
"2d85d6ec39840f8051854b028fa13073","04560","41061405","202511162336","2568",228
"2d85d6ec39840f8051854b028fa13073","04559","41061201","202511162336","2568",8
"2d85d6ec39840f8051854b028fa13073","11329","80080103","202511152351","2568",181
"2d85d6ec39840f8051854b028fa13073","11131","50150103","202511160034","2568",557
"2d85d6ec39840f8051854b028fa13073","11002","40100203","202511161840","2568",2131
"2d85d6ec39840f8051854b028fa13073","04728","42070401","202511160132","2568",223
"2d85d6ec39840f8051854b028fa13073","04719","42050804","202511160132","2568",21
"2d85d6ec39840f8051854b028fa13073","11061","45020110","202511170403","2568",6637
"2d85d6ec39840f8051854b028fa13073","11062","45030109","202511170403","2568",5365
"2d85d6ec39840f8051854b028fa13073","11063","45040104","202511170403","2568",2771
"2d85d6ec39840f8051854b028fa13073","11064","45050403","202511170403","2568",5034
"2d85d6ec39840f8051854b028fa13073","11065","45060103","202511170403","2568",2625
"2d85d6ec39840f8051854b028fa13073","11066","45071210","202511170403","2568",5080
"2d85d6ec39840f8051854b028fa13073","11132","50160110","202511160034","2568",70
"2d85d6ec39840f8051854b028fa13073","11003","40110107","202511161840","2568",267
"2d85d6ec39840f8051854b028fa13073","11054","44050105","202511171023","2568",1097
"2d85d6ec39840f8051854b028fa13073","11053","44040102","202511171023","2568",1105
"2d85d6ec39840f8051854b028fa13073","02084","22070103","202511160716","2568",100
"2d85d6ec39840f8051854b028fa13073","09878","93090303","202511160817","2568",31
"2d85d6ec39840f8051854b028fa13073","10742","84040101","202511170614","2568",3691
"2d85d6ec39840f8051854b028fa13073","10839","22050101","202511160716","2568",3743
"2d85d6ec39840f8051854b028fa13073","10054","95040307","202511162152","2568",13
"2d85d6ec39840f8051854b028fa13073","10949","34090712","202511170916","2568",530
"2d85d6ec39840f8051854b028fa13073","11043","38030102","202511161100","2568",1423
"2d85d6ec39840f8051854b028fa13073","01411","15060301","202511161022","2568",130
"2d85d6ec39840f8051854b028fa13073","10950","34100101","202511170916","2568",2046
"2d85d6ec39840f8051854b028fa13073","10948","34080111","202511170916","2568",60
"2d85d6ec39840f8051854b028fa13073","10681","84010202","202511170614","2568",2285
"2d85d6ec39840f8051854b028fa13073","03883","35050404","202511161808","2568",38
"2d85d6ec39840f8051854b028fa13073","11344","81060105","202511162319","2568",18
"2d85d6ec39840f8051854b028fa13073","10947","34050107","202511170916","2568",8174
"2d85d6ec39840f8051854b028fa13073","03891","35060504","202511161808","2568",84
"2d85d6ec39840f8051854b028fa13073","11221","61020101","202511161325","2568",2287
"2d85d6ec39840f8051854b028fa13073","11052","44030113","202511171023","2568",42411
"2d85d6ec39840f8051854b028fa13073","11051","44020107","202511171023","2568",1217
"2d85d6ec39840f8051854b028fa13073","10707","44010102","202511171023","2568",11847
"2d85d6ec39840f8051854b028fa13073","04557","41061101","202511162336","2568",1
"2d85d6ec39840f8051854b028fa13073","11330","80090100","202511152351","2568",1687
"2d85d6ec39840f8051854b028fa13073","10683","92010100","202511170051","2568",14807
"2d85d6ec39840f8051854b028fa13073","10725","64060108","202511170546","2568",1865
"2d85d6ec39840f8051854b028fa13073","10946","34040106","202511170916","2568",16261
"2d85d6ec39840f8051854b028fa13073","10945","34030102","202511170916","2568",315
"2d85d6ec39840f8051854b028fa13073","10724","64010601","202511170546","2568",2170
"2d85d6ec39840f8051854b028fa13073","05735","48110103","202511171502","2568",83
"2d85d6ec39840f8051854b028fa13073","11250","64090308","202511170546","2568",3513
"2d85d6ec39840f8051854b028fa13073","14109","95040203","202511162152","2568",18
"2d85d6ec39840f8051854b028fa13073","11236","62090204","202511162225","2568",382
"2d85d6ec39840f8051854b028fa13073","10755","11050103","202511161045","2568",431
"2d85d6ec39840f8051854b028fa13073","11133","50170203","202511160034","2568",103
"2d85d6ec39840f8051854b028fa13073","10937","33120111","202511180243","2568",757
"2d85d6ec39840f8051854b028fa13073","10938","33130104","202511180243","2568",809
"2d85d6ec39840f8051854b028fa13073","10939","33140104","202511180243","2568",6146
"2d85d6ec39840f8051854b028fa13073","10940","33160104","202511180243","2568",691
"2d85d6ec39840f8051854b028fa13073","10941","33150105","202511180243","2568",370
"2d85d6ec39840f8051854b028fa13073","10942","33170311","202511180243","2568",9129
"2d85d6ec39840f8051854b028fa13073","10943","33180304","202511180243","2568",5076
"2d85d6ec39840f8051854b028fa13073","23125","33190107","202511180243","2568",377
"2d85d6ec39840f8051854b028fa13073","28014","33200102","202511180243","2568",2949
"2d85d6ec39840f8051854b028fa13073","28015","33210205","202511180243","2568",1199
"2d85d6ec39840f8051854b028fa13073","11424","94030502","202511162158","2568",68
"2d85d6ec39840f8051854b028fa13073","77475","33010200","202511180243","2568",5
"2d85d6ec39840f8051854b028fa13073","03423","33091013","202511180243","2568",43
"2d85d6ec39840f8051854b028fa13073","10698","26010106","202511160726","2568",2339
"2d85d6ec39840f8051854b028fa13073","07096","61030508","202511161325","2568",110
"2d85d6ec39840f8051854b028fa13073","03419","33090701","202511180243","2568",4
"2d85d6ec39840f8051854b028fa13073","28016","33220105","202511180243","2568",91
"2d85d6ec39840f8051854b028fa13073","04556","41061001","202511162336","2568",15
"2d85d6ec39840f8051854b028fa13073","04555","41060909","202511162336","2568",1115
"2d85d6ec39840f8051854b028fa13073","11067","45080102","202511170403","2568",2804
"2d85d6ec39840f8051854b028fa13073","11068","45090101","202511170403","2568",1483
"2d85d6ec39840f8051854b028fa13073","11069","45101707","202511170403","2568",14152
"2d85d6ec39840f8051854b028fa13073","11070","45110101","202511170403","2568",1905
"2d85d6ec39840f8051854b028fa13073","11071","45120104","202511170403","2568",312
"2d85d6ec39840f8051854b028fa13073","11072","45130109","202511170403","2568",3274
"2d85d6ec39840f8051854b028fa13073","11073","45140107","202511170403","2568",2292
"2d85d6ec39840f8051854b028fa13073","11074","45150106","202511170403","2568",2271
"2d85d6ec39840f8051854b028fa13073","11075","45160203","202511170403","2568",2511
"2d85d6ec39840f8051854b028fa13073","11076","45170403","202511170403","2568",1460
"2d85d6ec39840f8051854b028fa13073","27990","45190110","202511170403","2568",666
"2d85d6ec39840f8051854b028fa13073","27988","45200107","202511170403","2568",1076
"2d85d6ec39840f8051854b028fa13073","27989","45180302","202511170403","2568",927
"2d85d6ec39840f8051854b028fa13073","11004","40120101","202511161840","2568",4070
"2d85d6ec39840f8051854b028fa13073","11134","50180101","202511160034","2568",164
"2d85d6ec39840f8051854b028fa13073","11005","40130109","202511161840","2568",293
"2d85d6ec39840f8051854b028fa13073","11135","50190203","202511160034","2568",305
"2d85d6ec39840f8051854b028fa13073","11006","40140407","202511161840","2568",2237
"2d85d6ec39840f8051854b028fa13073","11136","50200103","202511160034","2568",53
"2d85d6ec39840f8051854b028fa13073","11007","40150116","202511161840","2568",2300
"2d85d6ec39840f8051854b028fa13073","11137","50210203","202511160034","2568",186
"2d85d6ec39840f8051854b028fa13073","11138","50220101","202511160034","2568",16
"2d85d6ec39840f8051854b028fa13073","11008","40161703","202511161840","2568",295
"2d85d6ec39840f8051854b028fa13073","05946","50120703","202511160034","2568",105
"2d85d6ec39840f8051854b028fa13073","07091","61030307","202511161325","2568",11
"2d85d6ec39840f8051854b028fa13073","11223","61040105","202511161325","2568",355
"2d85d6ec39840f8051854b028fa13073","11222","61030101","202511161325","2568",987
"2d85d6ec39840f8051854b028fa13073","07103","61040706","202511161325","2568",17
"2d85d6ec39840f8051854b028fa13073","07107","61040904","202511161325","2568",149
"2d85d6ec39840f8051854b028fa13073","07135","61070604","202511161325","2568",1
"2d85d6ec39840f8051854b028fa13073","07109","61041004","202511161325","2568",96
"2d85d6ec39840f8051854b028fa13073","07104","61040710","202511161325","2568",7
"2d85d6ec39840f8051854b028fa13073","11224","61050105","202511161325","2568",916
"2d85d6ec39840f8051854b028fa13073","01418","15060904","202511161022","2568",90
"2d85d6ec39840f8051854b028fa13073","10848","23050106","202511170344","2568",874
"2d85d6ec39840f8051854b028fa13073","04816","38010806","202511161100","2568",274
"2d85d6ec39840f8051854b028fa13073","07724","67011114","202511171217","2568",42
"2d85d6ec39840f8051854b028fa13073","01509","16051104","202511162121","2568",213
"2d85d6ec39840f8051854b028fa13073","11331","80100102","202511152351","2568",1
"2d85d6ec39840f8051854b028fa13073","04729","42070403","202511160132","2568",205
"2d85d6ec39840f8051854b028fa13073","03178","32070401","202511161725","2568",31
"2d85d6ec39840f8051854b028fa13073","02546","30011203","202511160537","2568",1
"2d85d6ec39840f8051854b028fa13073","02542","30010702","202511160537","2568",2
"2d85d6ec39840f8051854b028fa13073","02554","30011909","202511160537","2568",30
"2d85d6ec39840f8051854b028fa13073","10737","77010100","202511160719","2568",1170
"2d85d6ec39840f8051854b028fa13073","08734","77060807","202511160719","2568",1
"2d85d6ec39840f8051854b028fa13073","11315","77020105","202511160719","2568",1511
"2d85d6ec39840f8051854b028fa13073","11316","77030306","202511160719","2568",436
"2d85d6ec39840f8051854b028fa13073","11317","77040105","202511160719","2568",2598
"2d85d6ec39840f8051854b028fa13073","11318","77050104","202511160719","2568",517
"2d85d6ec39840f8051854b028fa13073","11319","77060805","202511160719","2568",24
"2d85d6ec39840f8051854b028fa13073","11320","77070100","202511160719","2568",759
"2d85d6ec39840f8051854b028fa13073","11147","52030503","202511170720","2568",506
"2d85d6ec39840f8051854b028fa13073","09882","93100304","202511160817","2568",8
"2d85d6ec39840f8051854b028fa13073","11160","53040104","202511162304","2568",556
"2d85d6ec39840f8051854b028fa13073","11161","53050101","202511162304","2568",942
"2d85d6ec39840f8051854b028fa13073","04832","43050410","202511160651","2568",837
"2d85d6ec39840f8051854b028fa13073","11159","53030101","202511162304","2568",785
"2d85d6ec39840f8051854b028fa13073","10992","39030115","202511161004","2568",462
"2d85d6ec39840f8051854b028fa13073","11406","91060108","202511170519","2568",1227
"2d85d6ec39840f8051854b028fa13073","04563","41070110","202511162336","2568",604
"2d85d6ec39840f8051854b028fa13073","04564","41070202","202511162336","2568",1099
"2d85d6ec39840f8051854b028fa13073","11226","61070102","202511161325","2568",745
"2d85d6ec39840f8051854b028fa13073","04903","43150409","202511160651","2568",1
"2d85d6ec39840f8051854b028fa13073","10840","22060205","202511160716","2568",4101
"2d85d6ec39840f8051854b028fa13073","02176","23060205","202511170344","2568",61
"2d85d6ec39840f8051854b028fa13073","11323","85020303","202511160712","2568",3696
"2d85d6ec39840f8051854b028fa13073","10740","82050200","202511170323","2568",1772
"2d85d6ec39840f8051854b028fa13073","77431","17010100","202511160854","2568",1
"2d85d6ec39840f8051854b028fa13073","09880","93100201","202511160817","2568",1
"2d85d6ec39840f8051854b028fa13073","11009","40170114","202511161840","2568",1433
"2d85d6ec39840f8051854b028fa13073","10932","33070101","202511180243","2568",57
"2d85d6ec39840f8051854b028fa13073","01614","18010803","202511161126","2568",1
"2d85d6ec39840f8051854b028fa13073","04565","41070207","202511162336","2568",517
"2d85d6ec39840f8051854b028fa13073","04566","41070306","202511162336","2568",850
"2d85d6ec39840f8051854b028fa13073","05944","50120610","202511160034","2568",15
"2d85d6ec39840f8051854b028fa13073","23811","93050109","202511160817","2568",18
"2d85d6ec39840f8051854b028fa13073","04567","41070402","202511162336","2568",453
"2d85d6ec39840f8051854b028fa13073","11011","40190510","202511161840","2568",2703
"2d85d6ec39840f8051854b028fa13073","05943","50120603","202511160034","2568",21
"2d85d6ec39840f8051854b028fa13073","11010","40180111","202511161840","2568",24
"2d85d6ec39840f8051854b028fa13073","11152","52080107","202511170720","2568",932
"2d85d6ec39840f8051854b028fa13073","10944","34020115","202511170916","2568",4167
"2d85d6ec39840f8051854b028fa13073","10669","34010110","202511170916","2568",218
"2d85d6ec39840f8051854b028fa13073","10959","34220108","202511170916","2568",6459
"2d85d6ec39840f8051854b028fa13073","10960","34240212","202511170916","2568",1787
"2d85d6ec39840f8051854b028fa13073","03626","34080203","202511170916","2568",94
"2d85d6ec39840f8051854b028fa13073","10961","34250410","202511170916","2568",33
"2d85d6ec39840f8051854b028fa13073","10962","34260303","202511170916","2568",744
"2d85d6ec39840f8051854b028fa13073","11340","81020109","202511162319","2568",1481
"2d85d6ec39840f8051854b028fa13073","11443","34070119","202511170916","2568",3729
"2d85d6ec39840f8051854b028fa13073","03669","34111101","202511170916","2568",1
"2d85d6ec39840f8051854b028fa13073","11407","92020402","202511170051","2568",124
"2d85d6ec39840f8051854b028fa13073","13881","34330209","202511170916","2568",55
"2d85d6ec39840f8051854b028fa13073","11341","81030101","202511162319","2568",2463
"2d85d6ec39840f8051854b028fa13073","23815","34010100","202511170916","2568",4
"2d85d6ec39840f8051854b028fa13073","11409","92040101","202511170051","2568",695
"2d85d6ec39840f8051854b028fa13073","21984","34011200","202511170916","2568",1960
"2d85d6ec39840f8051854b028fa13073","10738","81010100","202511162319","2568",5901
"2d85d6ec39840f8051854b028fa13073","24032","34300105","202511170916","2568",3557
"2d85d6ec39840f8051854b028fa13073","11410","92050106","202511170051","2568",836
"2d85d6ec39840f8051854b028fa13073","04573","41090201","202511162336","2568",58
"2d85d6ec39840f8051854b028fa13073","04572","41090108","202511162336","2568",278
"2d85d6ec39840f8051854b028fa13073","04570","41080301","202511162336","2568",186
"2d85d6ec39840f8051854b028fa13073","03177","32070309","202511161725","2568",9
"2d85d6ec39840f8051854b028fa13073","03179","32070414","202511161725","2568",44
"2d85d6ec39840f8051854b028fa13073","77707","91050103","202511170519","2568",337
"2d85d6ec39840f8051854b028fa13073","05661","48050803","202511171502","2568",482
"2d85d6ec39840f8051854b028fa13073","04582","41100201","202511162336","2568",1
"2d85d6ec39840f8051854b028fa13073","04583","41100301","202511162336","2568",1004
"2d85d6ec39840f8051854b028fa13073","10969","35090101","202511161808","2568",1168
"2d85d6ec39840f8051854b028fa13073","03897","35060906","202511161808","2568",42
"2d85d6ec39840f8051854b028fa13073","11227","61080105","202511161325","2568",109
"2d85d6ec39840f8051854b028fa13073","77472","95010100","202511162152","2568",1
"2d85d6ec39840f8051854b028fa13073","01420","15061105","202511161022","2568",474
"2d85d6ec39840f8051854b028fa13073","01618","18020104","202511161126","2568",1
"2d85d6ec39840f8051854b028fa13073","10360","53040502","202511162304","2568",141
"2d85d6ec39840f8051854b028fa13073","03904","35070304","202511161808","2568",172
"2d85d6ec39840f8051854b028fa13073","10869","27050111","202511161954","2568",2894
"2d85d6ec39840f8051854b028fa13073","11383","86070107","202511162053","2568",397
"2d85d6ec39840f8051854b028fa13073","02169","23050302","202511170344","2568",105
"2d85d6ec39840f8051854b028fa13073","10847","23040104","202511170344","2568",1504
"2d85d6ec39840f8051854b028fa13073","09632","91040307","202511170519","2568",21
"2d85d6ec39840f8051854b028fa13073","10846","23030201","202511170344","2568",318
"2d85d6ec39840f8051854b028fa13073","14035","61060602","202511161325","2568",7
"2d85d6ec39840f8051854b028fa13073","05947","50120807","202511160034","2568",9
"2d85d6ec39840f8051854b028fa13073","05981","50150501","202511160034","2568",1
"2d85d6ec39840f8051854b028fa13073","11012","40200301","202511161840","2568",932
"2d85d6ec39840f8051854b028fa13073","05950","50121402","202511160034","2568",61
"2d85d6ec39840f8051854b028fa13073","05983","50150701","202511160034","2568",7
"2d85d6ec39840f8051854b028fa13073","05985","50150804","202511160034","2568",7
"2d85d6ec39840f8051854b028fa13073","11445","40090111","202511161840","2568",1049
"2d85d6ec39840f8051854b028fa13073","05989","50151104","202511160034","2568",1
"2d85d6ec39840f8051854b028fa13073","12275","40240310","202511161840","2568",134
"2d85d6ec39840f8051854b028fa13073","05988","50151005","202511160034","2568",3
"2d85d6ec39840f8051854b028fa13073","10845","23020109","202511170344","2568",792
"2d85d6ec39840f8051854b028fa13073","14209","93051303","202511160817","2568",224
"2d85d6ec39840f8051854b028fa13073","04907","43160205","202511160651","2568",216
"2d85d6ec39840f8051854b028fa13073","24689","95080203","202511162152","2568",70
"2d85d6ec39840f8051854b028fa13073","28823","57180108","202511161206","2568",2341
"2d85d6ec39840f8051854b028fa13073","10493","58020205","202511160836","2568",163
"2d85d6ec39840f8051854b028fa13073","11275","70070902","202511161339","2568",407
"2d85d6ec39840f8051854b028fa13073","10711","48010100","202511171502","2568",631
"2d85d6ec39840f8051854b028fa13073","05739","48110301","202511171502","2568",185
"2d85d6ec39840f8051854b028fa13073","11276","70080508","202511161339","2568",9
"2d85d6ec39840f8051854b028fa13073","11104","48020102","202511171502","2568",2428
"2d85d6ec39840f8051854b028fa13073","11277","70090305","202511161339","2568",222
"2d85d6ec39840f8051854b028fa13073","11458","70020108","202511161339","2568",609
"2d85d6ec39840f8051854b028fa13073","11105","48030206","202511171502","2568",4001
"2d85d6ec39840f8051854b028fa13073","13812","11011606","202511161045","2568",110
"2d85d6ec39840f8051854b028fa13073","11441","96090106","202511170439","2568",2224
"2d85d6ec39840f8051854b028fa13073","11343","81050107","202511162319","2568",871
"2d85d6ec39840f8051854b028fa13073","24821","34290100","202511170916","2568",769
"2d85d6ec39840f8051854b028fa13073","09768","92100101","202511170051","2568",1
"2d85d6ec39840f8051854b028fa13073","11442","96110101","202511170439","2568",1628
"2d85d6ec39840f8051854b028fa13073","77753","81011607","202511162319","2568",3
"2d85d6ec39840f8051854b028fa13073","27967","34320412","202511170916","2568",564
"2d85d6ec39840f8051854b028fa13073","10750","96010100","202511170439","2568",1433
"2d85d6ec39840f8051854b028fa13073","10696","23010700","202511170344","2568",4267
"2d85d6ec39840f8051854b028fa13073","13977","47120607","202511161953","2568",223
"2d85d6ec39840f8051854b028fa13073","13972","47080309","202511161953","2568",60
"2d85d6ec39840f8051854b028fa13073","11102","47160202","202511161953","2568",591
"2d85d6ec39840f8051854b028fa13073","11450","47120111","202511161953","2568",10025
"2d85d6ec39840f8051854b028fa13073","11103","47170210","202511161953","2568",91
"2d85d6ec39840f8051854b028fa13073","11101","47150108","202511161953","2568",560
"2d85d6ec39840f8051854b028fa13073","11100","47140106","202511161953","2568",350
"2d85d6ec39840f8051854b028fa13073","11099","47130109","202511161953","2568",3066
"2d85d6ec39840f8051854b028fa13073","11098","47110103","202511161953","2568",2485
"2d85d6ec39840f8051854b028fa13073","11097","47100102","202511161953","2568",997
"2d85d6ec39840f8051854b028fa13073","11093","47060113","202511161953","2568",4381
"2d85d6ec39840f8051854b028fa13073","11094","47070205","202511161953","2568",267
"2d85d6ec39840f8051854b028fa13073","11095","47081209","202511161953","2568",4502
"2d85d6ec39840f8051854b028fa13073","11096","47090111","202511161953","2568",1642
"2d85d6ec39840f8051854b028fa13073","11091","47040110","202511161953","2568",2604
"2d85d6ec39840f8051854b028fa13073","11092","47050109","202511161953","2568",4369
"2d85d6ec39840f8051854b028fa13073","11090","47030101","202511161953","2568",1108
"2d85d6ec39840f8051854b028fa13073","05548","47121001","202511161953","2568",7
"2d85d6ec39840f8051854b028fa13073","05551","47121203","202511161953","2568",384
"2d85d6ec39840f8051854b028fa13073","23748","470101nu","202511161953","2568",2067
"2d85d6ec39840f8051854b028fa13073","21323","47180300","202511161953","2568",457
"2d85d6ec39840f8051854b028fa13073","10993","39040107","202511161004","2568",326
"2d85d6ec39840f8051854b028fa13073","10994","39050606","202511161004","2568",48
"2d85d6ec39840f8051854b028fa13073","23367","39060100","202511161004","2568",717
"2d85d6ec39840f8051854b028fa13073","11106","48040102","202511171502","2568",6192
"2d85d6ec39840f8051854b028fa13073","01621","18020401","202511161126","2568",2
"2d85d6ec39840f8051854b028fa13073","07304","63020706","202511171751","2568",2
"2d85d6ec39840f8051854b028fa13073","05987","50151002","202511160034","2568",2
"2d85d6ec39840f8051854b028fa13073","01613","18010710","202511161126","2568",3
"2d85d6ec39840f8051854b028fa13073","10806","18060902","202511161126","2568",808
"2d85d6ec39840f8051854b028fa13073","04908","43160309","202511160651","2568",6
"2d85d6ec39840f8051854b028fa13073","10841","22070101","202511160716","2568",29
"2d85d6ec39840f8051854b028fa13073","04571","41080404","202511162336","2568",228
"2d85d6ec39840f8051854b028fa13073","02182","23070203","202511170344","2568",151
"2d85d6ec39840f8051854b028fa13073","09524","90071103","202511170514","2568",20
"2d85d6ec39840f8051854b028fa13073","10722","63010100","202511171751","2568",1333
"2d85d6ec39840f8051854b028fa13073","09525","90071202","202511170514","2568",65
"2d85d6ec39840f8051854b028fa13073","15048","11010100","202511161045","2568",46
"2d85d6ec39840f8051854b028fa13073","23032","11020102","202511161045","2568",1987
"2d85d6ec39840f8051854b028fa13073","23911","11020507","202511161045","2568",348
"2d85d6ec39840f8051854b028fa13073","28785","11060112","202511161045","2568",38
"2d85d6ec39840f8051854b028fa13073","24028","11011507","202511161045","2568",37
"2d85d6ec39840f8051854b028fa13073","24027","11011602","202511161045","2568",155
"2d85d6ec39840f8051854b028fa13073","24029","11010303","202511161045","2568",9
"2d85d6ec39840f8051854b028fa13073","24410","11050510","202511161045","2568",85
"2d85d6ec39840f8051854b028fa13073","24412","11060102","202511161045","2568",25
"2d85d6ec39840f8051854b028fa13073","24559","11050108","202511161045","2568",165
"2d85d6ec39840f8051854b028fa13073","28826","11011005","202511161045","2568",2277
"2d85d6ec39840f8051854b028fa13073","14220","70040502","202511161339","2568",1
"2d85d6ec39840f8051854b028fa13073","04668","42010408","202511160132","2568",6
"2d85d6ec39840f8051854b028fa13073","04718","42050706","202511160132","2568",3
"2d85d6ec39840f8051854b028fa13073","04725","42060501","202511160132","2568",11
"2d85d6ec39840f8051854b028fa13073","04778","42130201","202511160132","2568",3
"2d85d6ec39840f8051854b028fa13073","05683","48070514","202511171502","2568",170
"2d85d6ec39840f8051854b028fa13073","28858","70100103","202511161339","2568",33
"2d85d6ec39840f8051854b028fa13073","04735","42080301","202511160132","2568",83
"2d85d6ec39840f8051854b028fa13073","11205","58040201","202511160836","2568",535
"2d85d6ec39840f8051854b028fa13073","14132","40210103","202511161840","2568",606
"2d85d6ec39840f8051854b028fa13073","11139","50230301","202511160034","2568",123
"2d85d6ec39840f8051854b028fa13073","09887","93110105","202511160817","2568",4
"2d85d6ec39840f8051854b028fa13073","21557","93010100","202511160817","2568",6
"2d85d6ec39840f8051854b028fa13073","01421","15061206","202511161022","2568",2266
"2d85d6ec39840f8051854b028fa13073","10842","22080103","202511160716","2568",2004
"2d85d6ec39840f8051854b028fa13073","04906","43160111","202511160651","2568",177
"2d85d6ec39840f8051854b028fa13073","07299","63020507","202511171751","2568",42
"2d85d6ec39840f8051854b028fa13073","10747","93010100","202511160817","2568",896
"2d85d6ec39840f8051854b028fa13073","11414","93020401","202511160817","2568",189
"2d85d6ec39840f8051854b028fa13073","13818","96120102","202511170439","2568",1126
"2d85d6ec39840f8051854b028fa13073","04909","43160402","202511160651","2568",70
"2d85d6ec39840f8051854b028fa13073","10843","22090112","202511160716","2568",4412
"2d85d6ec39840f8051854b028fa13073","24673","93110203","202511160817","2568",10
"2d85d6ec39840f8051854b028fa13073","10241","43070304","202511160651","2568",85
"2d85d6ec39840f8051854b028fa13073","10751","96100100","202511170439","2568",450
"2d85d6ec39840f8051854b028fa13073","10706","43010103","202511160651","2568",2338
"2d85d6ec39840f8051854b028fa13073","04910","43160503","202511160651","2568",202
"2d85d6ec39840f8051854b028fa13073","11419","93070109","202511160817","2568",11
"2d85d6ec39840f8051854b028fa13073","11435","96020104","202511170439","2568",1379
"2d85d6ec39840f8051854b028fa13073","11420","93080608","202511160817","2568",132
"2d85d6ec39840f8051854b028fa13073","11042","43050103","202511160651","2568",818
"2d85d6ec39840f8051854b028fa13073","01416","15060712","202511161022","2568",328
"2d85d6ec39840f8051854b028fa13073","27974","18070101","202511161126","2568",12
"2d85d6ec39840f8051854b028fa13073","13932","38010305","202511161100","2568",89
"2d85d6ec39840f8051854b028fa13073","02879","31010511","202511152334","2568",12
"2d85d6ec39840f8051854b028fa13073","02880","31010614","202511152334","2568",6
"2d85d6ec39840f8051854b028fa13073","77770","70010100","202511161339","2568",202
"2d85d6ec39840f8051854b028fa13073","10863","26020304","202511160726","2568",819
"2d85d6ec39840f8051854b028fa13073","15010","96130101","202511170439","2568",1731
"2d85d6ec39840f8051854b028fa13073","10765","13050104","202511170532","2568",319
"2d85d6ec39840f8051854b028fa13073","04730","42070501","202511160132","2568",185
"2d85d6ec39840f8051854b028fa13073","01793","19120301","202511161456","2568",5
"2d85d6ec39840f8051854b028fa13073","04733","42080202","202511160132","2568",68
"2d85d6ec39840f8051854b028fa13073","04731","42070601","202511160132","2568",304
"2d85d6ec39840f8051854b028fa13073","11108","48060209","202511171502","2568",1340
"2d85d6ec39840f8051854b028fa13073","04734","42080209","202511160132","2568",12
"2d85d6ec39840f8051854b028fa13073","11107","48110304","202511171502","2568",12
"2d85d6ec39840f8051854b028fa13073","07906","70040406","202511161339","2568",1
"2d85d6ec39840f8051854b028fa13073","11039","42120308","202511160132","2568",1512
"2d85d6ec39840f8051854b028fa13073","11447","42050103","202511160132","2568",13
"2d85d6ec39840f8051854b028fa13073","11109","48071207","202511171502","2568",185
"2d85d6ec39840f8051854b028fa13073","13925","42040301","202511160132","2568",1
"2d85d6ec39840f8051854b028fa13073","07905","70040303","202511161339","2568",6
"2d85d6ec39840f8051854b028fa13073","04739","42080604","202511160132","2568",15
"2d85d6ec39840f8051854b028fa13073","04742","42090303","202511160132","2568",1
"2d85d6ec39840f8051854b028fa13073","11110","48080101","202511171502","2568",1223
"2d85d6ec39840f8051854b028fa13073","13926","42050204","202511160132","2568",41
"2d85d6ec39840f8051854b028fa13073","11111","48090105","202511171502","2568",292
"2d85d6ec39840f8051854b028fa13073","07911","70040807","202511161339","2568",24
"2d85d6ec39840f8051854b028fa13073","11112","48100105","202511171502","2568",5742
"2d85d6ec39840f8051854b028fa13073","04717","42050702","202511160132","2568",60
"2d85d6ec39840f8051854b028fa13073","04750","42091002","202511160132","2568",1
"2d85d6ec39840f8051854b028fa13073","05687","48070706","202511171502","2568",3
"2d85d6ec39840f8051854b028fa13073","04746","42090501","202511160132","2568",1
"2d85d6ec39840f8051854b028fa13073","13929","42110401","202511160132","2568",7
"2d85d6ec39840f8051854b028fa13073","14133","42130203","202511160132","2568",7
"2d85d6ec39840f8051854b028fa13073","07909","70040701","202511161339","2568",7
"2d85d6ec39840f8051854b028fa13073","14352","42010405","202511160132","2568",19
"2d85d6ec39840f8051854b028fa13073","04757","42100106","202511160132","2568",6
"2d85d6ec39840f8051854b028fa13073","04758","42100109","202511160132","2568",1
"2d85d6ec39840f8051854b028fa13073","04760","42140306","202511160132","2568",1
"2d85d6ec39840f8051854b028fa13073","04767","42110407","202511160132","2568",12
"2d85d6ec39840f8051854b028fa13073","11153","52090405","202511170720","2568",450
"2d85d6ec39840f8051854b028fa13073","14356","42130403","202511160132","2568",11
"2d85d6ec39840f8051854b028fa13073","11181","55110104","202511160628","2568",162
"2d85d6ec39840f8051854b028fa13073","04772","42120208","202511160132","2568",40
"2d85d6ec39840f8051854b028fa13073","04770","42120102","202511160132","2568",1
"2d85d6ec39840f8051854b028fa13073","02181","23070205","202511170344","2568",21
"2d85d6ec39840f8051854b028fa13073","13817","27070106","202511161954","2568",2284
"2d85d6ec39840f8051854b028fa13073","06332","53090214","202511162304","2568",569
"2d85d6ec39840f8051854b028fa13073","03903","35070210","202511161808","2568",73
"2d85d6ec39840f8051854b028fa13073","03905","35070309","202511161808","2568",532
"2d85d6ec39840f8051854b028fa13073","01620","18020302","202511161126","2568",2
"2d85d6ec39840f8051854b028fa13073","28861","42140100","202511160132","2568",449
"2d85d6ec39840f8051854b028fa13073","07908","70040602","202511161339","2568",2
"2d85d6ec39840f8051854b028fa13073","11451","48050107","202511171502","2568",4131
"2d85d6ec39840f8051854b028fa13073","11180","55100214","202511160628","2568",244
"2d85d6ec39840f8051854b028fa13073","11154","52100110","202511170720","2568",523
"2d85d6ec39840f8051854b028fa13073","10705","42010101","202511160132","2568",2686
"2d85d6ec39840f8051854b028fa13073","11182","55120203","202511160628","2568",174
"2d85d6ec39840f8051854b028fa13073","07907","70040506","202511161339","2568",2
"2d85d6ec39840f8051854b028fa13073","04777","42130106","202511160132","2568",3
"2d85d6ec39840f8051854b028fa13073","04781","42130401","202511160132","2568",2
"2d85d6ec39840f8051854b028fa13073","10777","14110405","202511160708","2568",171
"2d85d6ec39840f8051854b028fa13073","10778","14130101","202511160708","2568",509
"2d85d6ec39840f8051854b028fa13073","10820","20040611","202511171752","2568",558
"2d85d6ec39840f8051854b028fa13073","11251","65030105","202511170921","2568",419
"2d85d6ec39840f8051854b028fa13073","10821","20050108","202511171752","2568",1173
"2d85d6ec39840f8051854b028fa13073","10779","14140605","202511160708","2568",350
"2d85d6ec39840f8051854b028fa13073","10822","20060901","202511171752","2568",825
"2d85d6ec39840f8051854b028fa13073","10766","13060609","202511170532","2568",379
"2d85d6ec39840f8051854b028fa13073","10823","20070307","202511171752","2568",141
"2d85d6ec39840f8051854b028fa13073","10825","20090301","202511171752","2568",228
"2d85d6ec39840f8051854b028fa13073","10780","14150106","202511160708","2568",130
"2d85d6ec39840f8051854b028fa13073","10826","20100101","202511171752","2568",14
"2d85d6ec39840f8051854b028fa13073","10781","14160201","202511160708","2568",395
"2d85d6ec39840f8051854b028fa13073","28006","20110114","202511171752","2568",279
"2d85d6ec39840f8051854b028fa13073","77610","65010100","202511170921","2568",129
"2d85d6ec39840f8051854b028fa13073","10767","13070706","202511170532","2568",74
"2d85d6ec39840f8051854b028fa13073","13885","35080612","202511161808","2568",658
"2d85d6ec39840f8051854b028fa13073","27968","34330305","202511170916","2568",112
"2d85d6ec39840f8051854b028fa13073","03864","35040301","202511161808","2568",32
"2d85d6ec39840f8051854b028fa13073","01419","15061002","202511161022","2568",1061
"2d85d6ec39840f8051854b028fa13073","06334","53090401","202511162304","2568",538
"2d85d6ec39840f8051854b028fa13073","03863","35040211","202511161808","2568",207
"2d85d6ec39840f8051854b028fa13073","11204","58030101","202511160836","2568",2048
"2d85d6ec39840f8051854b028fa13073","11248","64070204","202511170546","2568",2581
"2d85d6ec39840f8051854b028fa13073","07125","61060504","202511161325","2568",81
"2d85d6ec39840f8051854b028fa13073","02180","23070201","202511170344","2568",9
"2d85d6ec39840f8051854b028fa13073","02173","23050705","202511170344","2568",44
"2d85d6ec39840f8051854b028fa13073","10834","22020100","202511160716","2568",129
"2d85d6ec39840f8051854b028fa13073","11044","43070101","202511160651","2568",250
"2d85d6ec39840f8051854b028fa13073","11418","93060101","202511160817","2568",305
"2d85d6ec39840f8051854b028fa13073","11417","93050109","202511160817","2568",89
"2d85d6ec39840f8051854b028fa13073","11045","43080203","202511160651","2568",747
"2d85d6ec39840f8051854b028fa13073","11416","93040101","202511160817","2568",321
"2d85d6ec39840f8051854b028fa13073","11057","44080101","202511171023","2568",4843
"2d85d6ec39840f8051854b028fa13073","11058","44090102","202511171023","2568",2905
"2d85d6ec39840f8051854b028fa13073","23564","44010100","202511171023","2568",23
"2d85d6ec39840f8051854b028fa13073","11060","44110102","202511171023","2568",2865
"2d85d6ec39840f8051854b028fa13073","11059","44100109","202511171023","2568",211
"2d85d6ec39840f8051854b028fa13073","24704","44120110","202511171023","2568",870
"2d85d6ec39840f8051854b028fa13073","23565","44010100","202511171023","2568",319
"2d85d6ec39840f8051854b028fa13073","11249","64080103","202511170546","2568",679
"2d85d6ec39840f8051854b028fa13073","11258","66020101","202511171233","2568",356
"2d85d6ec39840f8051854b028fa13073","03911","35080509","202511161808","2568",54
"2d85d6ec39840f8051854b028fa13073","10801","17050204","202511160854","2568",572
"2d85d6ec39840f8051854b028fa13073","11156","52120108","202511170720","2568",545
"2d85d6ec39840f8051854b028fa13073","10714","51010711","202511161919","2568",7338
"2d85d6ec39840f8051854b028fa13073","11031","42030102","202511160132","2568",152
"2d85d6ec39840f8051854b028fa13073","13820","16050110","202511162121","2568",322
"2d85d6ec39840f8051854b028fa13073","10854","24060604","202511162132","2568",400
"2d85d6ec39840f8051854b028fa13073","99791","620101nu","202511162225","2568",21
"2d85d6ec39840f8051854b028fa13073","10853","24050101","202511162132","2568",477
"2d85d6ec39840f8051854b028fa13073","11163","53070101","202511162304","2568",1158
"2d85d6ec39840f8051854b028fa13073","10852","24040113","202511162132","2568",49
"2d85d6ec39840f8051854b028fa13073","77718","81010100","202511162319","2568",1935
"2d85d6ec39840f8051854b028fa13073","10855","24080104","202511162132","2568",1
"2d85d6ec39840f8051854b028fa13073","10856","24090204","202511162132","2568",94
"2d85d6ec39840f8051854b028fa13073","77735","620101nu","202511162225","2568",101
"2d85d6ec39840f8051854b028fa13073","13747","24070301","202511162132","2568",3
"2d85d6ec39840f8051854b028fa13073","40745","56090100","202511162309","2568",847
"2d85d6ec39840f8051854b028fa13073","31327","24110204","202511162132","2568",43
"2d85d6ec39840f8051854b028fa13073","14099","92011406","202511170051","2568",101
"2d85d6ec39840f8051854b028fa13073","77661","240101nu","202511162132","2568",1
"2d85d6ec39840f8051854b028fa13073","77686","24030110","202511162132","2568",2
"2d85d6ec39840f8051854b028fa13073","11314","76080305","202511162351","2568",727
"2d85d6ec39840f8051854b028fa13073","02252","24060102","202511162132","2568",1
"2d85d6ec39840f8051854b028fa13073","02257","24060505","202511162132","2568",1
"2d85d6ec39840f8051854b028fa13073","02179","23070104","202511170344","2568",32
"2d85d6ec39840f8051854b028fa13073","28786","91070101","202511170519","2568",75
"2d85d6ec39840f8051854b028fa13073","10805","18050108","202511161126","2568",157
"2d85d6ec39840f8051854b028fa13073","77704","380401nu","202511161100","2568",733
"2d85d6ec39840f8051854b028fa13073","01417","15060802","202511161022","2568",319
"2d85d6ec39840f8051854b028fa13073","02178","23070103","202511170344","2568",24
"2d85d6ec39840f8051854b028fa13073","01665","18061107","202511161126","2568",160
"2d85d6ec39840f8051854b028fa13073","27975","18080114","202511161126","2568",420
"2d85d6ec39840f8051854b028fa13073","01422","15061302","202511161022","2568",948
"2d85d6ec39840f8051854b028fa13073","10864","26030704","202511160726","2568",846
"2d85d6ec39840f8051854b028fa13073","11372","85030201","202511160712","2568",289
"2d85d6ec39840f8051854b028fa13073","02175","23060101","202511170344","2568",7
"2d85d6ec39840f8051854b028fa13073","01660","18060602","202511161126","2568",92
"2d85d6ec39840f8051854b028fa13073","10988","37050101","202511161330","2568",415
"2d85d6ec39840f8051854b028fa13073","11206","58050109","202511160836","2568",341
"2d85d6ec39840f8051854b028fa13073","11373","85040103","202511160712","2568",1144
"2d85d6ec39840f8051854b028fa13073","01664","18060901","202511161126","2568",40
"2d85d6ec39840f8051854b028fa13073","11289","72020102","202511160540","2568",35
"2d85d6ec39840f8051854b028fa13073","11290","72030201","202511160540","2568",2776
"2d85d6ec39840f8051854b028fa13073","11291","72040105","202511160540","2568",33
"2d85d6ec39840f8051854b028fa13073","11292","72050801","202511160540","2568",269
"2d85d6ec39840f8051854b028fa13073","11293","72060105","202511160540","2568",156
"2d85d6ec39840f8051854b028fa13073","11294","72080407","202511160540","2568",123
"2d85d6ec39840f8051854b028fa13073","11295","72090315","202511160540","2568",64
"2d85d6ec39840f8051854b028fa13073","11296","72100105","202511160540","2568",4
"2d85d6ec39840f8051854b028fa13073","11298","73030103","202511160726","2568",185
"2d85d6ec39840f8051854b028fa13073","11140","51020208","202511161919","2568",381
"2d85d6ec39840f8051854b028fa13073","77659","81040102","202511162319","2568",1302
"2d85d6ec39840f8051854b028fa13073","13979","48011108","202511171502","2568",244
"2d85d6ec39840f8051854b028fa13073","01507","16050902","202511162121","2568",164
"2d85d6ec39840f8051854b028fa13073","11141","51030102","202511161919","2568",442
"2d85d6ec39840f8051854b028fa13073","77741","56040101","202511162309","2568",1
"2d85d6ec39840f8051854b028fa13073","13981","48070107","202511171502","2568",90
"2d85d6ec39840f8051854b028fa13073","28010","62110103","202511162225","2568",636
"2d85d6ec39840f8051854b028fa13073","11142","51040104","202511161919","2568",1098
"2d85d6ec39840f8051854b028fa13073","14100","92040303","202511170051","2568",144
"2d85d6ec39840f8051854b028fa13073","13982","48071505","202511171502","2568",27
"2d85d6ec39840f8051854b028fa13073","01520","16060903","202511162121","2568",9
"2d85d6ec39840f8051854b028fa13073","11144","51061107","202511161919","2568",928
"2d85d6ec39840f8051854b028fa13073","14135","62100307","202511162225","2568",675
"2d85d6ec39840f8051854b028fa13073","07209","62050404","202511162225","2568",748
"2d85d6ec39840f8051854b028fa13073","11143","51050103","202511161919","2568",102
"2d85d6ec39840f8051854b028fa13073","11346","81080101","202511162319","2568",459
"2d85d6ec39840f8051854b028fa13073","05692","48120104","202511171502","2568",5
"2d85d6ec39840f8051854b028fa13073","77511","21010902","202511170545","2568",160
"2d85d6ec39840f8051854b028fa13073","77555","51040114","202511161919","2568",54
"2d85d6ec39840f8051854b028fa13073","07239","62070404","202511162225","2568",1
"2d85d6ec39840f8051854b028fa13073","11183","55130102","202511160628","2568",363
"2d85d6ec39840f8051854b028fa13073","14277","48010906","202511171502","2568",186
"2d85d6ec39840f8051854b028fa13073","09702","92030706","202511170051","2568",45
"2d85d6ec39840f8051854b028fa13073","09699","92030604","202511170051","2568",647
"2d85d6ec39840f8051854b028fa13073","05680","48070407","202511171502","2568",34
"2d85d6ec39840f8051854b028fa13073","24956","51080309","202511161919","2568",3819
"2d85d6ec39840f8051854b028fa13073","11453","55051406","202511160628","2568",493
"2d85d6ec39840f8051854b028fa13073","11145","51070106","202511161919","2568",620
"2d85d6ec39840f8051854b028fa13073","11155","52110102","202511170720","2568",626
"2d85d6ec39840f8051854b028fa13073","05682","48070506","202511171502","2568",134
"2d85d6ec39840f8051854b028fa13073","11030","42020106","202511160132","2568",382
"2d85d6ec39840f8051854b028fa13073","11032","42040101","202511160132","2568",560
"2d85d6ec39840f8051854b028fa13073","11157","52130104","202511170720","2568",377
"2d85d6ec39840f8051854b028fa13073","11034","42070106","202511160132","2568",1999
"2d85d6ec39840f8051854b028fa13073","11625","55150101","202511160628","2568",75
"2d85d6ec39840f8051854b028fa13073","11033","42060105","202511160132","2568",272
"2d85d6ec39840f8051854b028fa13073","14001","52030701","202511170720","2568",2
"2d85d6ec39840f8051854b028fa13073","25017","551401nu","202511160628","2568",581
"2d85d6ec39840f8051854b028fa13073","04048","36100806","202511161732","2568",1
"2d85d6ec39840f8051854b028fa13073","03946","36011701","202511161732","2568",1
"2d85d6ec39840f8051854b028fa13073","04051","36101101","202511161732","2568",1
"2d85d6ec39840f8051854b028fa13073","04073","36130202","202511161732","2568",248
"2d85d6ec39840f8051854b028fa13073","03964","36030803","202511161732","2568",5
"2d85d6ec39840f8051854b028fa13073","03966","36040215","202511161732","2568",1
"2d85d6ec39840f8051854b028fa13073","03987","36050701","202511161732","2568",1
"2d85d6ec39840f8051854b028fa13073","03980","36041202","202511161732","2568",13
"2d85d6ec39840f8051854b028fa13073","03978","36041004","202511161732","2568",1
"2d85d6ec39840f8051854b028fa13073","03977","36040903","202511161732","2568",2
"2d85d6ec39840f8051854b028fa13073","04081","36130804","202511161732","2568",3
"2d85d6ec39840f8051854b028fa13073","03998","36060310","202511161732","2568",1
"2d85d6ec39840f8051854b028fa13073","04092","36150307","202511161732","2568",18
"2d85d6ec39840f8051854b028fa13073","04093","36150402","202511161732","2568",27
"2d85d6ec39840f8051854b028fa13073","10970","36020101","202511161732","2568",227
"2d85d6ec39840f8051854b028fa13073","28843","44130103","202511171023","2568",3124
"2d85d6ec39840f8051854b028fa13073","11448","43020113","202511160651","2568",104
"2d85d6ec39840f8051854b028fa13073","10664","22010200","202511160716","2568",10331
"2d85d6ec39840f8051854b028fa13073","13933","43070410","202511160651","2568",393
"2d85d6ec39840f8051854b028fa13073","14184","43160407","202511160651","2568",50
"2d85d6ec39840f8051854b028fa13073","10844","22100210","202511160716","2568",858
"2d85d6ec39840f8051854b028fa13073","99841","22020100","202511160716","2568",1348
"2d85d6ec39840f8051854b028fa13073","10836","22030712","202511160716","2568",309
"2d85d6ec39840f8051854b028fa13073","10835","22030100","202511160716","2568",24
"2d85d6ec39840f8051854b028fa13073","10838","22040101","202511160716","2568",596
"2d85d6ec39840f8051854b028fa13073","10837","22030805","202511160716","2568",62
"2d85d6ec39840f8051854b028fa13073","04580","41090705","202511162336","2568",279
"2d85d6ec39840f8051854b028fa13073","04579","41090610","202511162336","2568",733
"2d85d6ec39840f8051854b028fa13073","04578","41090501","202511162336","2568",146
"2d85d6ec39840f8051854b028fa13073","04577","41090408","202511162336","2568",64
"2d85d6ec39840f8051854b028fa13073","04576","41090401","202511162336","2568",308
"2d85d6ec39840f8051854b028fa13073","04575","41090301","202511162336","2568",1
"2d85d6ec39840f8051854b028fa13073","04574","41090216","202511162336","2568",149
"2d85d6ec39840f8051854b028fa13073","04586","41100408","202511162336","2568",55
"2d85d6ec39840f8051854b028fa13073","04587","41100501","202511162336","2568",279
"2d85d6ec39840f8051854b028fa13073","04585","41100403","202511162336","2568",65
"2d85d6ec39840f8051854b028fa13073","04584","41100310","202511162336","2568",382
"2d85d6ec39840f8051854b028fa13073","04588","41100604","202511162336","2568",374
"2d85d6ec39840f8051854b028fa13073","11321","77080506","202511160719","2568",1699
"2d85d6ec39840f8051854b028fa13073","04591","41110301","202511162336","2568",1078
"2d85d6ec39840f8051854b028fa13073","04592","41110402","202511162336","2568",411
"2d85d6ec39840f8051854b028fa13073","77449","77070100","202511160719","2568",4
"2d85d6ec39840f8051854b028fa13073","04593","41110506","202511162336","2568",260
"2d85d6ec39840f8051854b028fa13073","21356","43140103","202511160651","2568",68
"2d85d6ec39840f8051854b028fa13073","04595","41110603","202511162336","2568",258
"2d85d6ec39840f8051854b028fa13073","28815","43160111","202511160651","2568",220
"2d85d6ec39840f8051854b028fa13073","04594","41110613","202511162336","2568",238
"2d85d6ec39840f8051854b028fa13073","77737","77070100","202511160719","2568",1
"2d85d6ec39840f8051854b028fa13073","04596","41110702","202511162336","2568",355
"2d85d6ec39840f8051854b028fa13073","28811","43150111","202511160651","2568",1007
"2d85d6ec39840f8051854b028fa13073","04599","41110901","202511162336","2568",246
"2d85d6ec39840f8051854b028fa13073","04598","41110801","202511162336","2568",537
"2d85d6ec39840f8051854b028fa13073","04597","41110705","202511162336","2568",340
"2d85d6ec39840f8051854b028fa13073","04601","41111101","202511162336","2568",246
"2d85d6ec39840f8051854b028fa13073","04600","41111002","202511162336","2568",279
"2d85d6ec39840f8051854b028fa13073","04602","41111106","202511162336","2568",72
"2d85d6ec39840f8051854b028fa13073","04603","41111202","202511162336","2568",357
"2d85d6ec39840f8051854b028fa13073","04604","41111309","202511162336","2568",272
"2d85d6ec39840f8051854b028fa13073","04608","41170313","202511162336","2568",396
"2d85d6ec39840f8051854b028fa13073","04611","41170510","202511162336","2568",1
"2d85d6ec39840f8051854b028fa13073","04609","41170401","202511162336","2568",48
"2d85d6ec39840f8051854b028fa13073","04613","41170707","202511162336","2568",309
"2d85d6ec39840f8051854b028fa13073","04614","41170711","202511162336","2568",143
"2d85d6ec39840f8051854b028fa13073","04617","41170909","202511162336","2568",1
"2d85d6ec39840f8051854b028fa13073","04620","41171103","202511162336","2568",70
"2d85d6ec39840f8051854b028fa13073","04621","41171201","202511162336","2568",117
"2d85d6ec39840f8051854b028fa13073","04623","41180206","202511162336","2568",1968
"2d85d6ec39840f8051854b028fa13073","04624","41180207","202511162336","2568",776
"2d85d6ec39840f8051854b028fa13073","04625","41180209","202511162336","2568",529
"2d85d6ec39840f8051854b028fa13073","04626","41180504","202511162336","2568",1117
"2d85d6ec39840f8051854b028fa13073","04627","41180609","202511162336","2568",1806
"2d85d6ec39840f8051854b028fa13073","04628","41180704","202511162336","2568",751
"2d85d6ec39840f8051854b028fa13073","04629","41181203","202511162336","2568",748
"2d85d6ec39840f8051854b028fa13073","11299","73031801","202511160726","2568",391
"2d85d6ec39840f8051854b028fa13073","11300","73040105","202511160726","2568",130
"2d85d6ec39840f8051854b028fa13073","11301","73050106","202511160726","2568",198
"2d85d6ec39840f8051854b028fa13073","11302","73060801","202511160726","2568",50
"2d85d6ec39840f8051854b028fa13073","11303","73070101","202511160726","2568",179
"2d85d6ec39840f8051854b028fa13073","13819","73032102","202511160726","2568",328
"2d85d6ec39840f8051854b028fa13073","07432","64060101","202511170546","2568",10
"2d85d6ec39840f8051854b028fa13073","07433","64060203","202511170546","2568",329
"2d85d6ec39840f8051854b028fa13073","11239","63030104","202511171751","2568",522
"2d85d6ec39840f8051854b028fa13073","07443","64061003","202511170546","2568",46
"2d85d6ec39840f8051854b028fa13073","01794","19120306","202511161456","2568",10
"2d85d6ec39840f8051854b028fa13073","07442","64060901","202511170546","2568",629
"2d85d6ec39840f8051854b028fa13073","11240","63040104","202511171751","2568",300
"2d85d6ec39840f8051854b028fa13073","07435","64060403","202511170546","2568",2
"2d85d6ec39840f8051854b028fa13073","28850","27080108","202511161954","2568",1114
"2d85d6ec39840f8051854b028fa13073","07444","64061009","202511170546","2568",21
"2d85d6ec39840f8051854b028fa13073","03916","35081102","202511161808","2568",29
"2d85d6ec39840f8051854b028fa13073","28849","27090104","202511161954","2568",1070
"2d85d6ec39840f8051854b028fa13073","40840","48120101","202511171502","2568",411
"2d85d6ec39840f8051854b028fa13073","07434","64060310","202511170546","2568",7
"2d85d6ec39840f8051854b028fa13073","27443","63090102","202511171751","2568",165
"2d85d6ec39840f8051854b028fa13073","10701","35010308","202511161808","2568",16522
"2d85d6ec39840f8051854b028fa13073","11079","46040101","202511170507","2568",47
"2d85d6ec39840f8051854b028fa13073","11080","46060116","202511170507","2568",1146
"2d85d6ec39840f8051854b028fa13073","11081","46070120","202511170507","2568",1144
"2d85d6ec39840f8051854b028fa13073","11216","60090808","202511161642","2568",110
"2d85d6ec39840f8051854b028fa13073","11082","46080104","202511170507","2568",3193
"2d85d6ec39840f8051854b028fa13073","11083","46090710","202511170507","2568",3511
"2d85d6ec39840f8051854b028fa13073","11084","46100110","202511170507","2568",9900
"2d85d6ec39840f8051854b028fa13073","11085","46110501","202511170507","2568",734
"2d85d6ec39840f8051854b028fa13073","11086","46120102","202511170507","2568",2604
"2d85d6ec39840f8051854b028fa13073","11088","46140308","202511170507","2568",1130
"2d85d6ec39840f8051854b028fa13073","11087","46130102","202511170507","2568",669
"2d85d6ec39840f8051854b028fa13073","14715","91060110","202511170519","2568",67
"2d85d6ec39840f8051854b028fa13073","11217","60100108","202511161642","2568",2449
"2d85d6ec39840f8051854b028fa13073","11218","60111708","202511161642","2568",4978
"2d85d6ec39840f8051854b028fa13073","11219","60120101","202511161642","2568",443
"2d85d6ec39840f8051854b028fa13073","14333","60010609","202511161642","2568",877
"2d85d6ec39840f8051854b028fa13073","14334","60010100","202511161642","2568",464
"2d85d6ec39840f8051854b028fa13073","11449","46050113","202511170507","2568",14937
"2d85d6ec39840f8051854b028fa13073","11220","60130109","202511161642","2568",194
"2d85d6ec39840f8051854b028fa13073","28017","46160109","202511170507","2568",3498
"2d85d6ec39840f8051854b028fa13073","15079","60010610","202511161642","2568",24
"2d85d6ec39840f8051854b028fa13073","28789","46180111","202511170507","2568",2938
"2d85d6ec39840f8051854b028fa13073","21985","60010100","202511161642","2568",115
"2d85d6ec39840f8051854b028fa13073","28790","46170206","202511170507","2568",645
"2d85d6ec39840f8051854b028fa13073","15080","60010704","202511161642","2568",82
"2d85d6ec39840f8051854b028fa13073","28791","46150104","202511170507","2568",3310
"2d85d6ec39840f8051854b028fa13073","40749","60150107","202511161642","2568",8
"2d85d6ec39840f8051854b028fa13073","77738","46010101","202511170507","2568",105
"2d85d6ec39840f8051854b028fa13073","07042","60111601","202511161642","2568",80
"2d85d6ec39840f8051854b028fa13073","01386","15040202","202511161022","2568",11
"2d85d6ec39840f8051854b028fa13073","01424","15061501","202511161022","2568",72
"2d85d6ec39840f8051854b028fa13073","11429","94090802","202511162158","2568",47
"2d85d6ec39840f8051854b028fa13073","11464","94110101","202511162158","2568",3253
"2d85d6ec39840f8051854b028fa13073","77485","94090802","202511162158","2568",1
"2d85d6ec39840f8051854b028fa13073","11431","94120106","202511162158","2568",263
"2d85d6ec39840f8051854b028fa13073","11460","94070100","202511162158","2568",862
"2d85d6ec39840f8051854b028fa13073","10964","35030114","202511161808","2568",201
"2d85d6ec39840f8051854b028fa13073","77746","61010100","202511161325","2568",44
"2d85d6ec39840f8051854b028fa13073","11035","42080101","202511160132","2568",119
"2d85d6ec39840f8051854b028fa13073","11036","42090103","202511160132","2568",1894
"2d85d6ec39840f8051854b028fa13073","10963","35020100","202511161808","2568",2949
"2d85d6ec39840f8051854b028fa13073","11162","53060203","202511162304","2568",811
"2d85d6ec39840f8051854b028fa13073","11241","63050202","202511171751","2568",715
"2d85d6ec39840f8051854b028fa13073","10673","53010100","202511162304","2568",4585
"2d85d6ec39840f8051854b028fa13073","14139","92090100","202511170051","2568",635
"2d85d6ec39840f8051854b028fa13073","23771","96040104","202511170439","2568",2866
"2d85d6ec39840f8051854b028fa13073","10965","35040102","202511161808","2568",337
"2d85d6ec39840f8051854b028fa13073","11345","81070105","202511162319","2568",16
"2d85d6ec39840f8051854b028fa13073","11243","63080101","202511171751","2568",37
"2d85d6ec39840f8051854b028fa13073","27976","34310106","202511170916","2568",738
"2d85d6ec39840f8051854b028fa13073","28817","92100109","202511170051","2568",28
"2d85d6ec39840f8051854b028fa13073","11437","96050101","202511170439","2568",353
"2d85d6ec39840f8051854b028fa13073","77681","920601nu","202511170051","2568",54
"2d85d6ec39840f8051854b028fa13073","77512","34090700","202511170916","2568",1
"2d85d6ec39840f8051854b028fa13073","11436","96030101","202511170439","2568",610
"2d85d6ec39840f8051854b028fa13073","11203","58020101","202511160836","2568",564
"2d85d6ec39840f8051854b028fa13073","01662","18060701","202511161126","2568",41
"2d85d6ec39840f8051854b028fa13073","10990","37070101","202511161330","2568",920
"2d85d6ec39840f8051854b028fa13073","07144","61080202","202511161325","2568",656
"2d85d6ec39840f8051854b028fa13073","11374","85050205","202511160712","2568",1224
"2d85d6ec39840f8051854b028fa13073","11207","58060203","202511160836","2568",200
"2d85d6ec39840f8051854b028fa13073","10989","37060807","202511161330","2568",2328
"2d85d6ec39840f8051854b028fa13073","01661","18060611","202511161126","2568",108
"2d85d6ec39840f8051854b028fa13073","01659","18060505","202511161126","2568",95
"2d85d6ec39840f8051854b028fa13073","01658","18060501","202511161126","2568",75
"2d85d6ec39840f8051854b028fa13073","01672","18070401","202511161126","2568",1
"2d85d6ec39840f8051854b028fa13073","10849","23060201","202511170344","2568",282
"2d85d6ec39840f8051854b028fa13073","10865","26040904","202511160726","2568",518
"2d85d6ec39840f8051854b028fa13073","10694","18010200","202511161126","2568",1392
"2d85d6ec39840f8051854b028fa13073","10802","18020504","202511161126","2568",30
"2d85d6ec39840f8051854b028fa13073","10986","37030308","202511161330","2568",1571
"2d85d6ec39840f8051854b028fa13073","10987","37040102","202511161330","2568",3341
"2d85d6ec39840f8051854b028fa13073","10803","18030100","202511161126","2568",386
"2d85d6ec39840f8051854b028fa13073","77769","37010109","202511161330","2568",1
"2d85d6ec39840f8051854b028fa13073","09641","91050505","202511170519","2568",10
"2d85d6ec39840f8051854b028fa13073","07126","61060604","202511161325","2568",74
"2d85d6ec39840f8051854b028fa13073","11208","58070101","202511160836","2568",125
"2d85d6ec39840f8051854b028fa13073","01423","15061406","202511161022","2568",1
"2d85d6ec39840f8051854b028fa13073","07789","67050305","202511171217","2568",8
"2d85d6ec39840f8051854b028fa13073","10972","36040101","202511161732","2568",27
"2d85d6ec39840f8051854b028fa13073","07792","67050602","202511171217","2568",3
"2d85d6ec39840f8051854b028fa13073","10973","36050102","202511161732","2568",149
"2d85d6ec39840f8051854b028fa13073","07793","67050607","202511171217","2568",4
"2d85d6ec39840f8051854b028fa13073","10974","36061001","202511161732","2568",1258
"2d85d6ec39840f8051854b028fa13073","07794","67050704","202511171217","2568",1
"2d85d6ec39840f8051854b028fa13073","10975","36070201","202511161732","2568",405
"2d85d6ec39840f8051854b028fa13073","10727","67010100","202511171217","2568",9225
"2d85d6ec39840f8051854b028fa13073","10976","36080101","202511161732","2568",1436
"2d85d6ec39840f8051854b028fa13073","11264","67020107","202511171217","2568",1707
"2d85d6ec39840f8051854b028fa13073","10702","36010105","202511161732","2568",1678
"2d85d6ec39840f8051854b028fa13073","11265","67030100","202511171217","2568",4176
"2d85d6ec39840f8051854b028fa13073","11457","67040601","202511171217","2568",6435
"2d85d6ec39840f8051854b028fa13073","10977","36090101","202511161732","2568",382
"2d85d6ec39840f8051854b028fa13073","10978","36100104","202511161732","2568",600
"2d85d6ec39840f8051854b028fa13073","11266","67050201","202511171217","2568",1717
"2d85d6ec39840f8051854b028fa13073","10979","36110103","202511161732","2568",231
"2d85d6ec39840f8051854b028fa13073","11267","67060212","202511171217","2568",4148
"2d85d6ec39840f8051854b028fa13073","10980","36120101","202511161732","2568",14
"2d85d6ec39840f8051854b028fa13073","11268","67071006","202511171217","2568",286
"2d85d6ec39840f8051854b028fa13073","10981","36130705","202511161732","2568",4166
"2d85d6ec39840f8051854b028fa13073","11269","67080109","202511171217","2568",1167
"2d85d6ec39840f8051854b028fa13073","10982","36140203","202511161732","2568",157
"2d85d6ec39840f8051854b028fa13073","11270","67090105","202511171217","2568",1186
"2d85d6ec39840f8051854b028fa13073","10983","36150105","202511161732","2568",379
"2d85d6ec39840f8051854b028fa13073","11271","67100101","202511171217","2568",1016
"2d85d6ec39840f8051854b028fa13073","13887","36010605","202511161732","2568",11
"2d85d6ec39840f8051854b028fa13073","11272","67110301","202511171217","2568",527
"2d85d6ec39840f8051854b028fa13073","04004","36061101","202511161732","2568",33
"2d85d6ec39840f8051854b028fa13073","04639","41190903","202511162336","2568",314
"2d85d6ec39840f8051854b028fa13073","04638","41190801","202511162336","2568",542
"2d85d6ec39840f8051854b028fa13073","04637","41190702","202511162336","2568",431
"2d85d6ec39840f8051854b028fa13073","04636","41190609","202511162336","2568",384
"2d85d6ec39840f8051854b028fa13073","04635","41190510","202511162336","2568",188
"2d85d6ec39840f8051854b028fa13073","04631","41190213","202511162336","2568",16
"2d85d6ec39840f8051854b028fa13073","04630","41190210","202511162336","2568",454
"2d85d6ec39840f8051854b028fa13073","03267","32150205","202511161725","2568",27
"2d85d6ec39840f8051854b028fa13073","04641","41191102","202511162336","2568",210
"2d85d6ec39840f8051854b028fa13073","03181","32070605","202511161725","2568",20
"2d85d6ec39840f8051854b028fa13073","04642","41200201","202511162336","2568",552
"2d85d6ec39840f8051854b028fa13073","03180","32070505","202511161725","2568",18
"2d85d6ec39840f8051854b028fa13073","04643","41200302","202511162336","2568",683
"2d85d6ec39840f8051854b028fa13073","03182","32070611","202511161725","2568",124
"2d85d6ec39840f8051854b028fa13073","04644","41200401","202511162336","2568",495
"2d85d6ec39840f8051854b028fa13073","03187","32070911","202511161725","2568",36
"2d85d6ec39840f8051854b028fa13073","04645","41200502","202511162336","2568",341
"2d85d6ec39840f8051854b028fa13073","03189","32071101","202511161725","2568",68
"2d85d6ec39840f8051854b028fa13073","04646","41200603","202511162336","2568",367
"2d85d6ec39840f8051854b028fa13073","03190","32071102","202511161725","2568",26
"2d85d6ec39840f8051854b028fa13073","04647","41210106","202511162336","2568",413
"2d85d6ec39840f8051854b028fa13073","03268","32150301","202511161725","2568",6
"2d85d6ec39840f8051854b028fa13073","04648","41210203","202511162336","2568",437
"2d85d6ec39840f8051854b028fa13073","03270","32150404","202511161725","2568",1
"2d85d6ec39840f8051854b028fa13073","04649","41210207","202511162336","2568",473
"2d85d6ec39840f8051854b028fa13073","03272","32160101","202511161725","2568",2
"2d85d6ec39840f8051854b028fa13073","04650","41210308","202511162336","2568",113
"2d85d6ec39840f8051854b028fa13073","03274","32160302","202511161725","2568",8
"2d85d6ec39840f8051854b028fa13073","04651","41220101","202511162336","2568",682
"2d85d6ec39840f8051854b028fa13073","03275","32160407","202511161725","2568",41
"2d85d6ec39840f8051854b028fa13073","04652","41220103","202511162336","2568",160
"2d85d6ec39840f8051854b028fa13073","03276","32160502","202511161725","2568",5
"2d85d6ec39840f8051854b028fa13073","04653","41220201","202511162336","2568",198
"2d85d6ec39840f8051854b028fa13073","10219","32101107","202511161725","2568",1
"2d85d6ec39840f8051854b028fa13073","04654","41220205","202511162336","2568",147
"2d85d6ec39840f8051854b028fa13073","03193","32071309","202511161725","2568",73
"2d85d6ec39840f8051854b028fa13073","04655","41220301","202511162336","2568",163
"2d85d6ec39840f8051854b028fa13073","03196","32071609","202511161725","2568",47
"2d85d6ec39840f8051854b028fa13073","04656","41220302","202511162336","2568",109
"2d85d6ec39840f8051854b028fa13073","03195","32071501","202511161725","2568",79
"2d85d6ec39840f8051854b028fa13073","04657","41220409","202511162336","2568",499
"2d85d6ec39840f8051854b028fa13073","03194","32071403","202511161725","2568",29
"2d85d6ec39840f8051854b028fa13073","03186","32070910","202511161725","2568",391
"2d85d6ec39840f8051854b028fa13073","04658","41230101","202511162336","2568",246
"2d85d6ec39840f8051854b028fa13073","11332","80110102","202511152351","2568",163
"2d85d6ec39840f8051854b028fa13073","10668","32010100","202511161725","2568",1557
"2d85d6ec39840f8051854b028fa13073","04659","41230201","202511162336","2568",329
"2d85d6ec39840f8051854b028fa13073","11333","80121400","202511152351","2568",287
"2d85d6ec39840f8051854b028fa13073","11337","80160104","202511152351","2568",6268
"2d85d6ec39840f8051854b028fa13073","04661","41240106","202511162336","2568",748
"2d85d6ec39840f8051854b028fa13073","11338","80170201","202511152351","2568",1
"2d85d6ec39840f8051854b028fa13073","10916","32030107","202511161725","2568",7445
"2d85d6ec39840f8051854b028fa13073","11339","80180102","202511152351","2568",36
"2d85d6ec39840f8051854b028fa13073","10915","32020101","202511161725","2568",781
"2d85d6ec39840f8051854b028fa13073","08850","80090201","202511152351","2568",23
"2d85d6ec39840f8051854b028fa13073","04663","41240301","202511162336","2568",479
"2d85d6ec39840f8051854b028fa13073","13857","32060402","202511161725","2568",12
"2d85d6ec39840f8051854b028fa13073","04662","41240204","202511162336","2568",1513
"2d85d6ec39840f8051854b028fa13073","40492","80220210","202511152351","2568",1
"2d85d6ec39840f8051854b028fa13073","04664","41240411","202511162336","2568",194
"2d85d6ec39840f8051854b028fa13073","10671","41010100","202511162336","2568",233
"2d85d6ec39840f8051854b028fa13073","11013","41020603","202511162336","2568",5269
"2d85d6ec39840f8051854b028fa13073","40743","80200301","202511152351","2568",11
"2d85d6ec39840f8051854b028fa13073","04660","41230304","202511162336","2568",641
"2d85d6ec39840f8051854b028fa13073","10917","32040106","202511161725","2568",629
"2d85d6ec39840f8051854b028fa13073","11015","41041507","202511162336","2568",394
"2d85d6ec39840f8051854b028fa13073","10918","32050102","202511161725","2568",115
"2d85d6ec39840f8051854b028fa13073","11014","41030105","202511162336","2568",12164
"2d85d6ec39840f8051854b028fa13073","10920","32070108","202511161725","2568",2167
"2d85d6ec39840f8051854b028fa13073","11016","41040704","202511162336","2568",1656
"2d85d6ec39840f8051854b028fa13073","10919","32060101","202511161725","2568",126
"2d85d6ec39840f8051854b028fa13073","11017","41050102","202511162336","2568",1536
"2d85d6ec39840f8051854b028fa13073","11018","41060106","202511162336","2568",2299
"2d85d6ec39840f8051854b028fa13073","10923","32100101","202511161725","2568",368
"2d85d6ec39840f8051854b028fa13073","10921","32080103","202511161725","2568",104
"2d85d6ec39840f8051854b028fa13073","10922","32090101","202511161725","2568",1145
"2d85d6ec39840f8051854b028fa13073","11019","41070111","202511162336","2568",1499
"2d85d6ec39840f8051854b028fa13073","11020","41080105","202511162336","2568",559
"2d85d6ec39840f8051854b028fa13073","11021","41090208","202511162336","2568",3081
"2d85d6ec39840f8051854b028fa13073","11023","41170102","202511162336","2568",15910
"2d85d6ec39840f8051854b028fa13073","11022","41100611","202511162336","2568",4151
"2d85d6ec39840f8051854b028fa13073","10925","32120201","202511161725","2568",90
"2d85d6ec39840f8051854b028fa13073","13848","32010410","202511161725","2568",19
"2d85d6ec39840f8051854b028fa13073","11024","41181001","202511162336","2568",439
"2d85d6ec39840f8051854b028fa13073","04543","41050206","202511162336","2568",71
"2d85d6ec39840f8051854b028fa13073","10926","32130101","202511161725","2568",51
"2d85d6ec39840f8051854b028fa13073","13849","32011801","202511161725","2568",12
"2d85d6ec39840f8051854b028fa13073","13855","32050903","202511161725","2568",1
"2d85d6ec39840f8051854b028fa13073","11025","41190101","202511162336","2568",5724
"2d85d6ec39840f8051854b028fa13073","10924","32110103","202511161725","2568",367
"2d85d6ec39840f8051854b028fa13073","11026","41200104","202511162336","2568",525
"2d85d6ec39840f8051854b028fa13073","11027","41210407","202511162336","2568",1379
"2d85d6ec39840f8051854b028fa13073","13856","32051308","202511161725","2568",65
"2d85d6ec39840f8051854b028fa13073","13864","32101305","202511161725","2568",1
"2d85d6ec39840f8051854b028fa13073","11029","41230111","202511162336","2568",562
"2d85d6ec39840f8051854b028fa13073","03227","32100705","202511161725","2568",4
"2d85d6ec39840f8051854b028fa13073","11028","41220107","202511162336","2568",663
"2d85d6ec39840f8051854b028fa13073","03226","32100601","202511161725","2568",16
"2d85d6ec39840f8051854b028fa13073","03230","32100914","202511161725","2568",77
"2d85d6ec39840f8051854b028fa13073","11446","41110107","202511162336","2568",2655
"2d85d6ec39840f8051854b028fa13073","13904","41010608","202511162336","2568",1648
"2d85d6ec39840f8051854b028fa13073","13905","41010903","202511162336","2568",614
"2d85d6ec39840f8051854b028fa13073","03231","32101001","202511161725","2568",4
"2d85d6ec39840f8051854b028fa13073","14876","32051102","202511161725","2568",1
"2d85d6ec39840f8051854b028fa13073","03232","32101104","202511161725","2568",92
"2d85d6ec39840f8051854b028fa13073","13906","41012104","202511162336","2568",185
"2d85d6ec39840f8051854b028fa13073","22302","32140118","202511161725","2568",488
"2d85d6ec39840f8051854b028fa13073","13908","41020706","202511162336","2568",624
"2d85d6ec39840f8051854b028fa13073","13907","41020206","202511162336","2568",126
"2d85d6ec39840f8051854b028fa13073","27842","32160106","202511161725","2568",66
"2d85d6ec39840f8051854b028fa13073","27843","32150102","202511161725","2568",47
"2d85d6ec39840f8051854b028fa13073","13909","41030109","202511162336","2568",26
"2d85d6ec39840f8051854b028fa13073","27844","32170106","202511161725","2568",404
"2d85d6ec39840f8051854b028fa13073","13911","41030602","202511162336","2568",2
"2d85d6ec39840f8051854b028fa13073","13910","41030409","202511162336","2568",2028
"2d85d6ec39840f8051854b028fa13073","33427","32140405","202511161725","2568",6
"2d85d6ec39840f8051854b028fa13073","42717","32011111","202511161725","2568",14
"2d85d6ec39840f8051854b028fa13073","13914","41061408","202511162336","2568",138
"2d85d6ec39840f8051854b028fa13073","03243","32120106","202511161725","2568",32
"2d85d6ec39840f8051854b028fa13073","13915","41070303","202511162336","2568",523
"2d85d6ec39840f8051854b028fa13073","03244","32120301","202511161725","2568",230
"2d85d6ec39840f8051854b028fa13073","13918","41100304","202511162336","2568",21
"2d85d6ec39840f8051854b028fa13073","03246","32120409","202511161725","2568",195
"2d85d6ec39840f8051854b028fa13073","13919","41100402","202511162336","2568",270
"2d85d6ec39840f8051854b028fa13073","03245","32120405","202511161725","2568",28
"2d85d6ec39840f8051854b028fa13073","13913","41050511","202511162336","2568",143
"2d85d6ec39840f8051854b028fa13073","13921","41180612","202511162336","2568",1384
"2d85d6ec39840f8051854b028fa13073","77455","32050101","202511161725","2568",26
"2d85d6ec39840f8051854b028fa13073","13922","41220403","202511162336","2568",162
"2d85d6ec39840f8051854b028fa13073","03247","32120504","202511161725","2568",67
"2d85d6ec39840f8051854b028fa13073","14245","41171102","202511162336","2568",50
"2d85d6ec39840f8051854b028fa13073","03248","32120601","202511161725","2568",246
"2d85d6ec39840f8051854b028fa13073","77560","32010100","202511161725","2568",2
"2d85d6ec39840f8051854b028fa13073","77562","32010100","202511161725","2568",5
"2d85d6ec39840f8051854b028fa13073","03250","32120707","202511161725","2568",104
"2d85d6ec39840f8051854b028fa13073","03249","32120703","202511161725","2568",79
"2d85d6ec39840f8051854b028fa13073","14860","40010113","202511161840","2568",42
"2d85d6ec39840f8051854b028fa13073","13989","50250303","202511160034","2568",154
"2d85d6ec39840f8051854b028fa13073","14861","40010103","202511161840","2568",163
"2d85d6ec39840f8051854b028fa13073","15166","40010100","202511161840","2568",145
"2d85d6ec39840f8051854b028fa13073","13988","50250204","202511160034","2568",141
"2d85d6ec39840f8051854b028fa13073","23891","40010104","202511161840","2568",76
"2d85d6ec39840f8051854b028fa13073","11643","50240125","202511160034","2568",182
"2d85d6ec39840f8051854b028fa13073","77609","40011505","202511161840","2568",51
"2d85d6ec39840f8051854b028fa13073","13992","50150409","202511160034","2568",1
"2d85d6ec39840f8051854b028fa13073","77649","40230201","202511161840","2568",122
"2d85d6ec39840f8051854b028fa13073","77482","50090104","202511160034","2568",1
"2d85d6ec39840f8051854b028fa13073","77650","40290208","202511161840","2568",1678
"2d85d6ec39840f8051854b028fa13073","06009","50180302","202511160034","2568",11
"2d85d6ec39840f8051854b028fa13073","77651","40220108","202511161840","2568",733
"2d85d6ec39840f8051854b028fa13073","06018","50190605","202511160034","2568",5
"2d85d6ec39840f8051854b028fa13073","77652","40250103","202511161840","2568",542
"2d85d6ec39840f8051854b028fa13073","22177","50120707","202511160034","2568",63
"2d85d6ec39840f8051854b028fa13073","23736","50250103","202511160034","2568",100
"2d85d6ec39840f8051854b028fa13073","23976","50250207","202511160034","2568",5
"2d85d6ec39840f8051854b028fa13073","77766","40011402","202511161840","2568",41
"2d85d6ec39840f8051854b028fa13073","99758","50190203","202511160034","2568",3
"2d85d6ec39840f8051854b028fa13073","02881","31010804","202511152334","2568",5
"2d85d6ec39840f8051854b028fa13073","02882","31011210","202511152334","2568",7
"2d85d6ec39840f8051854b028fa13073","02883","31011302","202511152334","2568",61
"2d85d6ec39840f8051854b028fa13073","02884","31011407","202511152334","2568",12
"2d85d6ec39840f8051854b028fa13073","02885","31011413","202511152334","2568",6
"2d85d6ec39840f8051854b028fa13073","02886","31011701","202511152334","2568",25
"2d85d6ec39840f8051854b028fa13073","02887","31011808","202511152334","2568",5
"2d85d6ec39840f8051854b028fa13073","02888","31011901","202511152334","2568",7
"2d85d6ec39840f8051854b028fa13073","02889","31012003","202511152334","2568",22
"2d85d6ec39840f8051854b028fa13073","02890","31012201","202511152334","2568",17
"2d85d6ec39840f8051854b028fa13073","02891","31012504","202511152334","2568",26
"2d85d6ec39840f8051854b028fa13073","02892","31012608","202511152334","2568",7
"2d85d6ec39840f8051854b028fa13073","02893","31012803","202511152334","2568",7
"2d85d6ec39840f8051854b028fa13073","02894","31020216","202511152334","2568",44
"2d85d6ec39840f8051854b028fa13073","02895","31020213","202511152334","2568",57
"2d85d6ec39840f8051854b028fa13073","02896","31020305","202511152334","2568",7
"2d85d6ec39840f8051854b028fa13073","02897","31020411","202511152334","2568",10
"2d85d6ec39840f8051854b028fa13073","02898","31020501","202511152334","2568",19
"2d85d6ec39840f8051854b028fa13073","02899","31020504","202511152334","2568",12
"2d85d6ec39840f8051854b028fa13073","02900","31020513","202511152334","2568",5
"2d85d6ec39840f8051854b028fa13073","02901","31020610","202511152334","2568",5
"2d85d6ec39840f8051854b028fa13073","02902","31020612","202511152334","2568",9
"2d85d6ec39840f8051854b028fa13073","02903","31020709","202511152334","2568",18
"2d85d6ec39840f8051854b028fa13073","02904","31030103","202511152334","2568",55
"2d85d6ec39840f8051854b028fa13073","02905","31030201","202511152334","2568",7
"2d85d6ec39840f8051854b028fa13073","02906","31030203","202511152334","2568",34
"2d85d6ec39840f8051854b028fa13073","02907","31030303","202511152334","2568",8
"2d85d6ec39840f8051854b028fa13073","02908","31030307","202511152334","2568",72
"2d85d6ec39840f8051854b028fa13073","02909","31030401","202511152334","2568",100
"2d85d6ec39840f8051854b028fa13073","02910","31030403","202511152334","2568",26
"2d85d6ec39840f8051854b028fa13073","02911","31030501","202511152334","2568",5
"2d85d6ec39840f8051854b028fa13073","02912","31030509","202511152334","2568",54
"2d85d6ec39840f8051854b028fa13073","02913","31030601","202511152334","2568",94
"2d85d6ec39840f8051854b028fa13073","02914","31030612","202511152334","2568",5
"2d85d6ec39840f8051854b028fa13073","02915","31030703","202511152334","2568",339
"2d85d6ec39840f8051854b028fa13073","02916","31030704","202511152334","2568",110
"2d85d6ec39840f8051854b028fa13073","02917","31030803","202511152334","2568",29
"2d85d6ec39840f8051854b028fa13073","02918","31030901","202511152334","2568",149
"2d85d6ec39840f8051854b028fa13073","02919","31031002","202511152334","2568",14
"2d85d6ec39840f8051854b028fa13073","02920","31031101","202511152334","2568",87
"2d85d6ec39840f8051854b028fa13073","02921","31040309","202511152334","2568",10
"2d85d6ec39840f8051854b028fa13073","02922","31040317","202511152334","2568",5
"2d85d6ec39840f8051854b028fa13073","02923","31040502","202511152334","2568",7
"2d85d6ec39840f8051854b028fa13073","02924","31040604","202511152334","2568",20
"2d85d6ec39840f8051854b028fa13073","02925","31040807","202511152334","2568",10
"2d85d6ec39840f8051854b028fa13073","02926","31041305","202511152334","2568",1209
"2d85d6ec39840f8051854b028fa13073","02927","31041401","202511152334","2568",9
"2d85d6ec39840f8051854b028fa13073","02928","31041501","202511152334","2568",24
"2d85d6ec39840f8051854b028fa13073","02929","31041611","202511152334","2568",15
"2d85d6ec39840f8051854b028fa13073","02930","31041702","202511152334","2568",6
"2d85d6ec39840f8051854b028fa13073","02931","31041810","202511152334","2568",7
"2d85d6ec39840f8051854b028fa13073","02932","31042405","202511152334","2568",5
"2d85d6ec39840f8051854b028fa13073","02933","31042501","202511152334","2568",8
"2d85d6ec39840f8051854b028fa13073","02934","31042602","202511152334","2568",5
"2d85d6ec39840f8051854b028fa13073","02935","31042709","202511152334","2568",5
"2d85d6ec39840f8051854b028fa13073","02936","31050101","202511152334","2568",9
"2d85d6ec39840f8051854b028fa13073","02937","31050207","202511152334","2568",7
"2d85d6ec39840f8051854b028fa13073","02938","31050304","202511152334","2568",5
"2d85d6ec39840f8051854b028fa13073","02939","31050410","202511152334","2568",6
"2d85d6ec39840f8051854b028fa13073","02940","31050413","202511152334","2568",8
"2d85d6ec39840f8051854b028fa13073","02941","31050509","202511152334","2568",39
"2d85d6ec39840f8051854b028fa13073","02942","31050701","202511152334","2568",9
"2d85d6ec39840f8051854b028fa13073","02943","31050801","202511152334","2568",8
"2d85d6ec39840f8051854b028fa13073","02945","31051003","202511152334","2568",11
"2d85d6ec39840f8051854b028fa13073","02944","31050902","202511152334","2568",6
"2d85d6ec39840f8051854b028fa13073","02946","31060305","202511152334","2568",5
"2d85d6ec39840f8051854b028fa13073","02947","31060401","202511152334","2568",42
"2d85d6ec39840f8051854b028fa13073","02948","31060410","202511152334","2568",7
"2d85d6ec39840f8051854b028fa13073","02949","31230506","202511152334","2568",14
"2d85d6ec39840f8051854b028fa13073","02950","31060702","202511152334","2568",15
"2d85d6ec39840f8051854b028fa13073","02953","31060708","202511152334","2568",39
"2d85d6ec39840f8051854b028fa13073","02954","31060709","202511152334","2568",7
"2d85d6ec39840f8051854b028fa13073","02955","31061004","202511152334","2568",27
"2d85d6ec39840f8051854b028fa13073","02956","31061006","202511152334","2568",7
"2d85d6ec39840f8051854b028fa13073","02957","31061103","202511152334","2568",6
"2d85d6ec39840f8051854b028fa13073","02958","31061107","202511152334","2568",37
"2d85d6ec39840f8051854b028fa13073","02959","31070203","202511152334","2568",1115
"2d85d6ec39840f8051854b028fa13073","02960","31070303","202511152334","2568",7
"2d85d6ec39840f8051854b028fa13073","02961","31070503","202511152334","2568",7
"2d85d6ec39840f8051854b028fa13073","02962","31070601","202511152334","2568",7
"2d85d6ec39840f8051854b028fa13073","02963","31070606","202511152334","2568",9
"2d85d6ec39840f8051854b028fa13073","02964","31070708","202511152334","2568",15
"2d85d6ec39840f8051854b028fa13073","02965","31070802","202511152334","2568",42
"2d85d6ec39840f8051854b028fa13073","02966","31071003","202511152334","2568",12
"2d85d6ec39840f8051854b028fa13073","02967","31071308","202511152334","2568",5
"2d85d6ec39840f8051854b028fa13073","02968","31071313","202511152334","2568",5
"2d85d6ec39840f8051854b028fa13073","02969","31071401","202511152334","2568",374
"2d85d6ec39840f8051854b028fa13073","02970","31071501","202511152334","2568",7
"2d85d6ec39840f8051854b028fa13073","02971","31071505","202511152334","2568",26
"2d85d6ec39840f8051854b028fa13073","02972","31071601","202511152334","2568",43
"2d85d6ec39840f8051854b028fa13073","02973","31071802","202511152334","2568",17
"2d85d6ec39840f8051854b028fa13073","02974","31071903","202511152334","2568",13
"2d85d6ec39840f8051854b028fa13073","02975","31072002","202511152334","2568",5
"2d85d6ec39840f8051854b028fa13073","02976","31072105","202511152334","2568",6
"2d85d6ec39840f8051854b028fa13073","02977","31080413","202511152334","2568",14
"2d85d6ec39840f8051854b028fa13073","02978","31080205","202511152334","2568",17
"2d85d6ec39840f8051854b028fa13073","02979","31080309","202511152334","2568",20
"2d85d6ec39840f8051854b028fa13073","02980","31080501","202511152334","2568",10
"2d85d6ec39840f8051854b028fa13073","02981","31080507","202511152334","2568",6
"2d85d6ec39840f8051854b028fa13073","02982","31080603","202511152334","2568",18
"2d85d6ec39840f8051854b028fa13073","02983","31080701","202511152334","2568",14
"2d85d6ec39840f8051854b028fa13073","02984","31080803","202511152334","2568",5
"2d85d6ec39840f8051854b028fa13073","02985","31080901","202511152334","2568",11
"2d85d6ec39840f8051854b028fa13073","02986","31090208","202511152334","2568",82
"2d85d6ec39840f8051854b028fa13073","02987","31090302","202511152334","2568",129
"2d85d6ec39840f8051854b028fa13073","02988","31090605","202511152334","2568",63
"2d85d6ec39840f8051854b028fa13073","02989","31090701","202511152334","2568",681
"2d85d6ec39840f8051854b028fa13073","02990","31090904","202511152334","2568",220
"2d85d6ec39840f8051854b028fa13073","02991","31091001","202511152334","2568",92
"2d85d6ec39840f8051854b028fa13073","02992","31100203","202511152334","2568",8
"2d85d6ec39840f8051854b028fa13073","02993","31100310","202511152334","2568",33
"2d85d6ec39840f8051854b028fa13073","02994","31100307","202511152334","2568",33
"2d85d6ec39840f8051854b028fa13073","02995","31100407","202511152334","2568",6
"2d85d6ec39840f8051854b028fa13073","02996","31100501","202511152334","2568",11
"2d85d6ec39840f8051854b028fa13073","02997","31100604","202511152334","2568",13
"2d85d6ec39840f8051854b028fa13073","02998","31100706","202511152334","2568",9
"2d85d6ec39840f8051854b028fa13073","02999","31100701","202511152334","2568",16
"2d85d6ec39840f8051854b028fa13073","03000","31100805","202511152334","2568",9
"2d85d6ec39840f8051854b028fa13073","03001","31100902","202511152334","2568",39
"2d85d6ec39840f8051854b028fa13073","03002","31101001","202511152334","2568",8
"2d85d6ec39840f8051854b028fa13073","03003","31101103","202511152334","2568",14
"2d85d6ec39840f8051854b028fa13073","03004","31101207","202511152334","2568",14
"2d85d6ec39840f8051854b028fa13073","03005","31101305","202511152334","2568",6
"2d85d6ec39840f8051854b028fa13073","03006","31100305","202511152334","2568",13
"2d85d6ec39840f8051854b028fa13073","03007","31101507","202511152334","2568",10
"2d85d6ec39840f8051854b028fa13073","03008","31101602","202511152334","2568",20
"2d85d6ec39840f8051854b028fa13073","03009","31110108","202511152334","2568",36
"2d85d6ec39840f8051854b028fa13073","03010","31110301","202511152334","2568",5
"2d85d6ec39840f8051854b028fa13073","03011","31110415","202511152334","2568",7
"2d85d6ec39840f8051854b028fa13073","03012","31110502","202511152334","2568",9
"2d85d6ec39840f8051854b028fa13073","03013","31110601","202511152334","2568",5
"2d85d6ec39840f8051854b028fa13073","03015","31220213","202511152334","2568",14
"2d85d6ec39840f8051854b028fa13073","03016","31110905","202511152334","2568",9
"2d85d6ec39840f8051854b028fa13073","03017","31111002","202511152334","2568",8
"2d85d6ec39840f8051854b028fa13073","03018","31111011","202511152334","2568",8
"2d85d6ec39840f8051854b028fa13073","03019","31111111","202511152334","2568",11
"2d85d6ec39840f8051854b028fa13073","03020","31111212","202511152334","2568",13
"2d85d6ec39840f8051854b028fa13073","03021","31220301","202511152334","2568",58
"2d85d6ec39840f8051854b028fa13073","03022","31111401","202511152334","2568",8
"2d85d6ec39840f8051854b028fa13073","03023","31111501","202511152334","2568",10
"2d85d6ec39840f8051854b028fa13073","03024","31220406","202511152334","2568",78
"2d85d6ec39840f8051854b028fa13073","03025","31120201","202511152334","2568",5
"2d85d6ec39840f8051854b028fa13073","03026","31120213","202511152334","2568",6
"2d85d6ec39840f8051854b028fa13073","03027","31120301","202511152334","2568",9
"2d85d6ec39840f8051854b028fa13073","03028","31120409","202511152334","2568",12
"2d85d6ec39840f8051854b028fa13073","03029","31120411","202511152334","2568",5
"2d85d6ec39840f8051854b028fa13073","03030","31120112","202511152334","2568",5
"2d85d6ec39840f8051854b028fa13073","03031","31120514","202511152334","2568",6
"2d85d6ec39840f8051854b028fa13073","03032","31130113","202511152334","2568",54
"2d85d6ec39840f8051854b028fa13073","03033","31130207","202511152334","2568",23
"2d85d6ec39840f8051854b028fa13073","03034","31130303","202511152334","2568",49
"2d85d6ec39840f8051854b028fa13073","03035","31130304","202511152334","2568",21
"2d85d6ec39840f8051854b028fa13073","03036","31130402","202511152334","2568",92
"2d85d6ec39840f8051854b028fa13073","03037","31140206","202511152334","2568",39
"2d85d6ec39840f8051854b028fa13073","03038","31140207","202511152334","2568",34
"2d85d6ec39840f8051854b028fa13073","03039","31140306","202511152334","2568",7
"2d85d6ec39840f8051854b028fa13073","03040","31140406","202511152334","2568",7
"2d85d6ec39840f8051854b028fa13073","03041","31140501","202511152334","2568",13
"2d85d6ec39840f8051854b028fa13073","03042","31140609","202511152334","2568",36
"2d85d6ec39840f8051854b028fa13073","03043","31140704","202511152334","2568",5
"2d85d6ec39840f8051854b028fa13073","03044","31150102","202511152334","2568",6
"2d85d6ec39840f8051854b028fa13073","03045","31150115","202511152334","2568",11
"2d85d6ec39840f8051854b028fa13073","03046","31150203","202511152334","2568",8
"2d85d6ec39840f8051854b028fa13073","03047","31150205","202511152334","2568",5
"2d85d6ec39840f8051854b028fa13073","03048","31150303","202511152334","2568",5
"2d85d6ec39840f8051854b028fa13073","03049","31150501","202511152334","2568",6
"2d85d6ec39840f8051854b028fa13073","03050","31160103","202511152334","2568",10
"2d85d6ec39840f8051854b028fa13073","03051","31160204","202511152334","2568",901
"2d85d6ec39840f8051854b028fa13073","03052","31160302","202511152334","2568",6
"2d85d6ec39840f8051854b028fa13073","03054","31160503","202511152334","2568",1095
"2d85d6ec39840f8051854b028fa13073","03053","31160402","202511152334","2568",9
"2d85d6ec39840f8051854b028fa13073","03055","31160601","202511152334","2568",25
"2d85d6ec39840f8051854b028fa13073","03056","31160703","202511152334","2568",53
"2d85d6ec39840f8051854b028fa13073","03058","31170202","202511152334","2568",94
"2d85d6ec39840f8051854b028fa13073","03059","31170307","202511152334","2568",31
"2d85d6ec39840f8051854b028fa13073","03061","31180208","202511152334","2568",67
"2d85d6ec39840f8051854b028fa13073","03062","31180301","202511152334","2568",14
"2d85d6ec39840f8051854b028fa13073","03060","31170403","202511152334","2568",348
"2d85d6ec39840f8051854b028fa13073","03067","31190202","202511152334","2568",12
"2d85d6ec39840f8051854b028fa13073","03063","31180406","202511152334","2568",54
"2d85d6ec39840f8051854b028fa13073","03064","31180509","202511152334","2568",81
"2d85d6ec39840f8051854b028fa13073","03065","31180601","202511152334","2568",10
"2d85d6ec39840f8051854b028fa13073","03068","31190305","202511152334","2568",9
"2d85d6ec39840f8051854b028fa13073","03069","31190403","202511152334","2568",25
"2d85d6ec39840f8051854b028fa13073","03070","31190502","202511152334","2568",12
"2d85d6ec39840f8051854b028fa13073","03072","31200114","202511152334","2568",7
"2d85d6ec39840f8051854b028fa13073","03073","31200201","202511152334","2568",13
"2d85d6ec39840f8051854b028fa13073","03074","31200302","202511152334","2568",18
"2d85d6ec39840f8051854b028fa13073","03075","31200303","202511152334","2568",7
"2d85d6ec39840f8051854b028fa13073","03077","31210201","202511152334","2568",92
"2d85d6ec39840f8051854b028fa13073","03078","31210211","202511152334","2568",172
"2d85d6ec39840f8051854b028fa13073","03079","31210301","202511152334","2568",58
"2d85d6ec39840f8051854b028fa13073","03080","31210401","202511152334","2568",133
"2d85d6ec39840f8051854b028fa13073","03081","31210408","202511152334","2568",8
"2d85d6ec39840f8051854b028fa13073","03082","31230114","202511152334","2568",15
"2d85d6ec39840f8051854b028fa13073","03084","31230207","202511152334","2568",14
"2d85d6ec39840f8051854b028fa13073","03085","31230315","202511152334","2568",11
"2d85d6ec39840f8051854b028fa13073","03086","31230401","202511152334","2568",76
"2d85d6ec39840f8051854b028fa13073","03088","31230511","202511152334","2568",36
"2d85d6ec39840f8051854b028fa13073","03087","31230406","202511152334","2568",17
"2d85d6ec39840f8051854b028fa13073","10217","31080706","202511152334","2568",15
"2d85d6ec39840f8051854b028fa13073","10667","31010105","202511152334","2568",7905
"2d85d6ec39840f8051854b028fa13073","10895","31020106","202511152334","2568",805
"2d85d6ec39840f8051854b028fa13073","10896","31030109","202511152334","2568",3228
"2d85d6ec39840f8051854b028fa13073","10897","31040125","202511152334","2568",380
"2d85d6ec39840f8051854b028fa13073","10898","31050601","202511152334","2568",124
"2d85d6ec39840f8051854b028fa13073","10899","31060108","202511152334","2568",684
"2d85d6ec39840f8051854b028fa13073","10900","31070103","202511152334","2568",3074
"2d85d6ec39840f8051854b028fa13073","10901","31080103","202511152334","2568",220
"2d85d6ec39840f8051854b028fa13073","10902","31090203","202511152334","2568",461
"2d85d6ec39840f8051854b028fa13073","10904","31100107","202511152334","2568",219
"2d85d6ec39840f8051854b028fa13073","10905","31110207","202511152334","2568",1438
"2d85d6ec39840f8051854b028fa13073","10906","31120103","202511152334","2568",75
"2d85d6ec39840f8051854b028fa13073","10907","31130508","202511152334","2568",647
"2d85d6ec39840f8051854b028fa13073","10908","31140102","202511152334","2568",227
"2d85d6ec39840f8051854b028fa13073","10909","31150401","202511152334","2568",5635
"2d85d6ec39840f8051854b028fa13073","10910","31160808","202511152334","2568",7632
"2d85d6ec39840f8051854b028fa13073","10911","31170110","202511152334","2568",1442
"2d85d6ec39840f8051854b028fa13073","10912","31180108","202511152334","2568",1275
"2d85d6ec39840f8051854b028fa13073","10913","31190101","202511152334","2568",86
"2d85d6ec39840f8051854b028fa13073","10914","31200107","202511152334","2568",23
"2d85d6ec39840f8051854b028fa13073","13836","31012502","202511152334","2568",11
"2d85d6ec39840f8051854b028fa13073","13840","31060403","202511152334","2568",7
"2d85d6ec39840f8051854b028fa13073","13841","31060703","202511152334","2568",18
"2d85d6ec39840f8051854b028fa13073","13839","31060301","202511152334","2568",5
"2d85d6ec39840f8051854b028fa13073","13837","31040607","202511152334","2568",59
"2d85d6ec39840f8051854b028fa13073","13844","31101108","202511152334","2568",17
"2d85d6ec39840f8051854b028fa13073","11619","31230202","202511152334","2568",129
"2d85d6ec39840f8051854b028fa13073","13843","31100404","202511152334","2568",8
"2d85d6ec39840f8051854b028fa13073","13845","31160408","202511152334","2568",6
"2d85d6ec39840f8051854b028fa13073","13846","31190108","202511152334","2568",33
"2d85d6ec39840f8051854b028fa13073","13847","31220107","202511152334","2568",9
"2d85d6ec39840f8051854b028fa13073","14275","31040803","202511152334","2568",5
"2d85d6ec39840f8051854b028fa13073","15090","31012712","202511152334","2568",5
"2d85d6ec39840f8051854b028fa13073","15223","31050318","202511152334","2568",5
"2d85d6ec39840f8051854b028fa13073","15224","31130409","202511152334","2568",36
"2d85d6ec39840f8051854b028fa13073","22126","31230104","202511152334","2568",27
"2d85d6ec39840f8051854b028fa13073","23578","31220106","202511152334","2568",265
"2d85d6ec39840f8051854b028fa13073","23920","31200107","202511152334","2568",9
"2d85d6ec39840f8051854b028fa13073","28020","31210109","202511152334","2568",912
"2d85d6ec39840f8051854b028fa13073","77505","31040100","202511152334","2568",20
"2d85d6ec39840f8051854b028fa13073","77608","31010203","202511152334","2568",6
"2d85d6ec39840f8051854b028fa13073","77671","31010104","202511152334","2568",14
"2d85d6ec39840f8051854b028fa13073","99726","31110207","202511152334","2568",5
"2d85d6ec39840f8051854b028fa13073","77670","31010100","202511152334","2568",6
"2d85d6ec39840f8051854b028fa13073","77612","31100107","202511152334","2568",20
"2d85d6ec39840f8051854b028fa13073","11428","94080104","202511162158","2568",27
"2d85d6ec39840f8051854b028fa13073","11430","94100601","202511162158","2568",284
"2d85d6ec39840f8051854b028fa13073","02556","30012105","202511160537","2568",3
"2d85d6ec39840f8051854b028fa13073","02560","30012507","202511160537","2568",1
"2d85d6ec39840f8051854b028fa13073","02564","30020401","202511160537","2568",43
"2d85d6ec39840f8051854b028fa13073","10666","30010100","202511160537","2568",9128
"2d85d6ec39840f8051854b028fa13073","10871","30020104","202511160537","2568",101
"2d85d6ec39840f8051854b028fa13073","10872","30030108","202511160537","2568",759
"2d85d6ec39840f8051854b028fa13073","10873","30040111","202511160537","2568",375
"2d85d6ec39840f8051854b028fa13073","10874","30050116","202511160537","2568",9
"2d85d6ec39840f8051854b028fa13073","10875","30060104","202511160537","2568",222
"2d85d6ec39840f8051854b028fa13073","10876","30070813","202511160537","2568",5911
"2d85d6ec39840f8051854b028fa13073","10877","30080202","202511160537","2568",96
"2d85d6ec39840f8051854b028fa13073","10878","30090101","202511160537","2568",3447
"2d85d6ec39840f8051854b028fa13073","10879","30100106","202511160537","2568",565
"2d85d6ec39840f8051854b028fa13073","10880","30110113","202511160537","2568",200
"2d85d6ec39840f8051854b028fa13073","10881","30120100","202511160537","2568",252
"2d85d6ec39840f8051854b028fa13073","10882","30130113","202511160537","2568",622
"2d85d6ec39840f8051854b028fa13073","10883","30141701","202511160537","2568",3564
"2d85d6ec39840f8051854b028fa13073","10884","30150101","202511160537","2568",3644
"2d85d6ec39840f8051854b028fa13073","10886","30170101","202511160537","2568",4213
"2d85d6ec39840f8051854b028fa13073","02605","30061004","202511160537","2568",22
"2d85d6ec39840f8051854b028fa13073","02602","30060501","202511160537","2568",1
"2d85d6ec39840f8051854b028fa13073","10887","30180101","202511160537","2568",7251
"2d85d6ec39840f8051854b028fa13073","10888","30190107","202511160537","2568",118
"2d85d6ec39840f8051854b028fa13073","10889","30200902","202511160537","2568",947
"2d85d6ec39840f8051854b028fa13073","10890","30210100","202511160537","2568",1718
"2d85d6ec39840f8051854b028fa13073","10891","30220404","202511160537","2568",2775
"2d85d6ec39840f8051854b028fa13073","02675","30120710","202511160537","2568",1
"2d85d6ec39840f8051854b028fa13073","02688","30122003","202511160537","2568",1
"2d85d6ec39840f8051854b028fa13073","10892","30230101","202511160537","2568",1938
"2d85d6ec39840f8051854b028fa13073","10893","30240109","202511160537","2568",387
"2d85d6ec39840f8051854b028fa13073","10894","30250503","202511160537","2568",6440
"2d85d6ec39840f8051854b028fa13073","11602","30270101","202511160537","2568",4
"2d85d6ec39840f8051854b028fa13073","11608","30290101","202511160537","2568",7
"2d85d6ec39840f8051854b028fa13073","02728","30150310","202511160537","2568",4
"2d85d6ec39840f8051854b028fa13073","02806","30210306","202511160537","2568",59
"2d85d6ec39840f8051854b028fa13073","22456","30280305","202511160537","2568",954
"2d85d6ec39840f8051854b028fa13073","23839","30011706","202511160537","2568",132
"2d85d6ec39840f8051854b028fa13073","24692","30320215","202511160537","2568",404
"2d85d6ec39840f8051854b028fa13073","27839","30300105","202511160537","2568",228
"2d85d6ec39840f8051854b028fa13073","27840","30310101","202511160537","2568",665
"2d85d6ec39840f8051854b028fa13073","27841","30260114","202511160537","2568",896
"2d85d6ec39840f8051854b028fa13073","02855","30270102","202511160537","2568",669
"2d85d6ec39840f8051854b028fa13073","02856","30270212","202511160537","2568",237
"2d85d6ec39840f8051854b028fa13073","02857","30270301","202511160537","2568",446
"2d85d6ec39840f8051854b028fa13073","02858","30270405","202511160537","2568",245
"2d85d6ec39840f8051854b028fa13073","02866","30290201","202511160537","2568",15
"2d85d6ec39840f8051854b028fa13073","02868","30290307","202511160537","2568",1
"2d85d6ec39840f8051854b028fa13073","77497","30011712","202511160537","2568",1
"2d85d6ec39840f8051854b028fa13073","03249","32120703","202603011225","2569",157
"2d85d6ec39840f8051854b028fa13073","09468","90031009","202602280252","2569",14
"2d85d6ec39840f8051854b028fa13073","09045","81080203","202602280157","2569",155
"2d85d6ec39840f8051854b028fa13073","03825","35010407","202602281150","2569",134
"2d85d6ec39840f8051854b028fa13073","03823","35010203","202602281150","2569",312
"2d85d6ec39840f8051854b028fa13073","10670","40010100","202603011301","2569",1430
"2d85d6ec39840f8051854b028fa13073","21440","41220304","202602280827","2569",142
"2d85d6ec39840f8051854b028fa13073","02539","30010504","202602161458","2569",53
"2d85d6ec39840f8051854b028fa13073","02895","31020213","202602281753","2569",9
"2d85d6ec39840f8051854b028fa13073","01431","16010302","202603011235","2569",20
"2d85d6ec39840f8051854b028fa13073","09467","90031001","202602280252","2569",17
"2d85d6ec39840f8051854b028fa13073","10734","74010100","202602280830","2569",2010
"2d85d6ec39840f8051854b028fa13073","09466","90030909","202602280252","2569",12
"2d85d6ec39840f8051854b028fa13073","09157","84020201","202602280412","2569",2
"2d85d6ec39840f8051854b028fa13073","02116","23010204","202603010112","2569",9
"2d85d6ec39840f8051854b028fa13073","13819","73032102","202602281108","2569",140
"2d85d6ec39840f8051854b028fa13073","02894","31020216","202602281753","2569",2
"2d85d6ec39840f8051854b028fa13073","07894","70030101","202602280605","2569",8
"2d85d6ec39840f8051854b028fa13073","07893","70020610","202602280605","2569",3
"2d85d6ec39840f8051854b028fa13073","01658","18060501","202603010920","2569",13
"2d85d6ec39840f8051854b028fa13073","25017","55140100","202603010451","2569",76
"2d85d6ec39840f8051854b028fa13073","09465","90030803","202602280252","2569",60
"2d85d6ec39840f8051854b028fa13073","14003","52080814","202602280906","2569",8
"2d85d6ec39840f8051854b028fa13073","02117","23010308","202603010112","2569",12
"2d85d6ec39840f8051854b028fa13073","09318","85010701","202603010640","2569",37
"2d85d6ec39840f8051854b028fa13073","11157","52130104","202602280906","2569",274
"2d85d6ec39840f8051854b028fa13073","02543","30012407","202602161458","2569",1
"2d85d6ec39840f8051854b028fa13073","09781","93010908","202603010626","2569",1
"2d85d6ec39840f8051854b028fa13073","09666","92011904","202602281830","2569",6
"2d85d6ec39840f8051854b028fa13073","02883","31011302","202602281753","2569",1
"2d85d6ec39840f8051854b028fa13073","11190","57050901","202602280502","2569",5859
"2d85d6ec39840f8051854b028fa13073","11340","81020109","202602280157","2569",260
"2d85d6ec39840f8051854b028fa13073","03803","34300204","202602282021","2569",3
"2d85d6ec39840f8051854b028fa13073","10674","57010100","202602280502","2569",968
"2d85d6ec39840f8051854b028fa13073","08373","73020108","202602281108","2569",1
"2d85d6ec39840f8051854b028fa13073","02877","31010401","202602281753","2569",4
"2d85d6ec39840f8051854b028fa13073","03938","36011004","202603010731","2569",1
"2d85d6ec39840f8051854b028fa13073","03534","34011101","202602282021","2569",73
"2d85d6ec39840f8051854b028fa13073","04810","38010304","202603010730","2569",72
"2d85d6ec39840f8051854b028fa13073","11156","52120108","202602280906","2569",206
"2d85d6ec39840f8051854b028fa13073","09359","86011305","202602181507","2569",33
"2d85d6ec39840f8051854b028fa13073","04782","43010207","202603010507","2569",136
"2d85d6ec39840f8051854b028fa13073","09463","90030709","202602280252","2569",53
"2d85d6ec39840f8051854b028fa13073","11304","74020100","202602280830","2569",210
"2d85d6ec39840f8051854b028fa13073","10054","95040307","202602281712","2569",3
"2d85d6ec39840f8051854b028fa13073","09519","90070602","202602280252","2569",1
"2d85d6ec39840f8051854b028fa13073","08364","73020901","202602281108","2569",16
"2d85d6ec39840f8051854b028fa13073","10841","22070101","202603010556","2569",3
"2d85d6ec39840f8051854b028fa13073","02217","24030605","202602281731","2569",1
"2d85d6ec39840f8051854b028fa13073","03532","34010903","202602282021","2569",278
"2d85d6ec39840f8051854b028fa13073","99726","31110207","202602281753","2569",17
"2d85d6ec39840f8051854b028fa13073","04486","41010611","202602280827","2569",834
"2d85d6ec39840f8051854b028fa13073","02119","23010504","202603010112","2569",11
"2d85d6ec39840f8051854b028fa13073","03794","34260410","202602282021","2569",13
"2d85d6ec39840f8051854b028fa13073","09435","90010203","202602280252","2569",14
"2d85d6ec39840f8051854b028fa13073","02890","31012201","202602281753","2569",3
"2d85d6ec39840f8051854b028fa13073","09774","93010502","202603010626","2569",10
"2d85d6ec39840f8051854b028fa13073","09786","93011203","202603010626","2569",1
"2d85d6ec39840f8051854b028fa13073","01360","15010805","202603010746","2569",1
"2d85d6ec39840f8051854b028fa13073","04811","38010401","202603010730","2569",107
"2d85d6ec39840f8051854b028fa13073","01661","18060611","202603010920","2569",47
"2d85d6ec39840f8051854b028fa13073","06025","50200201","202603010057","2569",1
"2d85d6ec39840f8051854b028fa13073","11378","86030512","202602181507","2569",2
"2d85d6ec39840f8051854b028fa13073","04847","38030409","202603010730","2569",18
"2d85d6ec39840f8051854b028fa13073","06024","50191203","202603010057","2569",4
"2d85d6ec39840f8051854b028fa13073","11435","96020104","202602280235","2569",356
"2d85d6ec39840f8051854b028fa13073","05837","50250104","202603010057","2569",16
"2d85d6ec39840f8051854b028fa13073","04812","38010404","202603010730","2569",323
"2d85d6ec39840f8051854b028fa13073","01359","15010703","202603010746","2569",2
"2d85d6ec39840f8051854b028fa13073","01370","15020305","202603010746","2569",6
"2d85d6ec39840f8051854b028fa13073","04872","38040411","202603010730","2569",305
"2d85d6ec39840f8051854b028fa13073","08362","73020702","202602281108","2569",1
"2d85d6ec39840f8051854b028fa13073","04851","38030604","202603010730","2569",90
"2d85d6ec39840f8051854b028fa13073","01369","15020204","202603010746","2569",2
"2d85d6ec39840f8051854b028fa13073","09662","92011501","202602281830","2569",27
"2d85d6ec39840f8051854b028fa13073","09664","92011702","202602281830","2569",33
"2d85d6ec39840f8051854b028fa13073","04809","38010201","202603010730","2569",229
"2d85d6ec39840f8051854b028fa13073","03526","34010510","202602282021","2569",462
"2d85d6ec39840f8051854b028fa13073","04813","38010508","202603010730","2569",44
"2d85d6ec39840f8051854b028fa13073","06254","53010504","202602281827","2569",1712
"2d85d6ec39840f8051854b028fa13073","10738","81010100","202602280157","2569",1813
"2d85d6ec39840f8051854b028fa13073","04874","38040510","202603010730","2569",142
"2d85d6ec39840f8051854b028fa13073","09669","92012007","202602281830","2569",52
"2d85d6ec39840f8051854b028fa13073","04814","38010605","202603010730","2569",249
"2d85d6ec39840f8051854b028fa13073","10181","96120402","202602280235","2569",68
"2d85d6ec39840f8051854b028fa13073","09677","92020701","202602281830","2569",4
"2d85d6ec39840f8051854b028fa13073","03596","34051003","202602282021","2569",1872
"2d85d6ec39840f8051854b028fa13073","09690","92030203","202602281830","2569",24
"2d85d6ec39840f8051854b028fa13073","09755","92080203","202602281830","2569",1
"2d85d6ec39840f8051854b028fa13073","06251","53010205","202602281827","2569",1960
"2d85d6ec39840f8051854b028fa13073","06253","53010405","202602281827","2569",1010
"2d85d6ec39840f8051854b028fa13073","06258","53010801","202602281827","2569",609
"2d85d6ec39840f8051854b028fa13073","10750","96010100","202602280235","2569",591
"2d85d6ec39840f8051854b028fa13073","09693","92030303","202602281830","2569",47
"2d85d6ec39840f8051854b028fa13073","06255","53010602","202602281827","2569",1200
"2d85d6ec39840f8051854b028fa13073","08345","73012105","202602281108","2569",113
"2d85d6ec39840f8051854b028fa13073","09179","84040103","202602280412","2569",2
"2d85d6ec39840f8051854b028fa13073","09181","84040201","202602280412","2569",1
"2d85d6ec39840f8051854b028fa13073","07144","61080202","202603010939","2569",98
"2d85d6ec39840f8051854b028fa13073","02960","31070303","202602281753","2569",1
"2d85d6ec39840f8051854b028fa13073","01365","15011202","202603010746","2569",1
"2d85d6ec39840f8051854b028fa13073","04871","38040402","202603010730","2569",100
"2d85d6ec39840f8051854b028fa13073","01368","15020101","202603010746","2569",1
"2d85d6ec39840f8051854b028fa13073","09372","86020505","202602181507","2569",185
"2d85d6ec39840f8051854b028fa13073","04870","38040316","202603010730","2569",171
"2d85d6ec39840f8051854b028fa13073","02887","31011808","202602281753","2569",2
"2d85d6ec39840f8051854b028fa13073","23811","93050109","202603010626","2569",29
"2d85d6ec39840f8051854b028fa13073","11306","75020106","202603010349","2569",734
"2d85d6ec39840f8051854b028fa13073","09460","90030509","202602280252","2569",6
"2d85d6ec39840f8051854b028fa13073","04875","38040602","202603010730","2569",50
"2d85d6ec39840f8051854b028fa13073","08738","77070402","202603010556","2569",2
"2d85d6ec39840f8051854b028fa13073","09699","92030604","202602281830","2569",151
"2d85d6ec39840f8051854b028fa13073","08744","77080104","202603010556","2569",3
"2d85d6ec39840f8051854b028fa13073","03530","34010707","202602282021","2569",164
"2d85d6ec39840f8051854b028fa13073","09360","86011405","202602181507","2569",21
"2d85d6ec39840f8051854b028fa13073","01363","15011003","202603010746","2569",1
"2d85d6ec39840f8051854b028fa13073","11404","91040102","202603010244","2569",899
"2d85d6ec39840f8051854b028fa13073","11243","63080101","202602281719","2569",9
"2d85d6ec39840f8051854b028fa13073","09782","93011008","202603010626","2569",19
"2d85d6ec39840f8051854b028fa13073","03512","33200108","202602281538","2569",28
"2d85d6ec39840f8051854b028fa13073","11221","61020101","202603010939","2569",645
"2d85d6ec39840f8051854b028fa13073","02884","31011407","202602281753","2569",1
"2d85d6ec39840f8051854b028fa13073","10842","22080103","202603010556","2569",883
"2d85d6ec39840f8051854b028fa13073","02544","30010904","202602161458","2569",1
"2d85d6ec39840f8051854b028fa13073","05628","48030208","202603011222","2569",71
"2d85d6ec39840f8051854b028fa13073","09057","81080806","202602280157","2569",28
"2d85d6ec39840f8051854b028fa13073","04783","43010307","202603010507","2569",171
"2d85d6ec39840f8051854b028fa13073","02536","30010204","202602161458","2569",19
"2d85d6ec39840f8051854b028fa13073","06009","50180302","202603010057","2569",8
"2d85d6ec39840f8051854b028fa13073","10843","22090112","202603010556","2569",2231
"2d85d6ec39840f8051854b028fa13073","04784","43010403","202603010507","2569",507
"2d85d6ec39840f8051854b028fa13073","06261","53010908","202602281827","2569",202
"2d85d6ec39840f8051854b028fa13073","08747","77080303","202603010556","2569",10
"2d85d6ec39840f8051854b028fa13073","03829","35010610","202602281150","2569",122
"2d85d6ec39840f8051854b028fa13073","77677","22070101","202603010556","2569",101
"2d85d6ec39840f8051854b028fa13073","09632","91040307","202603010244","2569",133
"2d85d6ec39840f8051854b028fa13073","06298","53040605","202602281827","2569",35
"2d85d6ec39840f8051854b028fa13073","11355","83020203","202603010923","2569",14
"2d85d6ec39840f8051854b028fa13073","03527","34010501","202602282021","2569",13
"2d85d6ec39840f8051854b028fa13073","10844","22100210","202603010556","2569",303
"2d85d6ec39840f8051854b028fa13073","04787","43010706","202603010507","2569",221
"2d85d6ec39840f8051854b028fa13073","04785","43010505","202603010507","2569",72
"2d85d6ec39840f8051854b028fa13073","06269","53011503","202602281827","2569",984
"2d85d6ec39840f8051854b028fa13073","06292","53040301","202602281827","2569",42
"2d85d6ec39840f8051854b028fa13073","02120","23010601","202603010112","2569",4
"2d85d6ec39840f8051854b028fa13073","04786","43010601","202603010507","2569",436
"2d85d6ec39840f8051854b028fa13073","10713","50071010","202603010057","2569",1721
"2d85d6ec39840f8051854b028fa13073","05611","48011113","202603011222","2569",110
"2d85d6ec39840f8051854b028fa13073","09041","81060403","202602280157","2569",1
"2d85d6ec39840f8051854b028fa13073","05629","48030301","202603011222","2569",2
"2d85d6ec39840f8051854b028fa13073","04788","43010808","202603010507","2569",10
"2d85d6ec39840f8051854b028fa13073","01475","16030802","202603011235","2569",2
"2d85d6ec39840f8051854b028fa13073","10836","22030712","202603010556","2569",65
"2d85d6ec39840f8051854b028fa13073","09641","91050505","202603010244","2569",237
"2d85d6ec39840f8051854b028fa13073","09630","91040201","202603010244","2569",15
"2d85d6ec39840f8051854b028fa13073","01433","16010504","202603011235","2569",81
"2d85d6ec39840f8051854b028fa13073","04882","38050306","202603010730","2569",35
"2d85d6ec39840f8051854b028fa13073","04796","43011702","202603010507","2569",114
"2d85d6ec39840f8051854b028fa13073","10664","22010200","202603010556","2569",2005
"2d85d6ec39840f8051854b028fa13073","04797","43011801","202603010507","2569",79
"2d85d6ec39840f8051854b028fa13073","09461","90030606","202602280252","2569",17
"2d85d6ec39840f8051854b028fa13073","04817","38010910","202603010730","2569",120
"2d85d6ec39840f8051854b028fa13073","04790","43010901","202603010507","2569",270
"2d85d6ec39840f8051854b028fa13073","09631","91040302","202603010244","2569",151
"2d85d6ec39840f8051854b028fa13073","04791","43011001","202603010507","2569",139
"2d85d6ec39840f8051854b028fa13073","77707","91050103","202603010244","2569",204
"2d85d6ec39840f8051854b028fa13073","10835","22030100","202603010556","2569",83
"2d85d6ec39840f8051854b028fa13073","03840","35011501","202602281150","2569",38
"2d85d6ec39840f8051854b028fa13073","06905","60011407","202602281331","2569",8
"2d85d6ec39840f8051854b028fa13073","04798","43011907","202603010507","2569",64
"2d85d6ec39840f8051854b028fa13073","04800","43020209","202603010507","2569",43
"2d85d6ec39840f8051854b028fa13073","04801","43020301","202603010507","2569",1
"2d85d6ec39840f8051854b028fa13073","14277","48010906","202603011222","2569",194
"2d85d6ec39840f8051854b028fa13073","04876","38040604","202603010730","2569",30
"2d85d6ec39840f8051854b028fa13073","02084","22070103","202603010556","2569",24
"2d85d6ec39840f8051854b028fa13073","01435","16010701","202603011235","2569",22
"2d85d6ec39840f8051854b028fa13073","01476","16030901","202603011235","2569",2
"2d85d6ec39840f8051854b028fa13073","10720","61010100","202603010939","2569",1367
"2d85d6ec39840f8051854b028fa13073","01436","16010708","202603011235","2569",91
"2d85d6ec39840f8051854b028fa13073","09637","91050305","202603010244","2569",670
"2d85d6ec39840f8051854b028fa13073","09639","91050404","202603010244","2569",119
"2d85d6ec39840f8051854b028fa13073","11171","54070108","202602281459","2569",318
"2d85d6ec39840f8051854b028fa13073","09464","90030711","202602280252","2569",13
"2d85d6ec39840f8051854b028fa13073","06265","53011203","202602281827","2569",119
"2d85d6ec39840f8051854b028fa13073","10737","77010100","202603010556","2569",391
"2d85d6ec39840f8051854b028fa13073","11315","77020105","202603010556","2569",750
"2d85d6ec39840f8051854b028fa13073","11316","77030306","202603010556","2569",159
"2d85d6ec39840f8051854b028fa13073","02121","23010602","202603010112","2569",18
"2d85d6ec39840f8051854b028fa13073","01371","15020405","202603010746","2569",39
"2d85d6ec39840f8051854b028fa13073","01426","15070204","202603010746","2569",1
"2d85d6ec39840f8051854b028fa13073","10688","14120301","202602280606","2569",101
"2d85d6ec39840f8051854b028fa13073","04639","41190903","202602280827","2569",466
"2d85d6ec39840f8051854b028fa13073","11317","77040105","202603010556","2569",1189
"2d85d6ec39840f8051854b028fa13073","06268","53011401","202602281827","2569",624
"2d85d6ec39840f8051854b028fa13073","04846","38030412","202603010730","2569",7
"2d85d6ec39840f8051854b028fa13073","02545","30011103","202602161458","2569",2
"2d85d6ec39840f8051854b028fa13073","02123","23010705","202603010112","2569",1
"2d85d6ec39840f8051854b028fa13073","04884","38050604","202603010730","2569",12
"2d85d6ec39840f8051854b028fa13073","23137","48100602","202603011222","2569",129
"2d85d6ec39840f8051854b028fa13073","09636","91050212","202603010244","2569",204
"2d85d6ec39840f8051854b028fa13073","04484","41010501","202602280827","2569",178
"2d85d6ec39840f8051854b028fa13073","04877","38040706","202603010730","2569",65
"2d85d6ec39840f8051854b028fa13073","04802","43020406","202603010507","2569",14
"2d85d6ec39840f8051854b028fa13073","11318","77050104","202603010556","2569",211
"2d85d6ec39840f8051854b028fa13073","09458","90030402","202602280252","2569",1
"2d85d6ec39840f8051854b028fa13073","10758","12040103","202603011031","2569",2134
"2d85d6ec39840f8051854b028fa13073","01439","16010907","202603011235","2569",5
"2d85d6ec39840f8051854b028fa13073","01438","16010902","202603011235","2569",7
"2d85d6ec39840f8051854b028fa13073","01477","16031002","202603011235","2569",8
"2d85d6ec39840f8051854b028fa13073","04803","43020503","202603010507","2569",10
"2d85d6ec39840f8051854b028fa13073","10834","22020100","202603010556","2569",15
"2d85d6ec39840f8051854b028fa13073","04804","43020604","202603010507","2569",555
"2d85d6ec39840f8051854b028fa13073","09053","81080603","202602280157","2569",24
"2d85d6ec39840f8051854b028fa13073","05631","48030308","202603011222","2569",22
"2d85d6ec39840f8051854b028fa13073","04831","43050306","202603010507","2569",1501
"2d85d6ec39840f8051854b028fa13073","06290","53040102","202602281827","2569",9
"2d85d6ec39840f8051854b028fa13073","01440","16010913","202603011235","2569",6
"2d85d6ec39840f8051854b028fa13073","09357","86011106","202602181507","2569",1
"2d85d6ec39840f8051854b028fa13073","08703","77030408","202603010556","2569",75
"2d85d6ec39840f8051854b028fa13073","05630","48030305","202603011222","2569",3
"2d85d6ec39840f8051854b028fa13073","01660","18060602","202603010920","2569",34
"2d85d6ec39840f8051854b028fa13073","10748","94010100","202602281538","2569",316
"2d85d6ec39840f8051854b028fa13073","02125","23010802","202603010112","2569",5
"2d85d6ec39840f8051854b028fa13073","04805","43020702","202603010507","2569",67
"2d85d6ec39840f8051854b028fa13073","01478","16031806","202603011235","2569",1
"2d85d6ec39840f8051854b028fa13073","77645","73010100","202602281108","2569",3
"2d85d6ec39840f8051854b028fa13073","03091","32010412","202603011225","2569",31
"2d85d6ec39840f8051854b028fa13073","11346","81080101","202602280157","2569",93
"2d85d6ec39840f8051854b028fa13073","04482","41010302","202602280827","2569",341
"2d85d6ec39840f8051854b028fa13073","09055","81080708","202602280157","2569",21
"2d85d6ec39840f8051854b028fa13073","77718","81010100","202602280157","2569",1100
"2d85d6ec39840f8051854b028fa13073","02129","23011005","202603010112","2569",10
"2d85d6ec39840f8051854b028fa13073","01665","18061107","202603010920","2569",38
"2d85d6ec39840f8051854b028fa13073","11319","77060805","202603010556","2569",67
"2d85d6ec39840f8051854b028fa13073","04485","41010503","202602280827","2569",31
"2d85d6ec39840f8051854b028fa13073","11430","94100601","202602281538","2569",434
"2d85d6ec39840f8051854b028fa13073","08745","77080203","202603010556","2569",9
"2d85d6ec39840f8051854b028fa13073","04879","38040901","202603010730","2569",119
"2d85d6ec39840f8051854b028fa13073","03940","36011201","202603010731","2569",1
"2d85d6ec39840f8051854b028fa13073","06278","53030208","202602281827","2569",84
"2d85d6ec39840f8051854b028fa13073","08726","77050407","202603010556","2569",16
"2d85d6ec39840f8051854b028fa13073","01428","15070403","202603010746","2569",3
"2d85d6ec39840f8051854b028fa13073","02916","31030704","202602281753","2569",62
"2d85d6ec39840f8051854b028fa13073","04799","43020211","202603010507","2569",308
"2d85d6ec39840f8051854b028fa13073","11424","94030502","202602281538","2569",114
"2d85d6ec39840f8051854b028fa13073","11423","94020203","202602281538","2569",92
"2d85d6ec39840f8051854b028fa13073","02126","23010806","202603010112","2569",82
"2d85d6ec39840f8051854b028fa13073","06291","53040204","202602281827","2569",290
"2d85d6ec39840f8051854b028fa13073","01479","16032006","202603011235","2569",2
"2d85d6ec39840f8051854b028fa13073","03531","34010804","202602282021","2569",352
"2d85d6ec39840f8051854b028fa13073","02127","23010902","202603010112","2569",49
"2d85d6ec39840f8051854b028fa13073","06283","53030501","202602281827","2569",2
"2d85d6ec39840f8051854b028fa13073","06279","53030301","202602281827","2569",2
"2d85d6ec39840f8051854b028fa13073","09355","86011006","202602181507","2569",5
"2d85d6ec39840f8051854b028fa13073","08706","77030605","202603010556","2569",9
"2d85d6ec39840f8051854b028fa13073","08358","73020413","202602281108","2569",1
"2d85d6ec39840f8051854b028fa13073","09001","81020201","202602280157","2569",1
"2d85d6ec39840f8051854b028fa13073","06033","50210407","202603010057","2569",1
"2d85d6ec39840f8051854b028fa13073","11173","55020204","202603010451","2569",66
"2d85d6ec39840f8051854b028fa13073","11174","55030205","202603010451","2569",56
"2d85d6ec39840f8051854b028fa13073","11341","81030201","202602280157","2569",1457
"2d85d6ec39840f8051854b028fa13073","01430","16010103","202603011235","2569",26
"2d85d6ec39840f8051854b028fa13073","04807","43020902","202603010507","2569",587
"2d85d6ec39840f8051854b028fa13073","04818","38010907","202603010730","2569",128
"2d85d6ec39840f8051854b028fa13073","06899","60011005","202602281331","2569",1
"2d85d6ec39840f8051854b028fa13073","03533","34010907","202602282021","2569",57
"2d85d6ec39840f8051854b028fa13073","77753","81011607","202602280157","2569",2
"2d85d6ec39840f8051854b028fa13073","04880","38050111","202603010730","2569",69
"2d85d6ec39840f8051854b028fa13073","14212","77030101","202603010556","2569",14
"2d85d6ec39840f8051854b028fa13073","05615","48011305","202603011222","2569",404
"2d85d6ec39840f8051854b028fa13073","02128","23010904","202603010112","2569",2
"2d85d6ec39840f8051854b028fa13073","03843","35020108","202602281150","2569",126
"2d85d6ec39840f8051854b028fa13073","09368","86020304","202602181507","2569",27
"2d85d6ec39840f8051854b028fa13073","10759","12050105","202603011031","2569",494
"2d85d6ec39840f8051854b028fa13073","10760","12061005","202603011031","2569",202
"2d85d6ec39840f8051854b028fa13073","06293","53040303","202602281827","2569",289
"2d85d6ec39840f8051854b028fa13073","09364","86011701","202602181507","2569",19
"2d85d6ec39840f8051854b028fa13073","11377","86030107","202602181507","2569",10
"2d85d6ec39840f8051854b028fa13073","01442","16011012","202603011235","2569",86
"2d85d6ec39840f8051854b028fa13073","08704","77030501","202603010556","2569",7
"2d85d6ec39840f8051854b028fa13073","10715","54010100","202602281459","2569",3206
"2d85d6ec39840f8051854b028fa13073","10731","71010303","202603010506","2569",3758
"2d85d6ec39840f8051854b028fa13073","11321","77080506","202603010556","2569",555
"2d85d6ec39840f8051854b028fa13073","05595","48010306","202603011222","2569",266
"2d85d6ec39840f8051854b028fa13073","11379","86041205","202602181507","2569",135
"2d85d6ec39840f8051854b028fa13073","04488","41010810","202602280827","2569",92
"2d85d6ec39840f8051854b028fa13073","09040","81060402","202602280157","2569",2
"2d85d6ec39840f8051854b028fa13073","05632","48030401","202603011222","2569",26
"2d85d6ec39840f8051854b028fa13073","05634","48030409","202603011222","2569",13
"2d85d6ec39840f8051854b028fa13073","04886","38060201","202603010730","2569",159
"2d85d6ec39840f8051854b028fa13073","11061","45020110","202602280653","2569",2264
"2d85d6ec39840f8051854b028fa13073","04487","41010701","202602280827","2569",532
"2d85d6ec39840f8051854b028fa13073","09038","81060304","202602280157","2569",1
"2d85d6ec39840f8051854b028fa13073","05313","46020305","202602280329","2569",1
"2d85d6ec39840f8051854b028fa13073","08705","77030506","202603010556","2569",2
"2d85d6ec39840f8051854b028fa13073","04489","41010812","202602280827","2569",373
"2d85d6ec39840f8051854b028fa13073","04490","41010901","202602280827","2569",35
"2d85d6ec39840f8051854b028fa13073","11119","50020702","202603010057","2569",125
"2d85d6ec39840f8051854b028fa13073","04491","41011005","202602280827","2569",622
"2d85d6ec39840f8051854b028fa13073","06834","58010506","202603010737","2569",123
"2d85d6ec39840f8051854b028fa13073","04492","41011103","202602280827","2569",74
"2d85d6ec39840f8051854b028fa13073","00934","11010302","202603010326","2569",2
"2d85d6ec39840f8051854b028fa13073","04493","41011201","202602280827","2569",73
"2d85d6ec39840f8051854b028fa13073","00933","11010203","202603010326","2569",46
"2d85d6ec39840f8051854b028fa13073","04494","41011301","202602280827","2569",65
"2d85d6ec39840f8051854b028fa13073","00936","11010804","202603010326","2569",126
"2d85d6ec39840f8051854b028fa13073","04495","41011402","202602280827","2569",37
"2d85d6ec39840f8051854b028fa13073","00937","11011004","202603010326","2569",29
"2d85d6ec39840f8051854b028fa13073","04496","41011501","202602280827","2569",229
"2d85d6ec39840f8051854b028fa13073","00938","11011101","202603010326","2569",5
"2d85d6ec39840f8051854b028fa13073","04497","41011505","202602280827","2569",19
"2d85d6ec39840f8051854b028fa13073","00940","11011305","202603010326","2569",1
"2d85d6ec39840f8051854b028fa13073","00946","11020203","202603010326","2569",4
"2d85d6ec39840f8051854b028fa13073","04498","41011601","202602280827","2569",51
"2d85d6ec39840f8051854b028fa13073","04499","41011604","202602280827","2569",312
"2d85d6ec39840f8051854b028fa13073","04500","41011708","202602280827","2569",48
"2d85d6ec39840f8051854b028fa13073","10689","15010200","202603010746","2569",526
"2d85d6ec39840f8051854b028fa13073","00943","11011610","202603010326","2569",14
"2d85d6ec39840f8051854b028fa13073","02130","23011101","202603010112","2569",121
"2d85d6ec39840f8051854b028fa13073","15082","85010406","202603010640","2569",6
"2d85d6ec39840f8051854b028fa13073","01245","14061501","202602280606","2569",2
"2d85d6ec39840f8051854b028fa13073","10782","15020605","202603010746","2569",7381
"2d85d6ec39840f8051854b028fa13073","09462","90030607","202602280252","2569",10
"2d85d6ec39840f8051854b028fa13073","01480","16032205","202603011235","2569",3
"2d85d6ec39840f8051854b028fa13073","04883","38050505","202603010730","2569",16
"2d85d6ec39840f8051854b028fa13073","01429","15070507","202603010746","2569",2
"2d85d6ec39840f8051854b028fa13073","11380","86040904","202602181507","2569",69
"2d85d6ec39840f8051854b028fa13073","10784","15030200","202603010746","2569",46
"2d85d6ec39840f8051854b028fa13073","01443","16011104","202603011235","2569",241
"2d85d6ec39840f8051854b028fa13073","04830","43050302","202603010507","2569",133
"2d85d6ec39840f8051854b028fa13073","01481","16041806","202603011235","2569",69
"2d85d6ec39840f8051854b028fa13073","04808","43021010","202603010507","2569",1
"2d85d6ec39840f8051854b028fa13073","08701","77030305","202603010556","2569",7
"2d85d6ec39840f8051854b028fa13073","09071","82020302","202603010032","2569",13
"2d85d6ec39840f8051854b028fa13073","01694","19020701","202603010910","2569",4
"2d85d6ec39840f8051854b028fa13073","04850","38030610","202603010730","2569",123
"2d85d6ec39840f8051854b028fa13073","01444","16011208","202603011235","2569",52
"2d85d6ec39840f8051854b028fa13073","05614","48011304","202603011222","2569",179
"2d85d6ec39840f8051854b028fa13073","01445","16011403","202603011235","2569",303
"2d85d6ec39840f8051854b028fa13073","05613","48011209","202603011222","2569",164
"2d85d6ec39840f8051854b028fa13073","08850","80090201","202602260511","2569",13
"2d85d6ec39840f8051854b028fa13073","08756","80011203","202602260511","2569",1
"2d85d6ec39840f8051854b028fa13073","11176","55060906","202603010451","2569",118
"2d85d6ec39840f8051854b028fa13073","10838","22040101","202603010556","2569",175
"2d85d6ec39840f8051854b028fa13073","10839","22050101","202603010556","2569",851
"2d85d6ec39840f8051854b028fa13073","10840","22060205","202603010556","2569",1131
"2d85d6ec39840f8051854b028fa13073","11175","55040306","202603010451","2569",1
"2d85d6ec39840f8051854b028fa13073","07371","64010304","202603010428","2569",105
"2d85d6ec39840f8051854b028fa13073","11180","55100214","202603010451","2569",77
"2d85d6ec39840f8051854b028fa13073","07372","64010306","202603010428","2569",111
"2d85d6ec39840f8051854b028fa13073","11178","55080402","202603010451","2569",118
"2d85d6ec39840f8051854b028fa13073","07374","64010501","202603010428","2569",114
"2d85d6ec39840f8051854b028fa13073","11282","71060101","202603010506","2569",11
"2d85d6ec39840f8051854b028fa13073","11177","55070111","202603010451","2569",6
"2d85d6ec39840f8051854b028fa13073","07373","64010408","202603010428","2569",353
"2d85d6ec39840f8051854b028fa13073","11167","54030106","202602281459","2569",501
"2d85d6ec39840f8051854b028fa13073","11278","71020101","202603010506","2569",98
"2d85d6ec39840f8051854b028fa13073","11179","55090111","202603010451","2569",215
"2d85d6ec39840f8051854b028fa13073","07375","64010602","202603010428","2569",86
"2d85d6ec39840f8051854b028fa13073","05616","48011403","202603011222","2569",202
"2d85d6ec39840f8051854b028fa13073","07376","64010604","202603010428","2569",16
"2d85d6ec39840f8051854b028fa13073","03846","35020303","202602281150","2569",212
"2d85d6ec39840f8051854b028fa13073","07377","64010701","202603010428","2569",148
"2d85d6ec39840f8051854b028fa13073","10732","71050604","202603010506","2569",1638
"2d85d6ec39840f8051854b028fa13073","11222","61030101","202603010939","2569",237
"2d85d6ec39840f8051854b028fa13073","07380","64011001","202603010428","2569",79
"2d85d6ec39840f8051854b028fa13073","01446","16011505","202603011235","2569",41
"2d85d6ec39840f8051854b028fa13073","05635","48030503","202603011222","2569",15
"2d85d6ec39840f8051854b028fa13073","01482","16040203","202603011235","2569",67
"2d85d6ec39840f8051854b028fa13073","05636","48030509","202603011222","2569",13
"2d85d6ec39840f8051854b028fa13073","01483","16040302","202603011235","2569",69
"2d85d6ec39840f8051854b028fa13073","02132","23011202","202603010112","2569",11
"2d85d6ec39840f8051854b028fa13073","07385","64020402","202603010428","2569",638
"2d85d6ec39840f8051854b028fa13073","05637","48031406","202603011222","2569",14
"2d85d6ec39840f8051854b028fa13073","05639","48030605","202603011222","2569",22
"2d85d6ec39840f8051854b028fa13073","05638","48031403","202603011222","2569",22
"2d85d6ec39840f8051854b028fa13073","01484","16040306","202603011235","2569",50
"2d85d6ec39840f8051854b028fa13073","04501","41011805","202602280827","2569",266
"2d85d6ec39840f8051854b028fa13073","04502","41011909","202602280827","2569",254
"2d85d6ec39840f8051854b028fa13073","04505","41020105","202602280827","2569",198
"2d85d6ec39840f8051854b028fa13073","04504","41012102","202602280827","2569",264
"2d85d6ec39840f8051854b028fa13073","03089","32010201","202603011225","2569",40
"2d85d6ec39840f8051854b028fa13073","03090","32010301","202603011225","2569",32
"2d85d6ec39840f8051854b028fa13073","04509","41020401","202602280827","2569",248
"2d85d6ec39840f8051854b028fa13073","00945","11020106","202603010326","2569",72
"2d85d6ec39840f8051854b028fa13073","00948","11020303","202603010326","2569",9
"2d85d6ec39840f8051854b028fa13073","10678","72010100","202602280526","2569",866
"2d85d6ec39840f8051854b028fa13073","10733","72070100","202602280526","2569",6272
"2d85d6ec39840f8051854b028fa13073","11289","72020102","202602280526","2569",81
"2d85d6ec39840f8051854b028fa13073","03525","34010401","202602282021","2569",979
"2d85d6ec39840f8051854b028fa13073","07883","70020301","202602280605","2569",1
"2d85d6ec39840f8051854b028fa13073","07881","70020206","202602280605","2569",1
"2d85d6ec39840f8051854b028fa13073","07899","70030203","202602280605","2569",3
"2d85d6ec39840f8051854b028fa13073","07895","70030103","202602280605","2569",4
"2d85d6ec39840f8051854b028fa13073","07897","70030107","202602280605","2569",7
"2d85d6ec39840f8051854b028fa13073","07900","70030405","202602280605","2569",1
"2d85d6ec39840f8051854b028fa13073","07901","70030703","202602280605","2569",7
"2d85d6ec39840f8051854b028fa13073","01662","18060701","202603010920","2569",52
"2d85d6ec39840f8051854b028fa13073","07902","70030704","202602280605","2569",5
"2d85d6ec39840f8051854b028fa13073","11273","70030405","202602280605","2569",214
"2d85d6ec39840f8051854b028fa13073","11458","70020108","202602280605","2569",570
"2d85d6ec39840f8051854b028fa13073","11277","70090305","202602280605","2569",63
"2d85d6ec39840f8051854b028fa13073","07932","70050908","202602280605","2569",2
"2d85d6ec39840f8051854b028fa13073","11276","70080508","202602280605","2569",152
"2d85d6ec39840f8051854b028fa13073","02899","31020504","202602281753","2569",2
"2d85d6ec39840f8051854b028fa13073","02906","31030203","202602281753","2569",58
"2d85d6ec39840f8051854b028fa13073","02904","31030103","202602281753","2569",37
"2d85d6ec39840f8051854b028fa13073","02903","31020709","202602281753","2569",4
"2d85d6ec39840f8051854b028fa13073","02907","31030303","202602281753","2569",85
"2d85d6ec39840f8051854b028fa13073","06294","53040402","202602281827","2569",203
"2d85d6ec39840f8051854b028fa13073","07383","64020306","202603010428","2569",262
"2d85d6ec39840f8051854b028fa13073","01485","16040402","202603011235","2569",75
"2d85d6ec39840f8051854b028fa13073","05640","48031101","202603011222","2569",11
"2d85d6ec39840f8051854b028fa13073","01486","16040506","202603011235","2569",136
"2d85d6ec39840f8051854b028fa13073","05641","48031107","202603011222","2569",10
"2d85d6ec39840f8051854b028fa13073","01488","16040607","202603011235","2569",4
"2d85d6ec39840f8051854b028fa13073","05643","48031205","202603011222","2569",12
"2d85d6ec39840f8051854b028fa13073","05642","48031201","202603011222","2569",10
"2d85d6ec39840f8051854b028fa13073","05644","48040201","202603011222","2569",273
"2d85d6ec39840f8051854b028fa13073","01489","16040701","202603011235","2569",92
"2d85d6ec39840f8051854b028fa13073","03098","32011001","202603011225","2569",10
"2d85d6ec39840f8051854b028fa13073","04506","41020203","202602280827","2569",198
"2d85d6ec39840f8051854b028fa13073","03092","32010503","202603011225","2569",63
"2d85d6ec39840f8051854b028fa13073","03094","32010601","202603011225","2569",59
"2d85d6ec39840f8051854b028fa13073","04511","41020701","202602280827","2569",29
"2d85d6ec39840f8051854b028fa13073","04513","41030211","202602280827","2569",97
"2d85d6ec39840f8051854b028fa13073","03095","32010701","202603011225","2569",26
"2d85d6ec39840f8051854b028fa13073","04516","41030407","202602280827","2569",456
"2d85d6ec39840f8051854b028fa13073","04515","41030302","202602280827","2569",535
"2d85d6ec39840f8051854b028fa13073","03093","32010510","202603011225","2569",16
"2d85d6ec39840f8051854b028fa13073","04508","41020304","202602280827","2569",1
"2d85d6ec39840f8051854b028fa13073","01490","16041804","202603011235","2569",138
"2d85d6ec39840f8051854b028fa13073","05645","48040305","202603011222","2569",1
"2d85d6ec39840f8051854b028fa13073","01492","16041001","202603011235","2569",57
"2d85d6ec39840f8051854b028fa13073","05648","48040308","202603011222","2569",5
"2d85d6ec39840f8051854b028fa13073","07384","64020401","202603010428","2569",89
"2d85d6ec39840f8051854b028fa13073","07381","64011005","202603010428","2569",26
"2d85d6ec39840f8051854b028fa13073","07388","64020609","202603010428","2569",553
"2d85d6ec39840f8051854b028fa13073","07390","64030106","202603010428","2569",89
"2d85d6ec39840f8051854b028fa13073","10700","33010200","202602281538","2569",1525
"2d85d6ec39840f8051854b028fa13073","01449","16011808","202603011235","2569",68
"2d85d6ec39840f8051854b028fa13073","10927","33020107","202602281538","2569",333
"2d85d6ec39840f8051854b028fa13073","02133","23011304","202603010112","2569",2
"2d85d6ec39840f8051854b028fa13073","09605","91010303","202603010244","2569",1
"2d85d6ec39840f8051854b028fa13073","02134","23011402","202603010112","2569",16
"2d85d6ec39840f8051854b028fa13073","09311","85010302","202603010640","2569",1
"2d85d6ec39840f8051854b028fa13073","09618","91011002","202603010244","2569",19
"2d85d6ec39840f8051854b028fa13073","02137","23020203","202603010112","2569",22
"2d85d6ec39840f8051854b028fa13073","09312","85010305","202603010640","2569",14
"2d85d6ec39840f8051854b028fa13073","02136","23020201","202603010112","2569",21
"2d85d6ec39840f8051854b028fa13073","11307","75030707","202603010349","2569",572
"2d85d6ec39840f8051854b028fa13073","08365","73020912","202602281108","2569",2
"2d85d6ec39840f8051854b028fa13073","08438","73061007","202602281108","2569",50
"2d85d6ec39840f8051854b028fa13073","08430","73060302","202602281108","2569",2
"2d85d6ec39840f8051854b028fa13073","08426","73060604","202602281108","2569",10
"2d85d6ec39840f8051854b028fa13073","08420","73051202","202602281108","2569",2
"2d85d6ec39840f8051854b028fa13073","08439","73061105","202602281108","2569",14
"2d85d6ec39840f8051854b028fa13073","01072","13010501","202602280734","2569",93
"2d85d6ec39840f8051854b028fa13073","01121","13050604","202602280734","2569",1
"2d85d6ec39840f8051854b028fa13073","01441","16011010","202603011235","2569",144
"2d85d6ec39840f8051854b028fa13073","05610","48011105","202603011222","2569",116
"2d85d6ec39840f8051854b028fa13073","04531","41250210","202602280827","2569",997
"2d85d6ec39840f8051854b028fa13073","01487","16040601","202603011235","2569",73
"2d85d6ec39840f8051854b028fa13073","03097","32010912","202603011225","2569",84
"2d85d6ec39840f8051854b028fa13073","04518","41030501","202602280827","2569",229
"2d85d6ec39840f8051854b028fa13073","03099","32011105","202603011225","2569",21
"2d85d6ec39840f8051854b028fa13073","03096","32010709","202603011225","2569",39
"2d85d6ec39840f8051854b028fa13073","04519","41030607","202602280827","2569",196
"2d85d6ec39840f8051854b028fa13073","07391","64030203","202603010428","2569",142
"2d85d6ec39840f8051854b028fa13073","07392","64030303","202603010428","2569",114
"2d85d6ec39840f8051854b028fa13073","09172","84021303","202602280412","2569",1
"2d85d6ec39840f8051854b028fa13073","05649","48040401","202603011222","2569",2
"2d85d6ec39840f8051854b028fa13073","01491","16040905","202603011235","2569",54
"2d85d6ec39840f8051854b028fa13073","01496","16041703","202603011235","2569",56
"2d85d6ec39840f8051854b028fa13073","05653","48050208","202603011222","2569",4
"2d85d6ec39840f8051854b028fa13073","01493","16041102","202603011235","2569",74
"2d85d6ec39840f8051854b028fa13073","01495","16041401","202603011235","2569",99
"2d85d6ec39840f8051854b028fa13073","05652","48040803","202603011222","2569",5
"2d85d6ec39840f8051854b028fa13073","01494","16041201","202603011235","2569",168
"2d85d6ec39840f8051854b028fa13073","05650","48040402","202603011222","2569",2
"2d85d6ec39840f8051854b028fa13073","01497","16041901","202603011235","2569",42
"2d85d6ec39840f8051854b028fa13073","05654","48050301","202603011222","2569",5
"2d85d6ec39840f8051854b028fa13073","05655","48050304","202603011222","2569",1
"2d85d6ec39840f8051854b028fa13073","01692","19020508","202603010910","2569",379
"2d85d6ec39840f8051854b028fa13073","05656","48050410","202603011222","2569",39
"2d85d6ec39840f8051854b028fa13073","01499","16050303","202603011235","2569",87
"2d85d6ec39840f8051854b028fa13073","40840","48120101","202603011222","2569",90
"2d85d6ec39840f8051854b028fa13073","01498","16042202","202603011235","2569",123
"2d85d6ec39840f8051854b028fa13073","01705","19021505","202603010910","2569",116
"2d85d6ec39840f8051854b028fa13073","07394","64030503","202603010428","2569",95
"2d85d6ec39840f8051854b028fa13073","01500","16050402","202603011235","2569",154
"2d85d6ec39840f8051854b028fa13073","07393","64030405","202603010428","2569",67
"2d85d6ec39840f8051854b028fa13073","01448","16011703","202603011235","2569",24
"2d85d6ec39840f8051854b028fa13073","77736","77070100","202603010556","2569",1
"2d85d6ec39840f8051854b028fa13073","01501","16050414","202603011235","2569",198
"2d85d6ec39840f8051854b028fa13073","04838","43050901","202603010507","2569",159
"2d85d6ec39840f8051854b028fa13073","04820","38011011","202603010730","2569",12
"2d85d6ec39840f8051854b028fa13073","08698","77030204","202603010556","2569",8
"2d85d6ec39840f8051854b028fa13073","04829","43050214","202603010507","2569",43
"2d85d6ec39840f8051854b028fa13073","01450","16011902","202603011235","2569",92
"2d85d6ec39840f8051854b028fa13073","04832","43050410","202603010507","2569",654
"2d85d6ec39840f8051854b028fa13073","01659","18060505","202603010920","2569",23
"2d85d6ec39840f8051854b028fa13073","06842","58020301","202603010737","2569",142
"2d85d6ec39840f8051854b028fa13073","05657","48050502","202603011222","2569",19
"2d85d6ec39840f8051854b028fa13073","77449","77070100","202603010556","2569",1
"2d85d6ec39840f8051854b028fa13073","01663","18060807","202603010920","2569",24
"2d85d6ec39840f8051854b028fa13073","07400","64030901","202603010428","2569",134
"2d85d6ec39840f8051854b028fa13073","01400","15041408","202603010746","2569",389
"2d85d6ec39840f8051854b028fa13073","04510","41020510","202602280827","2569",108
"2d85d6ec39840f8051854b028fa13073","28815","43160111","202603010507","2569",388
"2d85d6ec39840f8051854b028fa13073","04520","41030704","202602280827","2569",66
"2d85d6ec39840f8051854b028fa13073","03101","32011302","202603011225","2569",39
"2d85d6ec39840f8051854b028fa13073","03100","32011201","202603011225","2569",24
"2d85d6ec39840f8051854b028fa13073","07398","64030710","202603010428","2569",180
"2d85d6ec39840f8051854b028fa13073","01728","19040501","202603010910","2569",96
"2d85d6ec39840f8051854b028fa13073","05686","48070704","202603011222","2569",186
"2d85d6ec39840f8051854b028fa13073","01528","16061601","202603011235","2569",38
"2d85d6ec39840f8051854b028fa13073","05659","48050602","202603011222","2569",11
"2d85d6ec39840f8051854b028fa13073","05605","48010808","202603011222","2569",209
"2d85d6ec39840f8051854b028fa13073","01505","16050713","202603011235","2569",76
"2d85d6ec39840f8051854b028fa13073","05660","48050703","202603011222","2569",32
"2d85d6ec39840f8051854b028fa13073","01726","19040107","202603010910","2569",1
"2d85d6ec39840f8051854b028fa13073","01502","16050507","202603011235","2569",187
"2d85d6ec39840f8051854b028fa13073","01503","16050603","202603011235","2569",175
"2d85d6ec39840f8051854b028fa13073","05658","48050507","202603011222","2569",17
"2d85d6ec39840f8051854b028fa13073","01725","19040104","202603010910","2569",5
"2d85d6ec39840f8051854b028fa13073","01727","19040304","202603010910","2569",15
"2d85d6ec39840f8051854b028fa13073","01729","19040507","202603010910","2569",6
"2d85d6ec39840f8051854b028fa13073","05661","48050803","202603011222","2569",126
"2d85d6ec39840f8051854b028fa13073","01518","16060802","202603011235","2569",28
"2d85d6ec39840f8051854b028fa13073","01696","19020901","202603010910","2569",9
"2d85d6ec39840f8051854b028fa13073","01447","16011606","202603011235","2569",11
"2d85d6ec39840f8051854b028fa13073","05662","48050806","202603011222","2569",63
"2d85d6ec39840f8051854b028fa13073","01506","16050806","202603011235","2569",106
"2d85d6ec39840f8051854b028fa13073","01785","19110709","202603010910","2569",4
"2d85d6ec39840f8051854b028fa13073","01507","16050902","202603011235","2569",426
"2d85d6ec39840f8051854b028fa13073","01786","19110712","202603010910","2569",6
"2d85d6ec39840f8051854b028fa13073","01462","16020509","202603011235","2569",131
"2d85d6ec39840f8051854b028fa13073","01787","19110703","202603010910","2569",1
"2d85d6ec39840f8051854b028fa13073","05607","48011001","202603011222","2569",165
"2d85d6ec39840f8051854b028fa13073","01509","16051104","202603011235","2569",66
"2d85d6ec39840f8051854b028fa13073","05663","48050807","202603011222","2569",23
"2d85d6ec39840f8051854b028fa13073","01511","16060202","202603011235","2569",62
"2d85d6ec39840f8051854b028fa13073","05665","48051002","202603011222","2569",4
"2d85d6ec39840f8051854b028fa13073","05664","48050901","202603011222","2569",116
"2d85d6ec39840f8051854b028fa13073","01510","16060104","202603011235","2569",229
"2d85d6ec39840f8051854b028fa13073","01790","19120101","202603010910","2569",14
"2d85d6ec39840f8051854b028fa13073","01512","16060305","202603011235","2569",3
"2d85d6ec39840f8051854b028fa13073","05668","48060301","202603011222","2569",162
"2d85d6ec39840f8051854b028fa13073","10695","19090308","202603010910","2569",4
"2d85d6ec39840f8051854b028fa13073","05666","48051101","202603011222","2569",6
"2d85d6ec39840f8051854b028fa13073","01791","19120102","202603010910","2569",4
"2d85d6ec39840f8051854b028fa13073","05606","48010903","202603011222","2569",316
"2d85d6ec39840f8051854b028fa13073","10661","19010100","202603010910","2569",839
"2d85d6ec39840f8051854b028fa13073","01514","16060501","202603011235","2569",73
"2d85d6ec39840f8051854b028fa13073","01461","16020505","202603011235","2569",31
"2d85d6ec39840f8051854b028fa13073","01513","16060401","202603011235","2569",102
"2d85d6ec39840f8051854b028fa13073","05670","48060412","202603011222","2569",1
"2d85d6ec39840f8051854b028fa13073","05669","48060403","202603011222","2569",1
"2d85d6ec39840f8051854b028fa13073","01516","16060602","202603011235","2569",320
"2d85d6ec39840f8051854b028fa13073","05671","48060501","202603011222","2569",584
"2d85d6ec39840f8051854b028fa13073","01515","16060511","202603011235","2569",26
"2d85d6ec39840f8051854b028fa13073","05674","48060801","202603011222","2569",305
"2d85d6ec39840f8051854b028fa13073","05673","48060704","202603011222","2569",261
"2d85d6ec39840f8051854b028fa13073","01517","16060707","202603011235","2569",59
"2d85d6ec39840f8051854b028fa13073","05675","48060902","202603011222","2569",122
"2d85d6ec39840f8051854b028fa13073","01519","16060809","202603011235","2569",47
"2d85d6ec39840f8051854b028fa13073","01525","16061303","202603011235","2569",32
"2d85d6ec39840f8051854b028fa13073","05682","48070506","202603011222","2569",66
"2d85d6ec39840f8051854b028fa13073","01524","16061203","202603011235","2569",42
"2d85d6ec39840f8051854b028fa13073","05680","48070407","202603011222","2569",46
"2d85d6ec39840f8051854b028fa13073","01523","16061101","202603011235","2569",333
"2d85d6ec39840f8051854b028fa13073","05679","48070405","202603011222","2569",30
"2d85d6ec39840f8051854b028fa13073","05676","48070204","202603011222","2569",68
"2d85d6ec39840f8051854b028fa13073","05678","48070301","202603011222","2569",399
"2d85d6ec39840f8051854b028fa13073","01521","16061001","202603011235","2569",39
"2d85d6ec39840f8051854b028fa13073","05677","48070211","202603011222","2569",41
"2d85d6ec39840f8051854b028fa13073","01520","16060903","202603011235","2569",43
"2d85d6ec39840f8051854b028fa13073","00950","11020308","202603010326","2569",64
"2d85d6ec39840f8051854b028fa13073","07909","70040701","202602280605","2569",3
"2d85d6ec39840f8051854b028fa13073","04522","41040109","202602280827","2569",3156
"2d85d6ec39840f8051854b028fa13073","00951","11020404","202603010326","2569",20
"2d85d6ec39840f8051854b028fa13073","08444","73061406","202602281108","2569",2
"2d85d6ec39840f8051854b028fa13073","11290","72030201","202602280526","2569",2073
"2d85d6ec39840f8051854b028fa13073","11291","72040105","202602280526","2569",642
"2d85d6ec39840f8051854b028fa13073","10663","21010100","202602280521","2569",1196
"2d85d6ec39840f8051854b028fa13073","11292","72050801","202602280526","2569",136
"2d85d6ec39840f8051854b028fa13073","09702","92030706","202602281830","2569",16
"2d85d6ec39840f8051854b028fa13073","10827","21011300","202602280521","2569",266
"2d85d6ec39840f8051854b028fa13073","77770","70010100","202602280605","2569",12
"2d85d6ec39840f8051854b028fa13073","04665","42010208","202602282113","2569",467
"2d85d6ec39840f8051854b028fa13073","11274","70060205","202602280605","2569",1158
"2d85d6ec39840f8051854b028fa13073","04667","42010303","202602282113","2569",142
"2d85d6ec39840f8051854b028fa13073","04523","41040215","202602280827","2569",2098
"2d85d6ec39840f8051854b028fa13073","00952","11020501","202603010326","2569",7
"2d85d6ec39840f8051854b028fa13073","00953","11020513","202603010326","2569",54
"2d85d6ec39840f8051854b028fa13073","00956","11020806","202603010326","2569",40
"2d85d6ec39840f8051854b028fa13073","00955","11020707","202603010326","2569",18
"2d85d6ec39840f8051854b028fa13073","00961","11030401","202603010326","2569",109
"2d85d6ec39840f8051854b028fa13073","00964","11040205","202603010326","2569",1
"2d85d6ec39840f8051854b028fa13073","07554","65060206","202602282157","2569",9
"2d85d6ec39840f8051854b028fa13073","07478","65010307","202602282157","2569",1
"2d85d6ec39840f8051854b028fa13073","10676","65010100","202602282157","2569",337
"2d85d6ec39840f8051854b028fa13073","11251","65030105","202602282157","2569",22
"2d85d6ec39840f8051854b028fa13073","02124","23010801","202603010112","2569",2
"2d85d6ec39840f8051854b028fa13073","02138","23020301","202603010112","2569",22
"2d85d6ec39840f8051854b028fa13073","09316","85010504","202603010640","2569",24
"2d85d6ec39840f8051854b028fa13073","07712","67010305","202602281127","2569",1
"2d85d6ec39840f8051854b028fa13073","07713","67010301","202602281127","2569",6
"2d85d6ec39840f8051854b028fa13073","07711","67010204","202602281127","2569",1
"2d85d6ec39840f8051854b028fa13073","07720","67010802","202602281127","2569",284
"2d85d6ec39840f8051854b028fa13073","07717","67010602","202602281127","2569",22
"2d85d6ec39840f8051854b028fa13073","07724","67011114","202602281127","2569",35
"2d85d6ec39840f8051854b028fa13073","07725","67011201","202602281127","2569",76
"2d85d6ec39840f8051854b028fa13073","07726","67011208","202602281127","2569",1
"2d85d6ec39840f8051854b028fa13073","07729","67011505","202602281127","2569",5
"2d85d6ec39840f8051854b028fa13073","07730","67011602","202602281127","2569",4
"2d85d6ec39840f8051854b028fa13073","07732","67011701","202602281127","2569",1
"2d85d6ec39840f8051854b028fa13073","07731","67011604","202602281127","2569",184
"2d85d6ec39840f8051854b028fa13073","07820","67070901","202602281127","2569",4
"2d85d6ec39840f8051854b028fa13073","07833","67090203","202602281127","2569",26
"2d85d6ec39840f8051854b028fa13073","06906","60011409","202602281331","2569",7
"2d85d6ec39840f8051854b028fa13073","07733","67011704","202602281127","2569",1
"2d85d6ec39840f8051854b028fa13073","07836","67090403","202602281127","2569",7
"2d85d6ec39840f8051854b028fa13073","07842","67100414","202602281127","2569",27
"2d85d6ec39840f8051854b028fa13073","10727","67010100","202602281127","2569",2422
"2d85d6ec39840f8051854b028fa13073","04010","36070101","202603010731","2569",1
"2d85d6ec39840f8051854b028fa13073","04524","41040304","202602280827","2569",3382
"2d85d6ec39840f8051854b028fa13073","10707","44010102","202602282224","2569",3952
"2d85d6ec39840f8051854b028fa13073","09459","90030501","202602280252","2569",7
"2d85d6ec39840f8051854b028fa13073","03102","32011401","202603011225","2569",13
"2d85d6ec39840f8051854b028fa13073","04521","41030705","202602280827","2569",553
"2d85d6ec39840f8051854b028fa13073","04525","41040306","202602280827","2569",2314
"2d85d6ec39840f8051854b028fa13073","03103","32011603","202603011225","2569",10
"2d85d6ec39840f8051854b028fa13073","03104","32011806","202603011225","2569",29
"2d85d6ec39840f8051854b028fa13073","03105","32011907","202603011225","2569",1
"2d85d6ec39840f8051854b028fa13073","03107","32012103","202603011225","2569",76
"2d85d6ec39840f8051854b028fa13073","03106","32012007","202603011225","2569",20
"2d85d6ec39840f8051854b028fa13073","11252","65040107","202602282157","2569",117
"2d85d6ec39840f8051854b028fa13073","11253","65050611","202602282157","2569",230
"2d85d6ec39840f8051854b028fa13073","11254","65060101","202602282157","2569",10
"2d85d6ec39840f8051854b028fa13073","03108","32012201","202603011225","2569",15
"2d85d6ec39840f8051854b028fa13073","11083","46090710","202602280329","2569",695
"2d85d6ec39840f8051854b028fa13073","04526","41040403","202602280827","2569",1004
"2d85d6ec39840f8051854b028fa13073","05369","46071106","202602280329","2569",124
"2d85d6ec39840f8051854b028fa13073","04527","41250306","202602280827","2569",755
"2d85d6ec39840f8051854b028fa13073","03109","32012501","202603011225","2569",6
"2d85d6ec39840f8051854b028fa13073","03110","32012608","202603011225","2569",11
"2d85d6ec39840f8051854b028fa13073","03116","32020510","202603011225","2569",9
"2d85d6ec39840f8051854b028fa13073","04528","41040607","202602280827","2569",1039
"2d85d6ec39840f8051854b028fa13073","03117","32020602","202603011225","2569",9
"2d85d6ec39840f8051854b028fa13073","04529","41040704","202602280827","2569",1947
"2d85d6ec39840f8051854b028fa13073","04530","41250203","202602280827","2569",462
"2d85d6ec39840f8051854b028fa13073","04532","41040909","202602280827","2569",2383
"2d85d6ec39840f8051854b028fa13073","03115","32020401","202603011225","2569",17
"2d85d6ec39840f8051854b028fa13073","03114","32020307","202603011225","2569",1
"2d85d6ec39840f8051854b028fa13073","04833","43050413","202603010507","2569",533
"2d85d6ec39840f8051854b028fa13073","04835","43050701","202603010507","2569",11
"2d85d6ec39840f8051854b028fa13073","09182","84040302","202602280412","2569",1
"2d85d6ec39840f8051854b028fa13073","09184","84040401","202602280412","2569",1
"2d85d6ec39840f8051854b028fa13073","09187","84040701","202602280412","2569",1
"2d85d6ec39840f8051854b028fa13073","09186","84040601","202602280412","2569",2
"2d85d6ec39840f8051854b028fa13073","09190","84050201","202602280412","2569",10
"2d85d6ec39840f8051854b028fa13073","09188","84050101","202602280412","2569",4
"2d85d6ec39840f8051854b028fa13073","09191","84050205","202602280412","2569",4
"2d85d6ec39840f8051854b028fa13073","09197","84060603","202602280412","2569",4
"2d85d6ec39840f8051854b028fa13073","09219","84081001","202602280412","2569",15
"2d85d6ec39840f8051854b028fa13073","09214","84080606","202602280412","2569",6
"2d85d6ec39840f8051854b028fa13073","09213","84080304","202602280412","2569",147
"2d85d6ec39840f8051854b028fa13073","09212","84080206","202602280412","2569",9
"2d85d6ec39840f8051854b028fa13073","09199","84060802","202602280412","2569",3
"2d85d6ec39840f8051854b028fa13073","09222","84090206","202602280412","2569",2
"2d85d6ec39840f8051854b028fa13073","09232","84100404","202602280412","2569",1
"2d85d6ec39840f8051854b028fa13073","11264","67020107","202602281127","2569",289
"2d85d6ec39840f8051854b028fa13073","04046","36100706","202603010731","2569",1
"2d85d6ec39840f8051854b028fa13073","03113","32020304","202603011225","2569",8
"2d85d6ec39840f8051854b028fa13073","04533","41040913","202602280827","2569",2511
"2d85d6ec39840f8051854b028fa13073","03112","32020208","202603011225","2569",7
"2d85d6ec39840f8051854b028fa13073","04534","41041003","202602280827","2569",631
"2d85d6ec39840f8051854b028fa13073","03111","32020113","202603011225","2569",5
"2d85d6ec39840f8051854b028fa13073","04535","41250101","202602280827","2569",1494
"2d85d6ec39840f8051854b028fa13073","03118","32020610","202603011225","2569",24
"2d85d6ec39840f8051854b028fa13073","04536","41041309","202602280827","2569",1767
"2d85d6ec39840f8051854b028fa13073","03119","32020702","202603011225","2569",8
"2d85d6ec39840f8051854b028fa13073","03120","32020711","202603011225","2569",62
"2d85d6ec39840f8051854b028fa13073","04537","41041403","202602280827","2569",1535
"2d85d6ec39840f8051854b028fa13073","09457","90030301","202602280252","2569",9
"2d85d6ec39840f8051854b028fa13073","09456","90030202","202602280252","2569",3
"2d85d6ec39840f8051854b028fa13073","09309","85010203","202603010640","2569",1
"2d85d6ec39840f8051854b028fa13073","04538","41041404","202602280827","2569",1983
"2d85d6ec39840f8051854b028fa13073","04540","41041104","202602280827","2569",3144
"2d85d6ec39840f8051854b028fa13073","01522","16061102","202603011235","2569",100
"2d85d6ec39840f8051854b028fa13073","07395","64030604","202603010428","2569",106
"2d85d6ec39840f8051854b028fa13073","10864","26030701","202603010547","2569",381
"2d85d6ec39840f8051854b028fa13073","06907","60011510","202602281331","2569",10
"2d85d6ec39840f8051854b028fa13073","01243","14061304","202602280606","2569",1
"2d85d6ec39840f8051854b028fa13073","01238","14060902","202602280606","2569",3
"2d85d6ec39840f8051854b028fa13073","01234","14060508","202602280606","2569",1
"2d85d6ec39840f8051854b028fa13073","01233","14060411","202602280606","2569",1
"2d85d6ec39840f8051854b028fa13073","10769","14030302","202602280606","2569",360
"2d85d6ec39840f8051854b028fa13073","10770","14040102","202602280606","2569",102
"2d85d6ec39840f8051854b028fa13073","10772","14060111","202602280606","2569",73
"2d85d6ec39840f8051854b028fa13073","10773","14070805","202602280606","2569",2
"2d85d6ec39840f8051854b028fa13073","04539","41041101","202602280827","2569",462
"2d85d6ec39840f8051854b028fa13073","10774","14080505","202602280606","2569",392
"2d85d6ec39840f8051854b028fa13073","00967","11040116","202603010326","2569",6
"2d85d6ec39840f8051854b028fa13073","10776","14100303","202602280606","2569",43
"2d85d6ec39840f8051854b028fa13073","11293","72060105","202602280526","2569",204
"2d85d6ec39840f8051854b028fa13073","10775","14090102","202602280606","2569",206
"2d85d6ec39840f8051854b028fa13073","04541","41041602","202602280827","2569",3880
"2d85d6ec39840f8051854b028fa13073","03121","32020802","202603011225","2569",1
"2d85d6ec39840f8051854b028fa13073","24933","41020605","202602280827","2569",76
"2d85d6ec39840f8051854b028fa13073","03122","32020905","202603011225","2569",49
"2d85d6ec39840f8051854b028fa13073","03123","32030201","202603011225","2569",17
"2d85d6ec39840f8051854b028fa13073","23745","41011710","202602280827","2569",355
"2d85d6ec39840f8051854b028fa13073","15221","41190405","202602280827","2569",312
"2d85d6ec39840f8051854b028fa13073","03124","32030206","202603011225","2569",20
"2d85d6ec39840f8051854b028fa13073","04544","41050210","202602280827","2569",78
"2d85d6ec39840f8051854b028fa13073","02547","30011302","202602161458","2569",3
"2d85d6ec39840f8051854b028fa13073","02546","30011203","202602161458","2569",25
"2d85d6ec39840f8051854b028fa13073","02549","30011407","202602161458","2569",1
"2d85d6ec39840f8051854b028fa13073","11266","67050201","202602281127","2569",457
"2d85d6ec39840f8051854b028fa13073","04051","36101101","202603010731","2569",2
"2d85d6ec39840f8051854b028fa13073","06926","60030712","202602281331","2569",48
"2d85d6ec39840f8051854b028fa13073","11265","67030100","202602281127","2569",245
"2d85d6ec39840f8051854b028fa13073","04093","36150402","202603010731","2569",1
"2d85d6ec39840f8051854b028fa13073","06953","60050602","202602281331","2569",211
"2d85d6ec39840f8051854b028fa13073","07793","67050607","202602281127","2569",2
"2d85d6ec39840f8051854b028fa13073","10970","36020101","202603010731","2569",64
"2d85d6ec39840f8051854b028fa13073","07798","67051002","202602281127","2569",20
"2d85d6ec39840f8051854b028fa13073","07016","60100303","202602281331","2569",5
"2d85d6ec39840f8051854b028fa13073","02548","30011307","202602161458","2569",5
"2d85d6ec39840f8051854b028fa13073","02551","30011603","202602161458","2569",2
"2d85d6ec39840f8051854b028fa13073","02554","30011909","202602161458","2569",6
"2d85d6ec39840f8051854b028fa13073","02555","30012003","202602161458","2569",40
"2d85d6ec39840f8051854b028fa13073","02556","30012105","202602161458","2569",1
"2d85d6ec39840f8051854b028fa13073","02560","30012507","202602161458","2569",10
"2d85d6ec39840f8051854b028fa13073","10928","33030105","202602281538","2569",749
"2d85d6ec39840f8051854b028fa13073","05608","48011004","202603011222","2569",130
"2d85d6ec39840f8051854b028fa13073","10929","33040605","202602281538","2569",595
"2d85d6ec39840f8051854b028fa13073","09469","90031103","202602280252","2569",4
"2d85d6ec39840f8051854b028fa13073","09470","90031205","202602280252","2569",9
"2d85d6ec39840f8051854b028fa13073","09477","90040301","202602280252","2569",1
"2d85d6ec39840f8051854b028fa13073","09473","90031304","202602280252","2569",10
"2d85d6ec39840f8051854b028fa13073","09472","90031302","202602280252","2569",56
"2d85d6ec39840f8051854b028fa13073","09471","90031206","202602280252","2569",41
"2d85d6ec39840f8051854b028fa13073","09480","90040501","202602280252","2569",1
"2d85d6ec39840f8051854b028fa13073","10682","90110100","202602280252","2569",4400
"2d85d6ec39840f8051854b028fa13073","10745","90010402","202602280252","2569",3804
"2d85d6ec39840f8051854b028fa13073","11386","90020101","202602280252","2569",3
"2d85d6ec39840f8051854b028fa13073","11387","90030102","202602280252","2569",269
"2d85d6ec39840f8051854b028fa13073","11388","90040100","202602280252","2569",358
"2d85d6ec39840f8051854b028fa13073","11390","90050105","202602280252","2569",104
"2d85d6ec39840f8051854b028fa13073","11391","90060101","202602280252","2569",302
"2d85d6ec39840f8051854b028fa13073","11392","90070105","202602280252","2569",329
"2d85d6ec39840f8051854b028fa13073","11393","90080303","202602280252","2569",190
"2d85d6ec39840f8051854b028fa13073","11394","90090101","202602280252","2569",48
"2d85d6ec39840f8051854b028fa13073","11395","90100100","202602280252","2569",248
"2d85d6ec39840f8051854b028fa13073","11396","90120203","202602280252","2569",35
"2d85d6ec39840f8051854b028fa13073","11051","44020107","202602282224","2569",575
"2d85d6ec39840f8051854b028fa13073","03125","32030213","202603011225","2569",33
"2d85d6ec39840f8051854b028fa13073","11052","44030113","202602282224","2569",24488
"2d85d6ec39840f8051854b028fa13073","04546","41050401","202602280827","2569",78
"2d85d6ec39840f8051854b028fa13073","11053","44040102","202602282224","2569",634
"2d85d6ec39840f8051854b028fa13073","11054","44050105","202602282224","2569",607
"2d85d6ec39840f8051854b028fa13073","03126","32030305","202603011225","2569",17
"2d85d6ec39840f8051854b028fa13073","11055","44060101","202602282224","2569",3252
"2d85d6ec39840f8051854b028fa13073","04551","41060213","202602280827","2569",2043
"2d85d6ec39840f8051854b028fa13073","04856","13020305","202602280734","2569",147
"2d85d6ec39840f8051854b028fa13073","10687","13010105","202602280734","2569",1547
"2d85d6ec39840f8051854b028fa13073","10761","13020607","202602280734","2569",687
"2d85d6ec39840f8051854b028fa13073","10762","13030302","202602280734","2569",322
"2d85d6ec39840f8051854b028fa13073","10763","13030100","202602280734","2569",64
"2d85d6ec39840f8051854b028fa13073","10764","13040106","202602280734","2569",117
"2d85d6ec39840f8051854b028fa13073","10765","13050104","202602280734","2569",231
"2d85d6ec39840f8051854b028fa13073","01092","13020213","202602280734","2569",25
"2d85d6ec39840f8051854b028fa13073","04550","41060205","202602280827","2569",580
"2d85d6ec39840f8051854b028fa13073","03127","32030312","202603011225","2569",139
"2d85d6ec39840f8051854b028fa13073","07796","67050906","202602281127","2569",24
"2d85d6ec39840f8051854b028fa13073","07802","67051401","202602281127","2569",6
"2d85d6ec39840f8051854b028fa13073","10777","14110405","202602280606","2569",63
"2d85d6ec39840f8051854b028fa13073","07800","67051201","202602281127","2569",11
"2d85d6ec39840f8051854b028fa13073","07804","67060210","202602281127","2569",9
"2d85d6ec39840f8051854b028fa13073","07810","67060603","202602281127","2569",8
"2d85d6ec39840f8051854b028fa13073","07809","67060501","202602281127","2569",39
"2d85d6ec39840f8051854b028fa13073","05489","47050413","202603010000","2569",23
"2d85d6ec39840f8051854b028fa13073","05514","47081008","202603010000","2569",1
"2d85d6ec39840f8051854b028fa13073","05512","47080802","202603010000","2569",26
"2d85d6ec39840f8051854b028fa13073","05508","47080505","202603010000","2569",198
"2d85d6ec39840f8051854b028fa13073","05505","47080310","202603010000","2569",245
"2d85d6ec39840f8051854b028fa13073","05549","47121102","202603010000","2569",184
"2d85d6ec39840f8051854b028fa13073","05548","47121001","202603010000","2569",131
"2d85d6ec39840f8051854b028fa13073","10710","47010100","202603010000","2569",1454
"2d85d6ec39840f8051854b028fa13073","05551","47121203","202603010000","2569",207
"2d85d6ec39840f8051854b028fa13073","11090","47030101","202603010000","2569",1277
"2d85d6ec39840f8051854b028fa13073","11089","47020211","202603010000","2569",1580
"2d85d6ec39840f8051854b028fa13073","11091","47040110","202603010000","2569",793
"2d85d6ec39840f8051854b028fa13073","10680","80010100","202602260511","2569",1805
"2d85d6ec39840f8051854b028fa13073","03128","32030413","202603011225","2569",16
"2d85d6ec39840f8051854b028fa13073","04548","41050506","202602280827","2569",25
"2d85d6ec39840f8051854b028fa13073","11328","80070108","202602260511","2569",149
"2d85d6ec39840f8051854b028fa13073","03129","32030409","202603011225","2569",22
"2d85d6ec39840f8051854b028fa13073","11329","80080103","202602260511","2569",7
"2d85d6ec39840f8051854b028fa13073","04553","41060603","202602280827","2569",1528
"2d85d6ec39840f8051854b028fa13073","03785","34250303","202602282021","2569",163
"2d85d6ec39840f8051854b028fa13073","03786","34250504","202602282021","2569",42
"2d85d6ec39840f8051854b028fa13073","04552","41060514","202602280827","2569",6320
"2d85d6ec39840f8051854b028fa13073","04554","41060701","202602280827","2569",637
"2d85d6ec39840f8051854b028fa13073","05388","46090610","202602280329","2569",2
"2d85d6ec39840f8051854b028fa13073","11080","46060116","202602280329","2569",137
"2d85d6ec39840f8051854b028fa13073","05411","46120803","202602280329","2569",483
"2d85d6ec39840f8051854b028fa13073","09395","86040411","202602181507","2569",99
"2d85d6ec39840f8051854b028fa13073","03130","32030504","202603011225","2569",21
"2d85d6ec39840f8051854b028fa13073","04555","41060909","202602280827","2569",1499
"2d85d6ec39840f8051854b028fa13073","04557","41061101","202602280827","2569",412
"2d85d6ec39840f8051854b028fa13073","03131","32030603","202603011225","2569",18
"2d85d6ec39840f8051854b028fa13073","11081","46070120","202602280329","2569",439
"2d85d6ec39840f8051854b028fa13073","11082","46080104","202602280329","2569",2856
"2d85d6ec39840f8051854b028fa13073","11191","57060104","202602280502","2569",225
"2d85d6ec39840f8051854b028fa13073","11192","57070105","202602280502","2569",409
"2d85d6ec39840f8051854b028fa13073","11193","57080106","202602280502","2569",486
"2d85d6ec39840f8051854b028fa13073","11194","57090610","202602280502","2569",280
"2d85d6ec39840f8051854b028fa13073","11195","57100313","202602280502","2569",2575
"2d85d6ec39840f8051854b028fa13073","11196","57110211","202602280502","2569",1088
"2d85d6ec39840f8051854b028fa13073","11197","57120110","202602280502","2569",2849
"2d85d6ec39840f8051854b028fa13073","11198","57130106","202602280502","2569",170
"2d85d6ec39840f8051854b028fa13073","11199","57140312","202602280502","2569",492
"2d85d6ec39840f8051854b028fa13073","11200","57150201","202602280502","2569",513
"2d85d6ec39840f8051854b028fa13073","11201","57160203","202602280502","2569",523
"2d85d6ec39840f8051854b028fa13073","11202","57170101","202602280502","2569",3141
"2d85d6ec39840f8051854b028fa13073","11454","57030110","202602280502","2569",3335
"2d85d6ec39840f8051854b028fa13073","15012","57020203","202602280502","2569",1209
"2d85d6ec39840f8051854b028fa13073","28823","57180108","202602280502","2569",790
"2d85d6ec39840f8051854b028fa13073","11189","57040120","202602280502","2569",348
"2d85d6ec39840f8051854b028fa13073","07397","64030703","202603010428","2569",34
"2d85d6ec39840f8051854b028fa13073","04839","43051301","202603010507","2569",186
"2d85d6ec39840f8051854b028fa13073","07399","64030804","202603010428","2569",109
"2d85d6ec39840f8051854b028fa13073","01387","15040305","202603010746","2569",1
"2d85d6ec39840f8051854b028fa13073","09803","93020502","202603010626","2569",7
"2d85d6ec39840f8051854b028fa13073","06831","58010404","202603010737","2569",73
"2d85d6ec39840f8051854b028fa13073","09223","84090301","202602280412","2569",1
"2d85d6ec39840f8051854b028fa13073","09253","84130101","202602280412","2569",3
"2d85d6ec39840f8051854b028fa13073","04789","43010805","202603010507","2569",275
"2d85d6ec39840f8051854b028fa13073","04821","38011101","202603010730","2569",196
"2d85d6ec39840f8051854b028fa13073","01460","16020405","202603011235","2569",61
"2d85d6ec39840f8051854b028fa13073","02139","23020304","202603010112","2569",71
"2d85d6ec39840f8051854b028fa13073","02559","30012301","202602161458","2569",2
"2d85d6ec39840f8051854b028fa13073","02558","30012205","202602161458","2569",2
"2d85d6ec39840f8051854b028fa13073","02557","30012109","202602161458","2569",1
"2d85d6ec39840f8051854b028fa13073","02816","30210904","202602161458","2569",20
"2d85d6ec39840f8051854b028fa13073","02564","30020401","202602161458","2569",1
"2d85d6ec39840f8051854b028fa13073","02605","30061004","202602161458","2569",4
"2d85d6ec39840f8051854b028fa13073","02855","30270102","202602161458","2569",55
"2d85d6ec39840f8051854b028fa13073","02856","30270212","202602161458","2569",5
"2d85d6ec39840f8051854b028fa13073","10666","30010100","202602161458","2569",5112
"2d85d6ec39840f8051854b028fa13073","10871","30020104","202602161458","2569",22
"2d85d6ec39840f8051854b028fa13073","10872","30030108","202602161458","2569",833
"2d85d6ec39840f8051854b028fa13073","10873","30040111","202602161458","2569",582
"2d85d6ec39840f8051854b028fa13073","10874","30050116","202602161458","2569",20
"2d85d6ec39840f8051854b028fa13073","10875","30060104","202602161458","2569",70
"2d85d6ec39840f8051854b028fa13073","10876","30070813","202602161458","2569",2208
"2d85d6ec39840f8051854b028fa13073","10877","30080202","202602161458","2569",166
"2d85d6ec39840f8051854b028fa13073","10878","30090101","202602161458","2569",2058
"2d85d6ec39840f8051854b028fa13073","10879","30100106","202602161458","2569",269
"2d85d6ec39840f8051854b028fa13073","10880","30110113","202602161458","2569",157
"2d85d6ec39840f8051854b028fa13073","13816","23070102","202603010112","2569",85
"2d85d6ec39840f8051854b028fa13073","11120","50030109","202603010057","2569",92
"2d85d6ec39840f8051854b028fa13073","07908","70040602","202602280605","2569",2
"2d85d6ec39840f8051854b028fa13073","11275","70070902","202602280605","2569",233
"2d85d6ec39840f8051854b028fa13073","10828","21020201","202602280521","2569",8351
"2d85d6ec39840f8051854b028fa13073","02153","23030802","202603010112","2569",2
"2d85d6ec39840f8051854b028fa13073","10857","25020105","202603010954","2569",1781
"2d85d6ec39840f8051854b028fa13073","04556","41061001","202602280827","2569",740
"2d85d6ec39840f8051854b028fa13073","02920","31031101","202602281753","2569",87
"2d85d6ec39840f8051854b028fa13073","02918","31030901","202602281753","2569",87
"2d85d6ec39840f8051854b028fa13073","03132","32030610","202603011225","2569",9
"2d85d6ec39840f8051854b028fa13073","02910","31030403","202602281753","2569",23
"2d85d6ec39840f8051854b028fa13073","04558","41061105","202602280827","2569",703
"2d85d6ec39840f8051854b028fa13073","03133","32030702","202603011225","2569",18
"2d85d6ec39840f8051854b028fa13073","11256","65080105","202602282157","2569",1088
"2d85d6ec39840f8051854b028fa13073","03850","35020506","202602281150","2569",229
"2d85d6ec39840f8051854b028fa13073","03863","35040211","202602281150","2569",81
"2d85d6ec39840f8051854b028fa13073","03864","35040301","202602281150","2569",433
"2d85d6ec39840f8051854b028fa13073","05609","48011008","202603011222","2569",307
"2d85d6ec39840f8051854b028fa13073","01526","16061402","202603011235","2569",205
"2d85d6ec39840f8051854b028fa13073","05683","48070514","202603011222","2569",326
"2d85d6ec39840f8051854b028fa13073","05685","48070613","202603011222","2569",35
"2d85d6ec39840f8051854b028fa13073","01527","16061504","202603011235","2569",58
"2d85d6ec39840f8051854b028fa13073","05684","48070604","202603011222","2569",25
"2d85d6ec39840f8051854b028fa13073","04822","38011204","202603010730","2569",278
"2d85d6ec39840f8051854b028fa13073","04823","38020102","202603010730","2569",95
"2d85d6ec39840f8051854b028fa13073","02140","23030101","202603010112","2569",28
"2d85d6ec39840f8051854b028fa13073","00969","11040804","202603010326","2569",1
"2d85d6ec39840f8051854b028fa13073","28858","70100103","202602280605","2569",159
"2d85d6ec39840f8051854b028fa13073","11092","47050109","202603010000","2569",1651
"2d85d6ec39840f8051854b028fa13073","03865","35040401","202602281150","2569",300
"2d85d6ec39840f8051854b028fa13073","04668","42010408","202602282113","2569",2
"2d85d6ec39840f8051854b028fa13073","04559","41061201","202602280827","2569",659
"2d85d6ec39840f8051854b028fa13073","03134","32030709","202603011225","2569",17
"2d85d6ec39840f8051854b028fa13073","04560","41061405","202602280827","2569",830
"2d85d6ec39840f8051854b028fa13073","05604","48010805","202603011222","2569",246
"2d85d6ec39840f8051854b028fa13073","01459","16020306","202603011235","2569",185
"2d85d6ec39840f8051854b028fa13073","03866","35041303","202602281150","2569",28
"2d85d6ec39840f8051854b028fa13073","02150","23030608","202603010112","2569",44
"2d85d6ec39840f8051854b028fa13073","11403","91030207","202603010244","2569",4
"2d85d6ec39840f8051854b028fa13073","07402","64040107","202603010428","2569",84
"2d85d6ec39840f8051854b028fa13073","01623","18020602","202603010920","2569",1
"2d85d6ec39840f8051854b028fa13073","07403","64040109","202603010428","2569",37
"2d85d6ec39840f8051854b028fa13073","07404","64040305","202603010428","2569",228
"2d85d6ec39840f8051854b028fa13073","04859","43070504","202603010507","2569",3
"2d85d6ec39840f8051854b028fa13073","11279","71020407","202603010506","2569",56
"2d85d6ec39840f8051854b028fa13073","03539","34011605","202602282021","2569",122
"2d85d6ec39840f8051854b028fa13073","03538","34011603","202602282021","2569",2
"2d85d6ec39840f8051854b028fa13073","03537","34011304","202602282021","2569",141
"2d85d6ec39840f8051854b028fa13073","03536","34011204","202602282021","2569",68
"2d85d6ec39840f8051854b028fa13073","03535","34011109","202602282021","2569",222
"2d85d6ec39840f8051854b028fa13073","03540","34011901","202602282021","2569",215
"2d85d6ec39840f8051854b028fa13073","03541","34020206","202602282021","2569",11
"2d85d6ec39840f8051854b028fa13073","03545","34020501","202602282021","2569",57
"2d85d6ec39840f8051854b028fa13073","03546","34020608","202602282021","2569",69
"2d85d6ec39840f8051854b028fa13073","03590","34050300","202602282021","2569",1866
"2d85d6ec39840f8051854b028fa13073","03552","34021003","202602282021","2569",10
"2d85d6ec39840f8051854b028fa13073","03556","34030302","202602282021","2569",5
"2d85d6ec39840f8051854b028fa13073","03553","34021102","202602282021","2569",38
"2d85d6ec39840f8051854b028fa13073","03549","34020801","202602282021","2569",50
"2d85d6ec39840f8051854b028fa13073","03591","34050401","202602282021","2569",1546
"2d85d6ec39840f8051854b028fa13073","03593","34050712","202602282021","2569",2551
"2d85d6ec39840f8051854b028fa13073","01530","16061805","202603011235","2569",10
"2d85d6ec39840f8051854b028fa13073","04858","43070503","202603010507","2569",109
"2d85d6ec39840f8051854b028fa13073","01529","16061701","202603011235","2569",49
"2d85d6ec39840f8051854b028fa13073","04885","38060104","202603010730","2569",205
"2d85d6ec39840f8051854b028fa13073","10741","83010100","202603010923","2569",1567
"2d85d6ec39840f8051854b028fa13073","10662","20010502","202603010539","2569",1741
"2d85d6ec39840f8051854b028fa13073","10817","20020101","202603010539","2569",5548
"2d85d6ec39840f8051854b028fa13073","10818","20030101","202603010539","2569",22
"2d85d6ec39840f8051854b028fa13073","10819","20040805","202603010539","2569",2664
"2d85d6ec39840f8051854b028fa13073","10820","20040611","202603010539","2569",43
"2d85d6ec39840f8051854b028fa13073","10930","33050906","202602281538","2569",4620
"2d85d6ec39840f8051854b028fa13073","05603","48010801","202603011222","2569",170
"2d85d6ec39840f8051854b028fa13073","10931","33060120","202602281538","2569",4948
"2d85d6ec39840f8051854b028fa13073","01458","16020212","202603011235","2569",168
"2d85d6ec39840f8051854b028fa13073","05689","48070805","202603011222","2569",44
"2d85d6ec39840f8051854b028fa13073","10932","33070101","202602281538","2569",606
"2d85d6ec39840f8051854b028fa13073","10933","33080106","202602281538","2569",1945
"2d85d6ec39840f8051854b028fa13073","10934","33090102","202602281538","2569",6100
"2d85d6ec39840f8051854b028fa13073","10935","33100107","202602281538","2569",12251
"2d85d6ec39840f8051854b028fa13073","03135","32030805","202603011225","2569",56
"2d85d6ec39840f8051854b028fa13073","04561","41061708","202602280827","2569",696
"2d85d6ec39840f8051854b028fa13073","03137","32030901","202603011225","2569",24
"2d85d6ec39840f8051854b028fa13073","04562","41061807","202602280827","2569",667
"2d85d6ec39840f8051854b028fa13073","03136","32030808","202603011225","2569",63
"2d85d6ec39840f8051854b028fa13073","04563","41070110","202602280827","2569",1355
"2d85d6ec39840f8051854b028fa13073","04564","41070202","202602280827","2569",1564
"2d85d6ec39840f8051854b028fa13073","04565","41070207","202602280827","2569",1455
"2d85d6ec39840f8051854b028fa13073","03138","32031004","202603011225","2569",17
"2d85d6ec39840f8051854b028fa13073","03139","32040208","202603011225","2569",25
"2d85d6ec39840f8051854b028fa13073","04567","41070402","202602280827","2569",1114
"2d85d6ec39840f8051854b028fa13073","04566","41070306","202602280827","2569",1532
"2d85d6ec39840f8051854b028fa13073","03140","32040212","202603011225","2569",1
"2d85d6ec39840f8051854b028fa13073","03141","32040302","202603011225","2569",11
"2d85d6ec39840f8051854b028fa13073","04569","41080202","202602280827","2569",13
"2d85d6ec39840f8051854b028fa13073","04570","41080301","202602280827","2569",30
"2d85d6ec39840f8051854b028fa13073","03142","32040404","202603011225","2569",11
"2d85d6ec39840f8051854b028fa13073","03143","32040411","202603011225","2569",17
"2d85d6ec39840f8051854b028fa13073","03144","32040503","202603011225","2569",71
"2d85d6ec39840f8051854b028fa13073","04571","41080404","202602280827","2569",964
"2d85d6ec39840f8051854b028fa13073","03146","32040703","202603011225","2569",1
"2d85d6ec39840f8051854b028fa13073","04573","41090201","202602280827","2569",173
"2d85d6ec39840f8051854b028fa13073","03147","32040801","202603011225","2569",12
"2d85d6ec39840f8051854b028fa13073","04572","41090108","202602280827","2569",142
"2d85d6ec39840f8051854b028fa13073","03149","32050211","202603011225","2569",81
"2d85d6ec39840f8051854b028fa13073","03148","32040905","202603011225","2569",7
"2d85d6ec39840f8051854b028fa13073","04574","41090216","202602280827","2569",251
"2d85d6ec39840f8051854b028fa13073","04575","41090301","202602280827","2569",27
"2d85d6ec39840f8051854b028fa13073","04576","41090401","202602280827","2569",167
"2d85d6ec39840f8051854b028fa13073","03145","32040601","202603011225","2569",43
"2d85d6ec39840f8051854b028fa13073","03154","32050701","202603011225","2569",6
"2d85d6ec39840f8051854b028fa13073","03157","32050810","202603011225","2569",1
"2d85d6ec39840f8051854b028fa13073","04577","41090408","202602280827","2569",195
"2d85d6ec39840f8051854b028fa13073","04578","41090501","202602280827","2569",141
"2d85d6ec39840f8051854b028fa13073","03153","32050617","202603011225","2569",3
"2d85d6ec39840f8051854b028fa13073","04579","41090610","202602280827","2569",550
"2d85d6ec39840f8051854b028fa13073","04580","41090705","202602280827","2569",255
"2d85d6ec39840f8051854b028fa13073","04581","41100104","202602280827","2569",21
"2d85d6ec39840f8051854b028fa13073","03165","32051602","202603011225","2569",10
"2d85d6ec39840f8051854b028fa13073","03164","32051508","202603011225","2569",11
"2d85d6ec39840f8051854b028fa13073","03161","32051202","202603011225","2569",1
"2d85d6ec39840f8051854b028fa13073","03169","32060401","202603011225","2569",1
"2d85d6ec39840f8051854b028fa13073","03168","32060106","202603011225","2569",1
"2d85d6ec39840f8051854b028fa13073","04583","41100301","202602280827","2569",363
"2d85d6ec39840f8051854b028fa13073","04582","41100201","202602280827","2569",844
"2d85d6ec39840f8051854b028fa13073","04584","41100310","202602280827","2569",413
"2d85d6ec39840f8051854b028fa13073","11330","80090100","202602260511","2569",731
"2d85d6ec39840f8051854b028fa13073","03166","32051707","202603011225","2569",4
"2d85d6ec39840f8051854b028fa13073","11331","80100102","202602260511","2569",1
"2d85d6ec39840f8051854b028fa13073","04585","41100403","202602280827","2569",271
"2d85d6ec39840f8051854b028fa13073","11339","80180102","202602260511","2569",67
"2d85d6ec39840f8051854b028fa13073","11337","80160104","202602260511","2569",3502
"2d85d6ec39840f8051854b028fa13073","03173","32060610","202603011225","2569",4
"2d85d6ec39840f8051854b028fa13073","11333","80121400","202602260511","2569",2665
"2d85d6ec39840f8051854b028fa13073","04586","41100408","202602280827","2569",18
"2d85d6ec39840f8051854b028fa13073","03172","32060601","202603011225","2569",82
"2d85d6ec39840f8051854b028fa13073","40743","80200301","202602260511","2569",3
"2d85d6ec39840f8051854b028fa13073","04588","41100604","202602280827","2569",467
"2d85d6ec39840f8051854b028fa13073","03177","32070309","202603011225","2569",44
"2d85d6ec39840f8051854b028fa13073","04591","41110301","202602280827","2569",399
"2d85d6ec39840f8051854b028fa13073","03175","32061009","202603011225","2569",15
"2d85d6ec39840f8051854b028fa13073","03176","32070201","202603011225","2569",28
"2d85d6ec39840f8051854b028fa13073","04587","41100501","202602280827","2569",180
"2d85d6ec39840f8051854b028fa13073","04592","41110402","202602280827","2569",77
"2d85d6ec39840f8051854b028fa13073","02912","31030509","202602281753","2569",17
"2d85d6ec39840f8051854b028fa13073","04593","41110506","202602280827","2569",168
"2d85d6ec39840f8051854b028fa13073","02913","31030601","202602281753","2569",58
"2d85d6ec39840f8051854b028fa13073","04601","41111101","202602280827","2569",25
"2d85d6ec39840f8051854b028fa13073","03179","32070414","202603011225","2569",30
"2d85d6ec39840f8051854b028fa13073","02909","31030401","202602281753","2569",52
"2d85d6ec39840f8051854b028fa13073","03178","32070401","202603011225","2569",12
"2d85d6ec39840f8051854b028fa13073","10995","40020609","202603011301","2569",197
"2d85d6ec39840f8051854b028fa13073","02915","31030703","202602281753","2569",54
"2d85d6ec39840f8051854b028fa13073","02919","31031002","202602281753","2569",5
"2d85d6ec39840f8051854b028fa13073","04600","41111002","202602280827","2569",135
"2d85d6ec39840f8051854b028fa13073","02923","31040502","202602281753","2569",1
"2d85d6ec39840f8051854b028fa13073","03181","32070605","202603011225","2569",109
"2d85d6ec39840f8051854b028fa13073","02921","31040309","202602281753","2569",2
"2d85d6ec39840f8051854b028fa13073","03182","32070611","202603011225","2569",344
"2d85d6ec39840f8051854b028fa13073","10996","40030101","202603011301","2569",141
"2d85d6ec39840f8051854b028fa13073","04599","41110901","202602280827","2569",35
"2d85d6ec39840f8051854b028fa13073","02926","31041305","202602281753","2569",1
"2d85d6ec39840f8051854b028fa13073","04598","41110801","202602280827","2569",402
"2d85d6ec39840f8051854b028fa13073","11056","44070102","202602282224","2569",109
"2d85d6ec39840f8051854b028fa13073","02929","31041611","202602281753","2569",1
"2d85d6ec39840f8051854b028fa13073","02927","31041401","202602281753","2569",2
"2d85d6ec39840f8051854b028fa13073","10997","40040101","202603011301","2569",5
"2d85d6ec39840f8051854b028fa13073","03180","32070505","202603011225","2569",21
"2d85d6ec39840f8051854b028fa13073","02940","31050413","202602281753","2569",1
"2d85d6ec39840f8051854b028fa13073","02956","31061006","202602281753","2569",1
"2d85d6ec39840f8051854b028fa13073","11057","44080101","202602282224","2569",3275
"2d85d6ec39840f8051854b028fa13073","11058","44090102","202602282224","2569",891
"2d85d6ec39840f8051854b028fa13073","02937","31050207","202602281753","2569",1
"2d85d6ec39840f8051854b028fa13073","11084","46100110","202602280329","2569",5744
"2d85d6ec39840f8051854b028fa13073","11085","46110501","202602280329","2569",219
"2d85d6ec39840f8051854b028fa13073","10751","96100100","202602280235","2569",723
"2d85d6ec39840f8051854b028fa13073","28875","12040708","202603011031","2569",77
"2d85d6ec39840f8051854b028fa13073","01008","12020205","202603011031","2569",5
"2d85d6ec39840f8051854b028fa13073","02955","31061004","202602281753","2569",39
"2d85d6ec39840f8051854b028fa13073","00970","11040904","202603010326","2569",7
"2d85d6ec39840f8051854b028fa13073","02959","31070203","202602281753","2569",324
"2d85d6ec39840f8051854b028fa13073","05601","48010701","202603011222","2569",216
"2d85d6ec39840f8051854b028fa13073","10785","15040104","202603010746","2569",790
"2d85d6ec39840f8051854b028fa13073","01386","15040202","202603010746","2569",1
"2d85d6ec39840f8051854b028fa13073","02961","31070503","202602281753","2569",1
"2d85d6ec39840f8051854b028fa13073","03183","32170102","202603011225","2569",33
"2d85d6ec39840f8051854b028fa13073","02962","31070601","202602281753","2569",1
"2d85d6ec39840f8051854b028fa13073","11059","44100109","202602282224","2569",58
"2d85d6ec39840f8051854b028fa13073","11060","44110102","202602282224","2569",1830
"2d85d6ec39840f8051854b028fa13073","11437","96050101","202602280235","2569",37
"2d85d6ec39840f8051854b028fa13073","11436","96030101","202602280235","2569",589
"2d85d6ec39840f8051854b028fa13073","06260","53010902","202602281827","2569",849
"2d85d6ec39840f8051854b028fa13073","09381","86030106","202602181507","2569",3
"2d85d6ec39840f8051854b028fa13073","07407","64040509","202603010428","2569",31
"2d85d6ec39840f8051854b028fa13073","01016","12020702","202603011031","2569",6
"2d85d6ec39840f8051854b028fa13073","06297","53040602","202602281827","2569",33
"2d85d6ec39840f8051854b028fa13073","11382","86060108","202602181507","2569",279
"2d85d6ec39840f8051854b028fa13073","03867","35040507","202602281150","2569",125
"2d85d6ec39840f8051854b028fa13073","11345","81070105","202602280157","2569",78
"2d85d6ec39840f8051854b028fa13073","07406","64040504","202603010428","2569",81
"2d85d6ec39840f8051854b028fa13073","10716","55010100","202603010451","2569",1572
"2d85d6ec39840f8051854b028fa13073","11381","86050107","202602181507","2569",721
"2d85d6ec39840f8051854b028fa13073","10714","51010711","202603011238","2569",1774
"2d85d6ec39840f8051854b028fa13073","11140","51020208","202603011238","2569",211
"2d85d6ec39840f8051854b028fa13073","11141","51030102","202603011238","2569",829
"2d85d6ec39840f8051854b028fa13073","11142","51040104","202603011238","2569",892
"2d85d6ec39840f8051854b028fa13073","11143","51050103","202603011238","2569",211
"2d85d6ec39840f8051854b028fa13073","11144","51061107","202603011238","2569",722
"2d85d6ec39840f8051854b028fa13073","11145","51070106","202603011238","2569",753
"2d85d6ec39840f8051854b028fa13073","24956","51080309","202603011238","2569",2027
"2d85d6ec39840f8051854b028fa13073","77555","51040114","202603011238","2569",10
"2d85d6ec39840f8051854b028fa13073","06307","53070203","202602281827","2569",268
"2d85d6ec39840f8051854b028fa13073","07152","62010404","202602281802","2569",4
"2d85d6ec39840f8051854b028fa13073","03868","35040602","202602281150","2569",1013
"2d85d6ec39840f8051854b028fa13073","11172","54080304","202602281459","2569",70
"2d85d6ec39840f8051854b028fa13073","06308","53070205","202602281827","2569",250
"2d85d6ec39840f8051854b028fa13073","02152","23030704","202603010112","2569",12
"2d85d6ec39840f8051854b028fa13073","11166","54020406","202602281459","2569",406
"2d85d6ec39840f8051854b028fa13073","10703","37010106","202602281029","2569",195
"2d85d6ec39840f8051854b028fa13073","03184","32170502","202603011225","2569",60
"2d85d6ec39840f8051854b028fa13073","22156","35010100","202602281150","2569",54
"2d85d6ec39840f8051854b028fa13073","09802","93020406","202603010626","2569",1
"2d85d6ec39840f8051854b028fa13073","03869","35040709","202602281150","2569",572
"2d85d6ec39840f8051854b028fa13073","04887","38060303","202603010730","2569",102
"2d85d6ec39840f8051854b028fa13073","09049","81080401","202602280157","2569",4
"2d85d6ec39840f8051854b028fa13073","01614","18010803","202603010920","2569",1
"2d85d6ec39840f8051854b028fa13073","11062","45030109","202602280653","2569",1667
"2d85d6ec39840f8051854b028fa13073","10708","45010100","202602280653","2569",2299
"2d85d6ec39840f8051854b028fa13073","11438","96060102","202602280235","2569",1034
"2d85d6ec39840f8051854b028fa13073","03594","34050706","202602282021","2569",971
"2d85d6ec39840f8051854b028fa13073","03595","34050812","202602282021","2569",489
"2d85d6ec39840f8051854b028fa13073","02963","31070606","202602281753","2569",1
"2d85d6ec39840f8051854b028fa13073","04596","41110702","202602280827","2569",151
"2d85d6ec39840f8051854b028fa13073","10998","40050108","202603011301","2569",82
"2d85d6ec39840f8051854b028fa13073","03185","32170507","202603011225","2569",119
"2d85d6ec39840f8051854b028fa13073","02965","31070802","202602281753","2569",5
"2d85d6ec39840f8051854b028fa13073","00971","11041010","202603010326","2569",13
"2d85d6ec39840f8051854b028fa13073","02972","31071601","202602281753","2569",5
"2d85d6ec39840f8051854b028fa13073","02971","31071505","202602281753","2569",23
"2d85d6ec39840f8051854b028fa13073","02970","31071501","202602281753","2569",1
"2d85d6ec39840f8051854b028fa13073","10999","40060410","202603011301","2569",88
"2d85d6ec39840f8051854b028fa13073","02969","31071401","202602281753","2569",441
"2d85d6ec39840f8051854b028fa13073","11000","40070102","202603011301","2569",4787
"2d85d6ec39840f8051854b028fa13073","02986","31090208","202602281753","2569",62
"2d85d6ec39840f8051854b028fa13073","03187","32070911","202603011225","2569",17
"2d85d6ec39840f8051854b028fa13073","02987","31090302","202602281753","2569",55
"2d85d6ec39840f8051854b028fa13073","02988","31090605","202602281753","2569",52
"2d85d6ec39840f8051854b028fa13073","02989","31090701","202602281753","2569",84
"2d85d6ec39840f8051854b028fa13073","11001","40080302","202603011301","2569",5874
"2d85d6ec39840f8051854b028fa13073","02991","31091001","202602281753","2569",9
"2d85d6ec39840f8051854b028fa13073","04595","41110603","202602280827","2569",13
"2d85d6ec39840f8051854b028fa13073","11002","40100203","202603011301","2569",303
"2d85d6ec39840f8051854b028fa13073","03186","32070910","202603011225","2569",458
"2d85d6ec39840f8051854b028fa13073","02990","31090904","202602281753","2569",107
"2d85d6ec39840f8051854b028fa13073","11003","40110107","202603011301","2569",17
"2d85d6ec39840f8051854b028fa13073","02994","31100307","202602281753","2569",1
"2d85d6ec39840f8051854b028fa13073","00974","11041212","202603010326","2569",26
"2d85d6ec39840f8051854b028fa13073","11004","40120101","202603011301","2569",2020
"2d85d6ec39840f8051854b028fa13073","03195","32071501","202603011225","2569",43
"2d85d6ec39840f8051854b028fa13073","23564","44010100","202602282224","2569",1
"2d85d6ec39840f8051854b028fa13073","11086","46120102","202602280329","2569",911
"2d85d6ec39840f8051854b028fa13073","11087","46130102","202602280329","2569",406
"2d85d6ec39840f8051854b028fa13073","09800","93020304","202603010626","2569",15
"2d85d6ec39840f8051854b028fa13073","09834","93050902","202603010626","2569",8
"2d85d6ec39840f8051854b028fa13073","09046","81080206","202602280157","2569",110
"2d85d6ec39840f8051854b028fa13073","10936","33110202","202602281538","2569",98
"2d85d6ec39840f8051854b028fa13073","09228","84100201","202602280412","2569",1
"2d85d6ec39840f8051854b028fa13073","01457","16020102","202603011235","2569",54
"2d85d6ec39840f8051854b028fa13073","01455","16012402","202603011235","2569",17
"2d85d6ec39840f8051854b028fa13073","05688","48070802","202603011222","2569",4
"2d85d6ec39840f8051854b028fa13073","05687","48070706","202603011222","2569",42
"2d85d6ec39840f8051854b028fa13073","11405","91050106","202603010244","2569",1197
"2d85d6ec39840f8051854b028fa13073","09799","93020312","202603010626","2569",3
"2d85d6ec39840f8051854b028fa13073","11005","40130109","202603011301","2569",154
"2d85d6ec39840f8051854b028fa13073","03194","32071403","202603011225","2569",20
"2d85d6ec39840f8051854b028fa13073","04594","41110613","202602280827","2569",67
"2d85d6ec39840f8051854b028fa13073","11006","40140407","202603011301","2569",178
"2d85d6ec39840f8051854b028fa13073","00972","11041107","202603010326","2569",11
"2d85d6ec39840f8051854b028fa13073","03193","32071309","202603011225","2569",165
"2d85d6ec39840f8051854b028fa13073","00975","11041309","202603010326","2569",18
"2d85d6ec39840f8051854b028fa13073","11007","40150116","202603011301","2569",518
"2d85d6ec39840f8051854b028fa13073","04602","41111106","202602280827","2569",61
"2d85d6ec39840f8051854b028fa13073","03192","32170403","202603011225","2569",65
"2d85d6ec39840f8051854b028fa13073","03191","32170402","202603011225","2569",43
"2d85d6ec39840f8051854b028fa13073","11008","40161703","202603011301","2569",92
"2d85d6ec39840f8051854b028fa13073","00976","11041403","202603010326","2569",21
"2d85d6ec39840f8051854b028fa13073","03190","32071102","202603011225","2569",14
"2d85d6ec39840f8051854b028fa13073","11009","40170114","202603011301","2569",421
"2d85d6ec39840f8051854b028fa13073","03189","32071101","202603011225","2569",20
"2d85d6ec39840f8051854b028fa13073","04603","41111202","202602280827","2569",218
"2d85d6ec39840f8051854b028fa13073","04605","41170202","202602280827","2569",28
"2d85d6ec39840f8051854b028fa13073","11010","40180111","202603011301","2569",65
"2d85d6ec39840f8051854b028fa13073","00980","11050103","202603010326","2569",174
"2d85d6ec39840f8051854b028fa13073","03188","32170307","202603011225","2569",39
"2d85d6ec39840f8051854b028fa13073","03196","32071609","202603011225","2569",285
"2d85d6ec39840f8051854b028fa13073","04604","41111309","202602280827","2569",38
"2d85d6ec39840f8051854b028fa13073","11011","40190510","202603011301","2569",401
"2d85d6ec39840f8051854b028fa13073","00985","11050503","202603010326","2569",811
"2d85d6ec39840f8051854b028fa13073","03197","32170210","202603011225","2569",4
"2d85d6ec39840f8051854b028fa13073","11012","40200301","202603011301","2569",313
"2d85d6ec39840f8051854b028fa13073","00979","11050101","202603010326","2569",87
"2d85d6ec39840f8051854b028fa13073","03198","32080206","202603011225","2569",188
"2d85d6ec39840f8051854b028fa13073","03199","32080211","202603011225","2569",3
"2d85d6ec39840f8051854b028fa13073","14861","40010103","202603011301","2569",211
"2d85d6ec39840f8051854b028fa13073","03202","32080404","202603011225","2569",5
"2d85d6ec39840f8051854b028fa13073","04614","41170711","202602280827","2569",162
"2d85d6ec39840f8051854b028fa13073","03200","32080304","202603011225","2569",60
"2d85d6ec39840f8051854b028fa13073","14860","40010113","202603011301","2569",24
"2d85d6ec39840f8051854b028fa13073","03201","32080401","202603011225","2569",6
"2d85d6ec39840f8051854b028fa13073","14132","40210103","202603011301","2569",1646
"2d85d6ec39840f8051854b028fa13073","04610","41170506","202602280827","2569",3
"2d85d6ec39840f8051854b028fa13073","00977","11041507","202603010326","2569",36
"2d85d6ec39840f8051854b028fa13073","03203","32080513","202603011225","2569",1
"2d85d6ec39840f8051854b028fa13073","03205","32080605","202603011225","2569",6
"2d85d6ec39840f8051854b028fa13073","12275","40240310","202603011301","2569",40
"2d85d6ec39840f8051854b028fa13073","04609","41170401","202602280827","2569",236
"2d85d6ec39840f8051854b028fa13073","03204","32080601","202603011225","2569",19
"2d85d6ec39840f8051854b028fa13073","11445","40090111","202603011301","2569",1839
"2d85d6ec39840f8051854b028fa13073","03207","32090205","202603011225","2569",60
"2d85d6ec39840f8051854b028fa13073","00981","11050106","202603010326","2569",42
"2d85d6ec39840f8051854b028fa13073","04608","41170313","202602280827","2569",319
"2d85d6ec39840f8051854b028fa13073","00978","11040708","202603010326","2569",100
"2d85d6ec39840f8051854b028fa13073","03209","32090302","202603011225","2569",93
"2d85d6ec39840f8051854b028fa13073","15166","40010100","202603011301","2569",49
"2d85d6ec39840f8051854b028fa13073","03210","32090415","202603011225","2569",37
"2d85d6ec39840f8051854b028fa13073","00984","11050309","202603010326","2569",36
"2d85d6ec39840f8051854b028fa13073","04615","41170805","202602280827","2569",9
"2d85d6ec39840f8051854b028fa13073","00982","11050203","202603010326","2569",188
"2d85d6ec39840f8051854b028fa13073","03212","32090501","202603011225","2569",1
"2d85d6ec39840f8051854b028fa13073","03211","32090508","202603011225","2569",33
"2d85d6ec39840f8051854b028fa13073","03214","32090701","202603011225","2569",20
"2d85d6ec39840f8051854b028fa13073","04620","41171103","202602280827","2569",342
"2d85d6ec39840f8051854b028fa13073","00983","11050306","202603010326","2569",142
"2d85d6ec39840f8051854b028fa13073","04623","41180206","202602280827","2569",677
"2d85d6ec39840f8051854b028fa13073","03213","32090601","202603011225","2569",57
"2d85d6ec39840f8051854b028fa13073","03216","32090817","202603011225","2569",12
"2d85d6ec39840f8051854b028fa13073","03215","32090801","202603011225","2569",46
"2d85d6ec39840f8051854b028fa13073","04624","41180207","202602280827","2569",797
"2d85d6ec39840f8051854b028fa13073","00986","11050508","202603010326","2569",297
"2d85d6ec39840f8051854b028fa13073","03217","32090907","202603011225","2569",10
"2d85d6ec39840f8051854b028fa13073","03219","32091108","202603011225","2569",56
"2d85d6ec39840f8051854b028fa13073","03218","32091002","202603011225","2569",85
"2d85d6ec39840f8051854b028fa13073","04625","41180209","202602280827","2569",3650
"2d85d6ec39840f8051854b028fa13073","00987","11060101","202603010326","2569",2
"2d85d6ec39840f8051854b028fa13073","04626","41180504","202602280827","2569",1248
"2d85d6ec39840f8051854b028fa13073","03220","32091206","202603011225","2569",69
"2d85d6ec39840f8051854b028fa13073","03221","32091302","202603011225","2569",97
"2d85d6ec39840f8051854b028fa13073","03222","32091401","202603011225","2569",81
"2d85d6ec39840f8051854b028fa13073","04627","41180609","202602280827","2569",1692
"2d85d6ec39840f8051854b028fa13073","00990","11060201","202603010326","2569",5
"2d85d6ec39840f8051854b028fa13073","04628","41180704","202602280827","2569",1135
"2d85d6ec39840f8051854b028fa13073","03223","32091501","202603011225","2569",35
"2d85d6ec39840f8051854b028fa13073","03224","32100107","202603011225","2569",8
"2d85d6ec39840f8051854b028fa13073","03225","32100203","202603011225","2569",12
"2d85d6ec39840f8051854b028fa13073","24028","11011507","202603010326","2569",39
"2d85d6ec39840f8051854b028fa13073","04629","41181203","202602280827","2569",1495
"2d85d6ec39840f8051854b028fa13073","24027","11011602","202603010326","2569",43
"2d85d6ec39840f8051854b028fa13073","03226","32100601","202603011225","2569",7
"2d85d6ec39840f8051854b028fa13073","03228","32100807","202603011225","2569",5
"2d85d6ec39840f8051854b028fa13073","03227","32100705","202603011225","2569",62
"2d85d6ec39840f8051854b028fa13073","04630","41190210","202602280827","2569",745
"2d85d6ec39840f8051854b028fa13073","00991","11060301","202603010326","2569",1
"2d85d6ec39840f8051854b028fa13073","04631","41190213","202602280827","2569",509
"2d85d6ec39840f8051854b028fa13073","03229","32100901","202603011225","2569",3
"2d85d6ec39840f8051854b028fa13073","03230","32100914","202603011225","2569",41
"2d85d6ec39840f8051854b028fa13073","10881","30120100","202602161458","2569",88
"2d85d6ec39840f8051854b028fa13073","10882","30130113","202602161458","2569",1249
"2d85d6ec39840f8051854b028fa13073","10883","30141701","202602161458","2569",922
"2d85d6ec39840f8051854b028fa13073","10884","30150101","202602161458","2569",1893
"2d85d6ec39840f8051854b028fa13073","10886","30170101","202602161458","2569",2142
"2d85d6ec39840f8051854b028fa13073","10887","30180101","202602161458","2569",2814
"2d85d6ec39840f8051854b028fa13073","10888","30190107","202602161458","2569",391
"2d85d6ec39840f8051854b028fa13073","10889","30200902","202602161458","2569",283
"2d85d6ec39840f8051854b028fa13073","10890","30210100","202602161458","2569",1528
"2d85d6ec39840f8051854b028fa13073","02146","23030502","202603010112","2569",1
"2d85d6ec39840f8051854b028fa13073","02144","23030302","202603010112","2569",5
"2d85d6ec39840f8051854b028fa13073","14098","91040405","202603010244","2569",43
"2d85d6ec39840f8051854b028fa13073","02148","23030604","202603010112","2569",1
"2d85d6ec39840f8051854b028fa13073","23751","75020111","202603010349","2569",3
"2d85d6ec39840f8051854b028fa13073","09647","91060505","202603010244","2569",39
"2d85d6ec39840f8051854b028fa13073","11602","30270101","202602161458","2569",1
"2d85d6ec39840f8051854b028fa13073","10892","30230101","202602161458","2569",536
"2d85d6ec39840f8051854b028fa13073","10891","30220404","202602161458","2569",952
"2d85d6ec39840f8051854b028fa13073","02149","23030603","202603010112","2569",1
"2d85d6ec39840f8051854b028fa13073","09320","85010802","202603010640","2569",42
"2d85d6ec39840f8051854b028fa13073","10746","91010100","202603010244","2569",622
"2d85d6ec39840f8051854b028fa13073","09651","91070205","202603010244","2569",1
"2d85d6ec39840f8051854b028fa13073","11122","50050108","202603010057","2569",437
"2d85d6ec39840f8051854b028fa13073","11123","50060107","202603010057","2569",499
"2d85d6ec39840f8051854b028fa13073","11124","50080110","202603010057","2569",587
"2d85d6ec39840f8051854b028fa13073","11125","50090104","202603010057","2569",624
"2d85d6ec39840f8051854b028fa13073","11126","50100708","202603010057","2569",187
"2d85d6ec39840f8051854b028fa13073","11127","50110104","202603010057","2569",401
"2d85d6ec39840f8051854b028fa13073","11128","50120109","202603010057","2569",217
"2d85d6ec39840f8051854b028fa13073","11129","50130401","202603010057","2569",816
"2d85d6ec39840f8051854b028fa13073","11130","50140811","202603010057","2569",529
"2d85d6ec39840f8051854b028fa13073","11131","50150103","202603010057","2569",1828
"2d85d6ec39840f8051854b028fa13073","11132","50160110","202603010057","2569",414
"2d85d6ec39840f8051854b028fa13073","11133","50170203","202603010057","2569",50
"2d85d6ec39840f8051854b028fa13073","11134","50180101","202603010057","2569",54
"2d85d6ec39840f8051854b028fa13073","11135","50190203","202603010057","2569",172
"2d85d6ec39840f8051854b028fa13073","11136","50200103","202603010057","2569",254
"2d85d6ec39840f8051854b028fa13073","11137","50210203","202603010057","2569",60
"2d85d6ec39840f8051854b028fa13073","11139","50230301","202603010057","2569",29
"2d85d6ec39840f8051854b028fa13073","11643","50240125","202603010057","2569",1060
"2d85d6ec39840f8051854b028fa13073","13988","50250204","202603010057","2569",15
"2d85d6ec39840f8051854b028fa13073","13989","50250303","202603010057","2569",60
"2d85d6ec39840f8051854b028fa13073","05907","50090607","202603010057","2569",124
"2d85d6ec39840f8051854b028fa13073","05933","50111005","202603010057","2569",10
"2d85d6ec39840f8051854b028fa13073","05940","50120402","202603010057","2569",6
"2d85d6ec39840f8051854b028fa13073","05943","50120603","202603010057","2569",32
"2d85d6ec39840f8051854b028fa13073","11063","45040104","202602280653","2569",1345
"2d85d6ec39840f8051854b028fa13073","11064","45050403","202602280653","2569",1474
"2d85d6ec39840f8051854b028fa13073","11065","45060103","202602280653","2569",781
"2d85d6ec39840f8051854b028fa13073","11066","45071210","202602280653","2569",25676
"2d85d6ec39840f8051854b028fa13073","11067","45080102","202602280653","2569",374
"2d85d6ec39840f8051854b028fa13073","11068","45090101","202602280653","2569",414
"2d85d6ec39840f8051854b028fa13073","11069","45101707","202602280653","2569",7552
"2d85d6ec39840f8051854b028fa13073","11070","45110101","202602280653","2569",2117
"2d85d6ec39840f8051854b028fa13073","11071","45120104","202602280653","2569",211
"2d85d6ec39840f8051854b028fa13073","11072","45130109","202602280653","2569",1574
"2d85d6ec39840f8051854b028fa13073","11073","45140107","202602280653","2569",2650
"2d85d6ec39840f8051854b028fa13073","11074","45150106","202602280653","2569",1627
"2d85d6ec39840f8051854b028fa13073","11075","45160203","202602280653","2569",605
"2d85d6ec39840f8051854b028fa13073","11076","45170403","202602280653","2569",307
"2d85d6ec39840f8051854b028fa13073","27988","45200107","202602280653","2569",168
"2d85d6ec39840f8051854b028fa13073","27989","45180302","202602280653","2569",333
"2d85d6ec39840f8051854b028fa13073","27990","45190110","202602280653","2569",46
"2d85d6ec39840f8051854b028fa13073","02999","31100701","202602281753","2569",1
"2d85d6ec39840f8051854b028fa13073","07017","60100406","202602281331","2569",11
"2d85d6ec39840f8051854b028fa13073","03004","31101207","202602281753","2569",4
"2d85d6ec39840f8051854b028fa13073","23565","44010100","202602282224","2569",45
"2d85d6ec39840f8051854b028fa13073","10685","11010100","202603010326","2569",296
"2d85d6ec39840f8051854b028fa13073","03006","31100305","202602281753","2569",3
"2d85d6ec39840f8051854b028fa13073","03012","31110502","202602281753","2569",2
"2d85d6ec39840f8051854b028fa13073","24704","44120110","202602282224","2569",72
"2d85d6ec39840f8051854b028fa13073","03009","31110108","202602281753","2569",1
"2d85d6ec39840f8051854b028fa13073","03002","31101001","202602281753","2569",2
"2d85d6ec39840f8051854b028fa13073","07023","60101001","202602281331","2569",9
"2d85d6ec39840f8051854b028fa13073","03011","31110415","202602281753","2569",1
"2d85d6ec39840f8051854b028fa13073","03231","32101001","202603011225","2569",12
"2d85d6ec39840f8051854b028fa13073","28020","31210109","202602281753","2569",74
"2d85d6ec39840f8051854b028fa13073","03233","32101207","202603011225","2569",2
"2d85d6ec39840f8051854b028fa13073","07019","60100607","202602281331","2569",17
"2d85d6ec39840f8051854b028fa13073","03023","31111501","202602281753","2569",3
"2d85d6ec39840f8051854b028fa13073","07024","60101006","202602281331","2569",1
"2d85d6ec39840f8051854b028fa13073","04634","41190401","202602280827","2569",285
"2d85d6ec39840f8051854b028fa13073","23578","31220106","202602281753","2569",14
"2d85d6ec39840f8051854b028fa13073","03024","31220406","202602281753","2569",45
"2d85d6ec39840f8051854b028fa13073","10675","60010707","202602281331","2569",3165
"2d85d6ec39840f8051854b028fa13073","03035","31130304","202602281753","2569",20
"2d85d6ec39840f8051854b028fa13073","10754","11040108","202603010326","2569",142
"2d85d6ec39840f8051854b028fa13073","11209","60020107","202602281331","2569",118
"2d85d6ec39840f8051854b028fa13073","03034","31130303","202602281753","2569",5
"2d85d6ec39840f8051854b028fa13073","04635","41190510","202602280827","2569",328
"2d85d6ec39840f8051854b028fa13073","11210","60030404","202602281331","2569",45
"2d85d6ec39840f8051854b028fa13073","03032","31130113","202602281753","2569",6
"2d85d6ec39840f8051854b028fa13073","23891","40010104","202603011301","2569",29
"2d85d6ec39840f8051854b028fa13073","03234","32101306","202603011225","2569",6
"2d85d6ec39840f8051854b028fa13073","11211","60040203","202602281331","2569",111
"2d85d6ec39840f8051854b028fa13073","03037","31140206","202602281753","2569",1
"2d85d6ec39840f8051854b028fa13073","03232","32101104","202603011225","2569",15
"2d85d6ec39840f8051854b028fa13073","10752","11020401","202603010326","2569",1932
"2d85d6ec39840f8051854b028fa13073","11213","60060201","202602281331","2569",1153
"2d85d6ec39840f8051854b028fa13073","04636","41190609","202602280827","2569",323
"2d85d6ec39840f8051854b028fa13073","11214","60070114","202602281331","2569",878
"2d85d6ec39840f8051854b028fa13073","03036","31130402","202602281753","2569",3
"2d85d6ec39840f8051854b028fa13073","77609","40011505","202603011301","2569",37
"2d85d6ec39840f8051854b028fa13073","07012","60090701","202602281331","2569",3
"2d85d6ec39840f8051854b028fa13073","03040","31140406","202602281753","2569",5
"2d85d6ec39840f8051854b028fa13073","03235","32101506","202603011225","2569",3
"2d85d6ec39840f8051854b028fa13073","77649","40230201","202603011301","2569",135
"2d85d6ec39840f8051854b028fa13073","10971","36030113","202603010731","2569",172
"2d85d6ec39840f8051854b028fa13073","03041","31140501","202602281753","2569",1
"2d85d6ec39840f8051854b028fa13073","03236","32101710","202603011225","2569",8
"2d85d6ec39840f8051854b028fa13073","10753","11030108","202603010326","2569",376
"2d85d6ec39840f8051854b028fa13073","03237","32101706","202603011225","2569",2
"2d85d6ec39840f8051854b028fa13073","04671","42010705","202602282113","2569",1
"2d85d6ec39840f8051854b028fa13073","10829","21030100","202602280521","2569",481
"2d85d6ec39840f8051854b028fa13073","07803","67060102","202602281127","2569",65
"2d85d6ec39840f8051854b028fa13073","07812","67070102","202602281127","2569",1
"2d85d6ec39840f8051854b028fa13073","10972","36040101","202603010731","2569",280
"2d85d6ec39840f8051854b028fa13073","07013","60090703","202602281331","2569",1
"2d85d6ec39840f8051854b028fa13073","07794","67050704","202602281127","2569",34
"2d85d6ec39840f8051854b028fa13073","07817","67070605","202602281127","2569",2
"2d85d6ec39840f8051854b028fa13073","10973","36050102","202603010731","2569",30
"2d85d6ec39840f8051854b028fa13073","07811","67060704","202602281127","2569",26
"2d85d6ec39840f8051854b028fa13073","07015","60100207","202602281331","2569",3
"2d85d6ec39840f8051854b028fa13073","10845","23020109","202603010112","2569",331
"2d85d6ec39840f8051854b028fa13073","09069","82020202","202603010032","2569",1
"2d85d6ec39840f8051854b028fa13073","11452","54050109","202602281459","2569",433
"2d85d6ec39840f8051854b028fa13073","04637","41190702","202602280827","2569",616
"2d85d6ec39840f8051854b028fa13073","03238","32110201","202603011225","2569",18
"2d85d6ec39840f8051854b028fa13073","04638","41190801","202602280827","2569",374
"2d85d6ec39840f8051854b028fa13073","01618","18020104","202603010920","2569",1
"2d85d6ec39840f8051854b028fa13073","11181","55110104","202603010451","2569",52
"2d85d6ec39840f8051854b028fa13073","03240","32110305","202603011225","2569",15
"2d85d6ec39840f8051854b028fa13073","05939","50120304","202603010057","2569",12
"2d85d6ec39840f8051854b028fa13073","05944","50120610","202603010057","2569",93
"2d85d6ec39840f8051854b028fa13073","05951","50121405","202603010057","2569",28
"2d85d6ec39840f8051854b028fa13073","05947","50120807","202603010057","2569",48
"2d85d6ec39840f8051854b028fa13073","05950","50121402","202603010057","2569",78
"2d85d6ec39840f8051854b028fa13073","03597","34051113","202602282021","2569",1184
"2d85d6ec39840f8051854b028fa13073","03054","31160503","202602281753","2569",425
"2d85d6ec39840f8051854b028fa13073","10088","95080402","202602281712","2569",1
"2d85d6ec39840f8051854b028fa13073","03844","35020201","202602281150","2569",46
"2d85d6ec39840f8051854b028fa13073","07014","60090705","202602281331","2569",2
"2d85d6ec39840f8051854b028fa13073","11299","73031801","202602281108","2569",200
"2d85d6ec39840f8051854b028fa13073","07813","67070203","202602281127","2569",5
"2d85d6ec39840f8051854b028fa13073","10493","58020205","202603010737","2569",35
"2d85d6ec39840f8051854b028fa13073","06848","58020603","202603010737","2569",44
"2d85d6ec39840f8051854b028fa13073","04890","38070301","202603010730","2569",125
"2d85d6ec39840f8051854b028fa13073","09791","93011311","202603010626","2569",2
"2d85d6ec39840f8051854b028fa13073","09882","93100304","202603010626","2569",4
"2d85d6ec39840f8051854b028fa13073","10704","39010101","202603010629","2569",411
"2d85d6ec39840f8051854b028fa13073","11182","55120203","202603010451","2569",47
"2d85d6ec39840f8051854b028fa13073","05599","48010606","202603011222","2569",107
"2d85d6ec39840f8051854b028fa13073","02200","24011813","202602281731","2569",3
"2d85d6ec39840f8051854b028fa13073","09048","81080308","202602280157","2569",69
"2d85d6ec39840f8051854b028fa13073","09047","81080305","202602280157","2569",573
"2d85d6ec39840f8051854b028fa13073","14100","92040303","202602281830","2569",254
"2d85d6ec39840f8051854b028fa13073","03870","35040707","202602281150","2569",505
"2d85d6ec39840f8051854b028fa13073","10755","11050103","202603010326","2569",200
"2d85d6ec39840f8051854b028fa13073","05600","48010611","202603011222","2569",123
"2d85d6ec39840f8051854b028fa13073","10974","36061001","202603010731","2569",242
"2d85d6ec39840f8051854b028fa13073","03242","32110502","202603011225","2569",14
"2d85d6ec39840f8051854b028fa13073","03243","32120106","202603011225","2569",172
"2d85d6ec39840f8051854b028fa13073","03052","31160302","202602281753","2569",10
"2d85d6ec39840f8051854b028fa13073","11212","60051302","202602281331","2569",3
"2d85d6ec39840f8051854b028fa13073","11298","73030103","202602281108","2569",359
"2d85d6ec39840f8051854b028fa13073","11297","73021204","202602281108","2569",161
"2d85d6ec39840f8051854b028fa13073","10975","36070201","202603010731","2569",28
"2d85d6ec39840f8051854b028fa13073","07814","67070311","202602281127","2569",2
"2d85d6ec39840f8051854b028fa13073","07816","67070502","202602281127","2569",7
"2d85d6ec39840f8051854b028fa13073","10894","30250503","202602161458","2569",2621
"2d85d6ec39840f8051854b028fa13073","11608","30290101","202602161458","2569",12
"2d85d6ec39840f8051854b028fa13073","04855","43070308","202603010507","2569",100
"2d85d6ec39840f8051854b028fa13073","07409","64040707","202603010428","2569",130
"2d85d6ec39840f8051854b028fa13073","01532","16062203","202603011235","2569",559
"2d85d6ec39840f8051854b028fa13073","04640","41191008","202602280827","2569",247
"2d85d6ec39840f8051854b028fa13073","03598","34051202","202602282021","2569",1501
"2d85d6ec39840f8051854b028fa13073","03599","34070210","202602282021","2569",15
"2d85d6ec39840f8051854b028fa13073","06299","53050202","202602281827","2569",10
"2d85d6ec39840f8051854b028fa13073","03871","35040803","202602281150","2569",311
"2d85d6ec39840f8051854b028fa13073","77650","40290208","202603011301","2569",666
"2d85d6ec39840f8051854b028fa13073","13812","11011606","202603010326","2569",38
"2d85d6ec39840f8051854b028fa13073","03051","31160204","202602281753","2569",404
"2d85d6ec39840f8051854b028fa13073","10702","36010105","202603010731","2569",1288
"2d85d6ec39840f8051854b028fa13073","04674","42010807","202602282113","2569",1
"2d85d6ec39840f8051854b028fa13073","10831","21050204","202602280521","2569",88
"2d85d6ec39840f8051854b028fa13073","10730","70070100","202602280605","2569",316
"2d85d6ec39840f8051854b028fa13073","11032","42040101","202602282113","2569",318
"2d85d6ec39840f8051854b028fa13073","10830","21040201","202602280521","2569",85
"2d85d6ec39840f8051854b028fa13073","02172","23050703","202603010112","2569",18
"2d85d6ec39840f8051854b028fa13073","04888","38060409","202603010730","2569",254
"2d85d6ec39840f8051854b028fa13073","06845","58020401","202603010737","2569",4
"2d85d6ec39840f8051854b028fa13073","04857","43070407","202603010507","2569",153
"2d85d6ec39840f8051854b028fa13073","01531","16062102","202603011235","2569",9
"2d85d6ec39840f8051854b028fa13073","07408","64040604","202603010428","2569",416
"2d85d6ec39840f8051854b028fa13073","04841","43052104","202603010507","2569",2990
"2d85d6ec39840f8051854b028fa13073","11287","71110101","202603010506","2569",1
"2d85d6ec39840f8051854b028fa13073","09885","93100404","202603010626","2569",4
"2d85d6ec39840f8051854b028fa13073","09831","93050503","202603010626","2569",43
"2d85d6ec39840f8051854b028fa13073","10991","39020106","202603010629","2569",1654
"2d85d6ec39840f8051854b028fa13073","10821","20050108","202603010539","2569",52
"2d85d6ec39840f8051854b028fa13073","09225","84090404","202602280412","2569",1
"2d85d6ec39840f8051854b028fa13073","09254","84130201","202602280412","2569",18
"2d85d6ec39840f8051854b028fa13073","01535","16070403","202603011235","2569",143
"2d85d6ec39840f8051854b028fa13073","05694","48071202","202603011222","2569",81
"2d85d6ec39840f8051854b028fa13073","01534","16070303","202603011235","2569",398
"2d85d6ec39840f8051854b028fa13073","05692","48120104","202603011222","2569",16
"2d85d6ec39840f8051854b028fa13073","01533","16070203","202603011235","2569",294
"2d85d6ec39840f8051854b028fa13073","09051","81080505","202602280157","2569",34
"2d85d6ec39840f8051854b028fa13073","04889","38070206","202603010730","2569",115
"2d85d6ec39840f8051854b028fa13073","01432","16010401","202603011235","2569",81
"2d85d6ec39840f8051854b028fa13073","09828","93050402","202603010626","2569",15
"2d85d6ec39840f8051854b028fa13073","03241","32110401","202603011225","2569",57
"2d85d6ec39840f8051854b028fa13073","15048","11010100","202603010326","2569",4
"2d85d6ec39840f8051854b028fa13073","11255","65070101","202602282157","2569",284
"2d85d6ec39840f8051854b028fa13073","11088","46140308","202602280329","2569",657
"2d85d6ec39840f8051854b028fa13073","23032","11020102","202603010326","2569",445
"2d85d6ec39840f8051854b028fa13073","04642","41200201","202602280827","2569",319
"2d85d6ec39840f8051854b028fa13073","04641","41191102","202602280827","2569",230
"2d85d6ec39840f8051854b028fa13073","05690","48070901","202603011222","2569",130
"2d85d6ec39840f8051854b028fa13073","05691","48120201","202603011222","2569",137
"2d85d6ec39840f8051854b028fa13073","04824","38020201","202603010730","2569",39
"2d85d6ec39840f8051854b028fa13073","03872","35040806","202602281150","2569",173
"2d85d6ec39840f8051854b028fa13073","06840","58020103","202603010737","2569",30
"2d85d6ec39840f8051854b028fa13073","04854","43170106","202603010507","2569",41
"2d85d6ec39840f8051854b028fa13073","04866","43080302","202603010507","2569",10
"2d85d6ec39840f8051854b028fa13073","04864","43080505","202603010507","2569",136
"2d85d6ec39840f8051854b028fa13073","04816","38010806","202603010730","2569",103
"2d85d6ec39840f8051854b028fa13073","10786","15050101","202603010746","2569",584
"2d85d6ec39840f8051854b028fa13073","01389","15040505","202603010746","2569",1
"2d85d6ec39840f8051854b028fa13073","27975","18080114","202603010920","2569",148
"2d85d6ec39840f8051854b028fa13073","04643","41200302","202602280827","2569",433
"2d85d6ec39840f8051854b028fa13073","77455","32050101","202603011225","2569",6
"2d85d6ec39840f8051854b028fa13073","24675","11030808","202603010326","2569",1
"2d85d6ec39840f8051854b028fa13073","07818","67070704","202602281127","2569",1
"2d85d6ec39840f8051854b028fa13073","05598","48010602","202603011222","2569",300
"2d85d6ec39840f8051854b028fa13073","01454","16012305","202603011235","2569",65
"2d85d6ec39840f8051854b028fa13073","03874","35040903","202602281150","2569",281
"2d85d6ec39840f8051854b028fa13073","03877","35041201","202602281150","2569",60
"2d85d6ec39840f8051854b028fa13073","03876","35041102","202602281150","2569",1216
"2d85d6ec39840f8051854b028fa13073","03875","35041006","202602281150","2569",244
"2d85d6ec39840f8051854b028fa13073","10959","34220108","202602282021","2569",1172
"2d85d6ec39840f8051854b028fa13073","02728","30150310","202602161458","2569",2
"2d85d6ec39840f8051854b028fa13073","02783","30190301","202602161458","2569",2
"2d85d6ec39840f8051854b028fa13073","11216","60090808","202602281331","2569",48
"2d85d6ec39840f8051854b028fa13073","03050","31160103","202602281753","2569",2
"2d85d6ec39840f8051854b028fa13073","77479","32010100","202603011225","2569",75
"2d85d6ec39840f8051854b028fa13073","77652","40250103","202603011301","2569",30
"2d85d6ec39840f8051854b028fa13073","03966","36040215","202603010731","2569",1
"2d85d6ec39840f8051854b028fa13073","03879","35050202","202602281150","2569",427
"2d85d6ec39840f8051854b028fa13073","04680","42011201","202602282113","2569",7
"2d85d6ec39840f8051854b028fa13073","04687","42020401","202602282113","2569",1
"2d85d6ec39840f8051854b028fa13073","11294","72080407","202602280526","2569",176
"2d85d6ec39840f8051854b028fa13073","04688","42030201","202602282113","2569",1
"2d85d6ec39840f8051854b028fa13073","04691","42030307","202602282113","2569",216
"2d85d6ec39840f8051854b028fa13073","01539","16080303","202603011235","2569",64
"2d85d6ec39840f8051854b028fa13073","05695","48071301","202603011222","2569",84
"2d85d6ec39840f8051854b028fa13073","03880","35050305","202602281150","2569",393
"2d85d6ec39840f8051854b028fa13073","01015","12020602","202603011031","2569",2
"2d85d6ec39840f8051854b028fa13073","01020","12030504","202603011031","2569",120
"2d85d6ec39840f8051854b028fa13073","01018","12020805","202603011031","2569",1
"2d85d6ec39840f8051854b028fa13073","03058","31170202","202602281753","2569",1
"2d85d6ec39840f8051854b028fa13073","03245","32120405","202603011225","2569",173
"2d85d6ec39840f8051854b028fa13073","03259","32130505","202603011225","2569",24
"2d85d6ec39840f8051854b028fa13073","07819","67070803","202602281127","2569",1
"2d85d6ec39840f8051854b028fa13073","11215","60080101","202602281331","2569",716
"2d85d6ec39840f8051854b028fa13073","05946","50120703","202603010057","2569",58
"2d85d6ec39840f8051854b028fa13073","04644","41200401","202602280827","2569",429
"2d85d6ec39840f8051854b028fa13073","04648","41210203","202602280827","2569",301
"2d85d6ec39840f8051854b028fa13073","11169","54041203","202602281459","2569",288
"2d85d6ec39840f8051854b028fa13073","07273","63010901","202602281719","2569",2
"2d85d6ec39840f8051854b028fa13073","04865","43080201","202603010507","2569",336
"2d85d6ec39840f8051854b028fa13073","01421","15061206","202603010746","2569",945
"2d85d6ec39840f8051854b028fa13073","09315","85010503","202603010640","2569",3
"2d85d6ec39840f8051854b028fa13073","04825","38020411","202603010730","2569",123
"2d85d6ec39840f8051854b028fa13073","01388","15040401","202603010746","2569",19
"2d85d6ec39840f8051854b028fa13073","11228","62011212","202602281802","2569",182
"2d85d6ec39840f8051854b028fa13073","03603","34070807","202602282021","2569",8
"2d85d6ec39840f8051854b028fa13073","03604","34070810","202602282021","2569",1
"2d85d6ec39840f8051854b028fa13073","03606","34070904","202602282021","2569",2
"2d85d6ec39840f8051854b028fa13073","10960","34240212","202602282021","2569",489
"2d85d6ec39840f8051854b028fa13073","09314","85010502","202603010640","2569",13
"2d85d6ec39840f8051854b028fa13073","02168","23050202","202603010112","2569",227
"2d85d6ec39840f8051854b028fa13073","11385","86080201","202602181507","2569",619
"2d85d6ec39840f8051854b028fa13073","11229","62020104","202602281802","2569",153
"2d85d6ec39840f8051854b028fa13073","09769","92100103","202602281830","2569",1
"2d85d6ec39840f8051854b028fa13073","09703","92030802","202602281830","2569",98
"2d85d6ec39840f8051854b028fa13073","24559","11050108","202603010326","2569",166
"2d85d6ec39840f8051854b028fa13073","06846","58020405","202603010737","2569",37
"2d85d6ec39840f8051854b028fa13073","05945","50120613","202603010057","2569",1
"2d85d6ec39840f8051854b028fa13073","04896","43140114","202603010507","2569",310
"2d85d6ec39840f8051854b028fa13073","09829","93050403","202603010626","2569",5
"2d85d6ec39840f8051854b028fa13073","04826","38020508","202603010730","2569",30
"2d85d6ec39840f8051854b028fa13073","09825","93040308","202603010626","2569",20
"2d85d6ec39840f8051854b028fa13073","11232","62050110","202602281802","2569",375
"2d85d6ec39840f8051854b028fa13073","01452","16012102","202603011235","2569",6
"2d85d6ec39840f8051854b028fa13073","05696","48120301","202603011222","2569",73
"2d85d6ec39840f8051854b028fa13073","01547","16100201","202603011235","2569",6
"2d85d6ec39840f8051854b028fa13073","01546","16100101","202603011235","2569",130
"2d85d6ec39840f8051854b028fa13073","77651","40220108","202603011301","2569",6
"2d85d6ec39840f8051854b028fa13073","03248","32120601","202603011225","2569",150
"2d85d6ec39840f8051854b028fa13073","04647","41210106","202602280827","2569",161
"2d85d6ec39840f8051854b028fa13073","03244","32120301","202603011225","2569",202
"2d85d6ec39840f8051854b028fa13073","03246","32120409","202603011225","2569",95
"2d85d6ec39840f8051854b028fa13073","04645","41200502","202602280827","2569",229
"2d85d6ec39840f8051854b028fa13073","04646","41200603","202602280827","2569",232
"2d85d6ec39840f8051854b028fa13073","04653","41220201","202602280827","2569",332
"2d85d6ec39840f8051854b028fa13073","11217","60100108","202602281331","2569",174
"2d85d6ec39840f8051854b028fa13073","10728","70041104","202602280605","2569",1686
"2d85d6ec39840f8051854b028fa13073","10729","70050101","202602280605","2569",665
"2d85d6ec39840f8051854b028fa13073","07823","67071303","202602281127","2569",1
"2d85d6ec39840f8051854b028fa13073","07740","67020508","202602281127","2569",17
"2d85d6ec39840f8051854b028fa13073","09822","93040301","202603010626","2569",2
"2d85d6ec39840f8051854b028fa13073","04897","43140211","202603010507","2569",136
"2d85d6ec39840f8051854b028fa13073","04793","43011105","202603010507","2569",477
"2d85d6ec39840f8051854b028fa13073","05698","48080203","202603011222","2569",35
"2d85d6ec39840f8051854b028fa13073","01537","16070604","202603011235","2569",219
"2d85d6ec39840f8051854b028fa13073","05697","48080201","202603011222","2569",316
"2d85d6ec39840f8051854b028fa13073","01538","16080201","202603011235","2569",14
"2d85d6ec39840f8051854b028fa13073","05700","48080304","202603011222","2569",180
"2d85d6ec39840f8051854b028fa13073","01536","16070501","202603011235","2569",59
"2d85d6ec39840f8051854b028fa13073","03881","35050306","202602281150","2569",514
"2d85d6ec39840f8051854b028fa13073","03885","35060107","202602281150","2569",98
"2d85d6ec39840f8051854b028fa13073","10736","76010200","202602281718","2569",292
"2d85d6ec39840f8051854b028fa13073","41768","12020503","202603011031","2569",57
"2d85d6ec39840f8051854b028fa13073","07279","63011104","202602281719","2569",12
"2d85d6ec39840f8051854b028fa13073","04649","41210207","202602280827","2569",365
"2d85d6ec39840f8051854b028fa13073","04650","41210308","202602280827","2569",42
"2d85d6ec39840f8051854b028fa13073","04651","41220101","202602280827","2569",758
"2d85d6ec39840f8051854b028fa13073","10768","14020100","202602280606","2569",1010
"2d85d6ec39840f8051854b028fa13073","11398","90100709","202602280252","2569",27
"2d85d6ec39840f8051854b028fa13073","11849","90100506","202602280252","2569",7
"2d85d6ec39840f8051854b028fa13073","05961","50131103","202603010057","2569",1
"2d85d6ec39840f8051854b028fa13073","22177","50120707","202603010057","2569",33
"2d85d6ec39840f8051854b028fa13073","05988","50151005","202603010057","2569",1
"2d85d6ec39840f8051854b028fa13073","04845","38030313","202603010730","2569",11
"2d85d6ec39840f8051854b028fa13073","10541","58060601","202603010737","2569",18
"2d85d6ec39840f8051854b028fa13073","11320","77070100","202603010556","2569",217
"2d85d6ec39840f8051854b028fa13073","04898","43140312","202603010507","2569",443
"2d85d6ec39840f8051854b028fa13073","04899","43150102","202603010507","2569",98
"2d85d6ec39840f8051854b028fa13073","10684","95010100","202602281712","2569",889
"2d85d6ec39840f8051854b028fa13073","05597","48010506","202603011222","2569",302
"2d85d6ec39840f8051854b028fa13073","05703","48080401","202603011222","2569",92
"2d85d6ec39840f8051854b028fa13073","03247","32120504","202603011225","2569",150
"2d85d6ec39840f8051854b028fa13073","04652","41220103","202602280827","2569",440
"2d85d6ec39840f8051854b028fa13073","09823","93040304","202603010626","2569",2
"2d85d6ec39840f8051854b028fa13073","14093","86070709","202602181507","2569",258
"2d85d6ec39840f8051854b028fa13073","10977","36090101","202603010731","2569",145
"2d85d6ec39840f8051854b028fa13073","04689","42030207","202602282113","2569",111
"2d85d6ec39840f8051854b028fa13073","06844","58020307","202603010737","2569",78
"2d85d6ec39840f8051854b028fa13073","07410","64040802","202603010428","2569",10
"2d85d6ec39840f8051854b028fa13073","07412","64040901","202603010428","2569",67
"2d85d6ec39840f8051854b028fa13073","10822","20060901","202603010539","2569",189
"2d85d6ec39840f8051854b028fa13073","10823","20070307","202603010539","2569",309
"2d85d6ec39840f8051854b028fa13073","07414","64041001","202603010428","2569",198
"2d85d6ec39840f8051854b028fa13073","10726","66010100","202603011059","2569",1278
"2d85d6ec39840f8051854b028fa13073","05702","48080402","202603011222","2569",163
"2d85d6ec39840f8051854b028fa13073","01541","16080503","202603011235","2569",155
"2d85d6ec39840f8051854b028fa13073","05701","48080310","202603011222","2569",340
"2d85d6ec39840f8051854b028fa13073","09832","93050601","202603010626","2569",16
"2d85d6ec39840f8051854b028fa13073","03882","35050312","202602281150","2569",573
"2d85d6ec39840f8051854b028fa13073","03884","35050503","202602281150","2569",342
"2d85d6ec39840f8051854b028fa13073","03883","35050404","202602281150","2569",536
"2d85d6ec39840f8051854b028fa13073","10749","95020100","202602281712","2569",79
"2d85d6ec39840f8051854b028fa13073","10985","37020108","202602281029","2569",227
"2d85d6ec39840f8051854b028fa13073","04690","42030303","202602282113","2569",187
"2d85d6ec39840f8051854b028fa13073","06296","53040504","202602281827","2569",589
"2d85d6ec39840f8051854b028fa13073","07944","70060203","202602280605","2569",111
"2d85d6ec39840f8051854b028fa13073","09645","91060303","202603010244","2569",24
"2d85d6ec39840f8051854b028fa13073","07734","67020201","202602281127","2569",6
"2d85d6ec39840f8051854b028fa13073","05985","50150804","202603010057","2569",1
"2d85d6ec39840f8051854b028fa13073","10863","26020304","202603010547","2569",603
"2d85d6ec39840f8051854b028fa13073","10962","34260303","202602282021","2569",2227
"2d85d6ec39840f8051854b028fa13073","10992","39030115","202603010629","2569",148
"2d85d6ec39840f8051854b028fa13073","03886","35060208","202602281150","2569",107
"2d85d6ec39840f8051854b028fa13073","01463","16020603","202603011235","2569",48
"2d85d6ec39840f8051854b028fa13073","01542","16090202","202603011235","2569",487
"2d85d6ec39840f8051854b028fa13073","02784","30190304","202602161458","2569",7
"2d85d6ec39840f8051854b028fa13073","02806","30210306","202602161458","2569",31
"2d85d6ec39840f8051854b028fa13073","11262","66070105","202603011059","2569",1011
"2d85d6ec39840f8051854b028fa13073","06318","53071003","202602281827","2569",759
"2d85d6ec39840f8051854b028fa13073","03060","31170403","202602281753","2569",123
"2d85d6ec39840f8051854b028fa13073","10976","36080101","202603010731","2569",831
"2d85d6ec39840f8051854b028fa13073","03250","32120707","202603011225","2569",147
"2d85d6ec39840f8051854b028fa13073","03251","32120801","202603011225","2569",29
"2d85d6ec39840f8051854b028fa13073","04694","42030501","202602282113","2569",108
"2d85d6ec39840f8051854b028fa13073","01540","16080403","202603011235","2569",28
"2d85d6ec39840f8051854b028fa13073","11218","60111708","202602281331","2569",3321
"2d85d6ec39840f8051854b028fa13073","11095","47081209","202603010000","2569",382
"2d85d6ec39840f8051854b028fa13073","09317","85010601","202603010640","2569",4
"2d85d6ec39840f8051854b028fa13073","05596","48010407","202603011222","2569",309
"2d85d6ec39840f8051854b028fa13073","10719","58010100","202603010737","2569",1244
"2d85d6ec39840f8051854b028fa13073","05983","50150701","202603010057","2569",4
"2d85d6ec39840f8051854b028fa13073","11433","95040101","202602281712","2569",13
"2d85d6ec39840f8051854b028fa13073","07280","63011107","202602281719","2569",1
"2d85d6ec39840f8051854b028fa13073","03889","35060304","202602281150","2569",521
"2d85d6ec39840f8051854b028fa13073","03887","35060211","202602281150","2569",1021
"2d85d6ec39840f8051854b028fa13073","11300","73040105","202602281108","2569",221
"2d85d6ec39840f8051854b028fa13073","10679","73010100","202602281108","2569",1631
"2d85d6ec39840f8051854b028fa13073","11406","91060108","202603010244","2569",1111
"2d85d6ec39840f8051854b028fa13073","03894","35060707","202602281150","2569",731
"2d85d6ec39840f8051854b028fa13073","04654","41220205","202602280827","2569",328
"2d85d6ec39840f8051854b028fa13073","04655","41220301","202602280827","2569",358
"2d85d6ec39840f8051854b028fa13073","02542","30010702","202602161458","2569",1
"2d85d6ec39840f8051854b028fa13073","11443","34070119","202602282021","2569",1909
"2d85d6ec39840f8051854b028fa13073","13875","34120508","202602282021","2569",26
"2d85d6ec39840f8051854b028fa13073","13876","34150404","202602282021","2569",125
"2d85d6ec39840f8051854b028fa13073","11203","58020101","202603010737","2569",12
"2d85d6ec39840f8051854b028fa13073","11205","58040201","202603010737","2569",185
"2d85d6ec39840f8051854b028fa13073","11204","58030101","202603010737","2569",536
"2d85d6ec39840f8051854b028fa13073","10978","36100104","202603010731","2569",711
"2d85d6ec39840f8051854b028fa13073","11457","67040601","202602281127","2569",1641
"2d85d6ec39840f8051854b028fa13073","11207","58060203","202603010737","2569",81
"2d85d6ec39840f8051854b028fa13073","07411","64040804","202603010428","2569",18
"2d85d6ec39840f8051854b028fa13073","10979","36110103","202603010731","2569",84
"2d85d6ec39840f8051854b028fa13073","10961","34250410","202602282021","2569",128
"2d85d6ec39840f8051854b028fa13073","07413","64040905","202603010428","2569",25
"2d85d6ec39840f8051854b028fa13073","07415","64041102","202603010428","2569",60
"2d85d6ec39840f8051854b028fa13073","05704","48080409","202603011222","2569",377
"2d85d6ec39840f8051854b028fa13073","11383","86070107","202602181507","2569",136
"2d85d6ec39840f8051854b028fa13073","03895","35060805","202602281150","2569",17
"2d85d6ec39840f8051854b028fa13073","11397","90130110","202602280252","2569",359
"2d85d6ec39840f8051854b028fa13073","01544","16090301","202603011235","2569",25
"2d85d6ec39840f8051854b028fa13073","05710","48080705","202603011222","2569",180
"2d85d6ec39840f8051854b028fa13073","01543","16090303","202603011235","2569",26
"2d85d6ec39840f8051854b028fa13073","05709","48080704","202603011222","2569",235
"2d85d6ec39840f8051854b028fa13073","01545","16090403","202603011235","2569",94
"2d85d6ec39840f8051854b028fa13073","11286","71100106","202603010506","2569",82
"2d85d6ec39840f8051854b028fa13073","05715","48080905","202603011222","2569",272
"2d85d6ec39840f8051854b028fa13073","11183","55130102","202603010451","2569",123
"2d85d6ec39840f8051854b028fa13073","09404","86041304","202602181507","2569",6
"2d85d6ec39840f8051854b028fa13073","11440","96080107","202602280235","2569",572
"2d85d6ec39840f8051854b028fa13073","11439","96070102","202602280235","2569",3
"2d85d6ec39840f8051854b028fa13073","03891","35060504","202602281150","2569",828
"2d85d6ec39840f8051854b028fa13073","11170","54060103","202602281459","2569",680
"2d85d6ec39840f8051854b028fa13073","11219","60120101","202602281331","2569",168
"2d85d6ec39840f8051854b028fa13073","03252","32120901","202603011225","2569",150
"2d85d6ec39840f8051854b028fa13073","11257","65090602","202602282157","2569",153
"2d85d6ec39840f8051854b028fa13073","04696","42030603","202602282113","2569",4
"2d85d6ec39840f8051854b028fa13073","04697","42030606","202602282113","2569",115
"2d85d6ec39840f8051854b028fa13073","11455","65020107","202602282157","2569",99
"2d85d6ec39840f8051854b028fa13073","04656","41220302","202602280827","2569",126
"2d85d6ec39840f8051854b028fa13073","28785","11060112","202603010326","2569",13
"2d85d6ec39840f8051854b028fa13073","07952","70060708","202602280605","2569",50
"2d85d6ec39840f8051854b028fa13073","28786","91070101","202603010244","2569",30
"2d85d6ec39840f8051854b028fa13073","14071","67070508","202602281127","2569",4
"2d85d6ec39840f8051854b028fa13073","11356","83030101","202603010923","2569",178
"2d85d6ec39840f8051854b028fa13073","04894","38080204","202603010730","2569",806
"2d85d6ec39840f8051854b028fa13073","11399","90140101","202602280252","2569",107
"2d85d6ec39840f8051854b028fa13073","11400","90150205","202602280252","2569",289
"2d85d6ec39840f8051854b028fa13073","04900","43150201","202603010507","2569",214
"2d85d6ec39840f8051854b028fa13073","07417","64050205","202603010428","2569",50
"2d85d6ec39840f8051854b028fa13073","05618","48020207","202603011222","2569",231
"2d85d6ec39840f8051854b028fa13073","11285","71090108","202603010506","2569",55
"2d85d6ec39840f8051854b028fa13073","10938","33130104","202602281538","2569",491
"2d85d6ec39840f8051854b028fa13073","10939","33140104","202602281538","2569",5896
"2d85d6ec39840f8051854b028fa13073","01464","16020701","202603011235","2569",129
"2d85d6ec39840f8051854b028fa13073","10940","33160104","202602281538","2569",573
"2d85d6ec39840f8051854b028fa13073","10941","33150105","202602281538","2569",670
"2d85d6ec39840f8051854b028fa13073","05705","48080504","202603011222","2569",312
"2d85d6ec39840f8051854b028fa13073","05711","48080707","202603011222","2569",211
"2d85d6ec39840f8051854b028fa13073","01548","16100403","202603011235","2569",560
"2d85d6ec39840f8051854b028fa13073","01549","16100402","202603011235","2569",108
"2d85d6ec39840f8051854b028fa13073","01024","12030308","202603011031","2569",1
"2d85d6ec39840f8051854b028fa13073","11233","62060111","202602281802","2569",739
"2d85d6ec39840f8051854b028fa13073","06311","53070401","202602281827","2569",906
"2d85d6ec39840f8051854b028fa13073","03890","35060404","202602281150","2569",40
"2d85d6ec39840f8051854b028fa13073","03897","35060906","202602281150","2569",205
"2d85d6ec39840f8051854b028fa13073","03254","32130201","202603011225","2569",3
"2d85d6ec39840f8051854b028fa13073","03253","32121001","202603011225","2569",150
"2d85d6ec39840f8051854b028fa13073","13881","34330209","202602282021","2569",39
"2d85d6ec39840f8051854b028fa13073","14251","34012006","202602282021","2569",128
"2d85d6ec39840f8051854b028fa13073","03056","31160703","202602281753","2569",30
"2d85d6ec39840f8051854b028fa13073","01465","16020804","202603011235","2569",181
"2d85d6ec39840f8051854b028fa13073","11093","47060113","202603010000","2569",2230
"2d85d6ec39840f8051854b028fa13073","11094","47070205","202603010000","2569",83
"2d85d6ec39840f8051854b028fa13073","11272","67110301","202602281127","2569",51
"2d85d6ec39840f8051854b028fa13073","04891","38070303","202603010730","2569",143
"2d85d6ec39840f8051854b028fa13073","02170","23050304","202603010112","2569",3
"2d85d6ec39840f8051854b028fa13073","04901","43150303","202603010507","2569",901
"2d85d6ec39840f8051854b028fa13073","04902","43150310","202603010507","2569",186
"2d85d6ec39840f8051854b028fa13073","10807","19020308","202603010910","2569",1218
"2d85d6ec39840f8051854b028fa13073","07281","63011108","202602281719","2569",8
"2d85d6ec39840f8051854b028fa13073","11453","55051406","202603010451","2569",61
"2d85d6ec39840f8051854b028fa13073","10942","33170311","202602281538","2569",6229
"2d85d6ec39840f8051854b028fa13073","10943","33180304","202602281538","2569",2407
"2d85d6ec39840f8051854b028fa13073","05621","48020408","202603011222","2569",30
"2d85d6ec39840f8051854b028fa13073","03406","33080901","202602281538","2569",1
"2d85d6ec39840f8051854b028fa13073","28014","33200102","202602281538","2569",1082
"2d85d6ec39840f8051854b028fa13073","07416","64050805","202603010428","2569",317
"2d85d6ec39840f8051854b028fa13073","07418","64050302","202603010428","2569",465
"2d85d6ec39840f8051854b028fa13073","23125","33190107","202602281538","2569",571
"2d85d6ec39840f8051854b028fa13073","06310","53070302","202602281827","2569",288
"2d85d6ec39840f8051854b028fa13073","03899","35061008","202602281150","2569",580
"2d85d6ec39840f8051854b028fa13073","03901","35070103","202602281150","2569",753
"2d85d6ec39840f8051854b028fa13073","03064","31180509","202602281753","2569",13
"2d85d6ec39840f8051854b028fa13073","03067","31190202","202602281753","2569",1
"2d85d6ec39840f8051854b028fa13073","04698","42030601","202602282113","2569",81
"2d85d6ec39840f8051854b028fa13073","04714","42050506","202602282113","2569",1
"2d85d6ec39840f8051854b028fa13073","04713","42050401","202602282113","2569",29
"2d85d6ec39840f8051854b028fa13073","28017","46160109","202602280329","2569",847
"2d85d6ec39840f8051854b028fa13073","11449","46050113","202602280329","2569",12233
"2d85d6ec39840f8051854b028fa13073","07420","64050406","202603010428","2569",21
"2d85d6ec39840f8051854b028fa13073","07423","64050511","202603010428","2569",180
"2d85d6ec39840f8051854b028fa13073","07421","64050414","202603010428","2569",19
"2d85d6ec39840f8051854b028fa13073","07422","64050506","202603010428","2569",336
"2d85d6ec39840f8051854b028fa13073","05620","48020311","202603011222","2569",184
"2d85d6ec39840f8051854b028fa13073","01466","16020809","202603011235","2569",84
"2d85d6ec39840f8051854b028fa13073","05712","48080802","202603011222","2569",86
"2d85d6ec39840f8051854b028fa13073","01551","16100505","202603011235","2569",37
"2d85d6ec39840f8051854b028fa13073","05717","48090203","202603011222","2569",794
"2d85d6ec39840f8051854b028fa13073","01550","16100503","202603011235","2569",70
"2d85d6ec39840f8051854b028fa13073","11401","90160101","202602280252","2569",281
"2d85d6ec39840f8051854b028fa13073","23839","30011706","202602161458","2569",15
"2d85d6ec39840f8051854b028fa13073","09837","93051101","202603010626","2569",12
"2d85d6ec39840f8051854b028fa13073","28016","33220105","202602281538","2569",46
"2d85d6ec39840f8051854b028fa13073","11258","66020101","202603011059","2569",126
"2d85d6ec39840f8051854b028fa13073","01025","12030405","202603011031","2569",5
"2d85d6ec39840f8051854b028fa13073","04657","41220409","202602280827","2569",719
"2d85d6ec39840f8051854b028fa13073","03255","32130304","202603011225","2569",13
"2d85d6ec39840f8051854b028fa13073","04659","41230201","202602280827","2569",1340
"2d85d6ec39840f8051854b028fa13073","04658","41230101","202602280827","2569",1166
"2d85d6ec39840f8051854b028fa13073","03256","32130308","202603011225","2569",14
"2d85d6ec39840f8051854b028fa13073","03257","32130403","202603011225","2569",4
"2d85d6ec39840f8051854b028fa13073","04661","41240106","202602280827","2569",1016
"2d85d6ec39840f8051854b028fa13073","04660","41230304","202602280827","2569",1522
"2d85d6ec39840f8051854b028fa13073","09256","84130406","202602280412","2569",3
"2d85d6ec39840f8051854b028fa13073","13874","34100609","202602282021","2569",24
"2d85d6ec39840f8051854b028fa13073","13873","34100310","202602282021","2569",7
"2d85d6ec39840f8051854b028fa13073","03621","34072005","202602282021","2569",1
"2d85d6ec39840f8051854b028fa13073","02255","24060210","202602281731","2569",1
"2d85d6ec39840f8051854b028fa13073","02196","24011502","202602281731","2569",14
"2d85d6ec39840f8051854b028fa13073","03900","35070404","202602281150","2569",305
"2d85d6ec39840f8051854b028fa13073","11432","95030107","202602281712","2569",21
"2d85d6ec39840f8051854b028fa13073","04844","38030316","202603010730","2569",97
"2d85d6ec39840f8051854b028fa13073","03978","36041004","202603010731","2569",3
"2d85d6ec39840f8051854b028fa13073","08724","77050307","202603010556","2569",11
"2d85d6ec39840f8051854b028fa13073","04895","38080301","202603010730","2569",109
"2d85d6ec39840f8051854b028fa13073","09319","85010703","202603010640","2569",7
"2d85d6ec39840f8051854b028fa13073","09833","93050806","202603010626","2569",19
"2d85d6ec39840f8051854b028fa13073","10837","22030805","202603010556","2569",22
"2d85d6ec39840f8051854b028fa13073","04903","43150409","202603010507","2569",389
"2d85d6ec39840f8051854b028fa13073","04907","43160205","202603010507","2569",192
"2d85d6ec39840f8051854b028fa13073","07424","64050606","202603010428","2569",92
"2d85d6ec39840f8051854b028fa13073","07426","64050902","202603010428","2569",816
"2d85d6ec39840f8051854b028fa13073","01467","16020901","202603011235","2569",88
"2d85d6ec39840f8051854b028fa13073","05716","48090201","202603011222","2569",829
"2d85d6ec39840f8051854b028fa13073","01552","16100601","202603011235","2569",31
"2d85d6ec39840f8051854b028fa13073","10808","19030100","202603010910","2569",180
"2d85d6ec39840f8051854b028fa13073","10810","19050606","202603010910","2569",6
"2d85d6ec39840f8051854b028fa13073","10811","19060104","202603010910","2569",246
"2d85d6ec39840f8051854b028fa13073","09412","86060301","202602181507","2569",77
"2d85d6ec39840f8051854b028fa13073","05617","48011507","202603011222","2569",179
"2d85d6ec39840f8051854b028fa13073","01554","16110310","202603011235","2569",30
"2d85d6ec39840f8051854b028fa13073","03903","35070210","202602281150","2569",354
"2d85d6ec39840f8051854b028fa13073","10968","35070401","202602281150","2569",2939
"2d85d6ec39840f8051854b028fa13073","11206","58050109","202603010737","2569",162
"2d85d6ec39840f8051854b028fa13073","01030","12040207","202603011031","2569",10
"2d85d6ec39840f8051854b028fa13073","01032","12040803","202603011031","2569",8
"2d85d6ec39840f8051854b028fa13073","03896","35060807","202602281150","2569",578
"2d85d6ec39840f8051854b028fa13073","10825","20090301","202603010539","2569",15
"2d85d6ec39840f8051854b028fa13073","10824","20080101","202603010539","2569",16
"2d85d6ec39840f8051854b028fa13073","05718","48090213","202603011222","2569",747
"2d85d6ec39840f8051854b028fa13073","77766","40011402","202603011301","2569",169
"2d85d6ec39840f8051854b028fa13073","03070","31190502","202602281753","2569",3
"2d85d6ec39840f8051854b028fa13073","03258","32130406","202603011225","2569",7
"2d85d6ec39840f8051854b028fa13073","06319","53071104","202602281827","2569",950
"2d85d6ec39840f8051854b028fa13073","11461","95050106","202602281712","2569",669
"2d85d6ec39840f8051854b028fa13073","07947","70060405","202602280605","2569",51
"2d85d6ec39840f8051854b028fa13073","07951","70060706","202602280605","2569",158
"2d85d6ec39840f8051854b028fa13073","01246","14061604","202602280606","2569",6
"2d85d6ec39840f8051854b028fa13073","23034","11030108","202603010326","2569",3
"2d85d6ec39840f8051854b028fa13073","05981","50150501","202603010057","2569",1
"2d85d6ec39840f8051854b028fa13073","09572","90111801","202602280252","2569",1
"2d85d6ec39840f8051854b028fa13073","02169","23050302","202603010112","2569",2
"2d85d6ec39840f8051854b028fa13073","01394","15040901","202603010746","2569",25
"2d85d6ec39840f8051854b028fa13073","21356","43140103","202603010507","2569",54
"2d85d6ec39840f8051854b028fa13073","11414","93020401","202603010626","2569",32
"2d85d6ec39840f8051854b028fa13073","99841","22020100","202603010556","2569",1705
"2d85d6ec39840f8051854b028fa13073","06880","58060201","202603010737","2569",10
"2d85d6ec39840f8051854b028fa13073","06881","58060301","202603010737","2569",15
"2d85d6ec39840f8051854b028fa13073","11208","58070101","202603010737","2569",49
"2d85d6ec39840f8051854b028fa13073","04662","41240204","202602280827","2569",1271
"2d85d6ec39840f8051854b028fa13073","04664","41240411","202602280827","2569",94
"2d85d6ec39840f8051854b028fa13073","03263","32140201","202603011225","2569",8
"2d85d6ec39840f8051854b028fa13073","05714","48080903","202603011222","2569",145
"2d85d6ec39840f8051854b028fa13073","05713","48080801","202603011222","2569",131
"2d85d6ec39840f8051854b028fa13073","01555","16110404","202603011235","2569",2
"2d85d6ec39840f8051854b028fa13073","13880","34320208","202602282021","2569",7
"2d85d6ec39840f8051854b028fa13073","13878","34210502","202602282021","2569",43
"2d85d6ec39840f8051854b028fa13073","14258","34051308","202602282021","2569",842
"2d85d6ec39840f8051854b028fa13073","14261","34250608","202602282021","2569",60
"2d85d6ec39840f8051854b028fa13073","03626","34080203","202602282021","2569",53
"2d85d6ec39840f8051854b028fa13073","14264","34220701","202602282021","2569",20
"2d85d6ec39840f8051854b028fa13073","02167","23040503","202603010112","2569",37
"2d85d6ec39840f8051854b028fa13073","01392","15040702","202603010746","2569",1
"2d85d6ec39840f8051854b028fa13073","07430","64051105","202603010428","2569",579
"2d85d6ec39840f8051854b028fa13073","07428","64051003","202603010428","2569",789
"2d85d6ec39840f8051854b028fa13073","07427","64051001","202603010428","2569",540
"2d85d6ec39840f8051854b028fa13073","03904","35070304","202602281150","2569",369
"2d85d6ec39840f8051854b028fa13073","07284","63011401","202602281719","2569",8
"2d85d6ec39840f8051854b028fa13073","06320","53080202","202602281827","2569",84
"2d85d6ec39840f8051854b028fa13073","03260","32130604","202603011225","2569",14
"2d85d6ec39840f8051854b028fa13073","21294","90070105","202602280252","2569",17
"2d85d6ec39840f8051854b028fa13073","09325","85020405","202603010640","2569",28
"2d85d6ec39840f8051854b028fa13073","09836","93051008","202603010626","2569",8
"2d85d6ec39840f8051854b028fa13073","11434","95060101","202602281712","2569",273
"2d85d6ec39840f8051854b028fa13073","04909","43160402","202603010507","2569",100
"2d85d6ec39840f8051854b028fa13073","28811","43150111","202603010507","2569",1097
"2d85d6ec39840f8051854b028fa13073","07425","64050705","202603010428","2569",1282
"2d85d6ec39840f8051854b028fa13073","05622","48020501","202603011222","2569",159
"2d85d6ec39840f8051854b028fa13073","09411","86060204","202602181507","2569",12
"2d85d6ec39840f8051854b028fa13073","01556","16110412","202603011235","2569",43
"2d85d6ec39840f8051854b028fa13073","01557","16110502","202603011235","2569",19
"2d85d6ec39840f8051854b028fa13073","01035","12040408","202603011031","2569",5
"2d85d6ec39840f8051854b028fa13073","01036","12040507","202603011031","2569",13
"2d85d6ec39840f8051854b028fa13073","06322","53080303","202602281827","2569",62
"2d85d6ec39840f8051854b028fa13073","07431","64051109","202603010428","2569",4156
"2d85d6ec39840f8051854b028fa13073","03905","35070309","202602281150","2569",399
"2d85d6ec39840f8051854b028fa13073","06323","53080406","202602281827","2569",318
"2d85d6ec39840f8051854b028fa13073","06327","53080605","202602281827","2569",3
"2d85d6ec39840f8051854b028fa13073","04663","41240301","202602280827","2569",557
"2d85d6ec39840f8051854b028fa13073","03266","32150106","202603011225","2569",230
"2d85d6ec39840f8051854b028fa13073","11013","41020603","202602280827","2569",2673
"2d85d6ec39840f8051854b028fa13073","03267","32150205","202603011225","2569",69
"2d85d6ec39840f8051854b028fa13073","03629","34080413","202602282021","2569",9
"2d85d6ec39840f8051854b028fa13073","03630","34080509","202602282021","2569",23
"2d85d6ec39840f8051854b028fa13073","03631","34080505","202602282021","2569",113
"2d85d6ec39840f8051854b028fa13073","03628","34080405","202602282021","2569",22
"2d85d6ec39840f8051854b028fa13073","14266","34220213","202602282021","2569",13
"2d85d6ec39840f8051854b028fa13073","11803","65040401","202602282157","2569",1
"2d85d6ec39840f8051854b028fa13073","12006","96070402","202602280235","2569",3
"2d85d6ec39840f8051854b028fa13073","77610","65010100","202602282157","2569",29
"2d85d6ec39840f8051854b028fa13073","77750","65011703","202602282157","2569",1
"2d85d6ec39840f8051854b028fa13073","01468","16030203","202603011235","2569",3
"2d85d6ec39840f8051854b028fa13073","05719","48090304","202603011222","2569",623
"2d85d6ec39840f8051854b028fa13073","04910","43160503","202603010507","2569",11
"2d85d6ec39840f8051854b028fa13073","10698","26010106","202603010547","2569",311
"2d85d6ec39840f8051854b028fa13073","08723","77050305","202603010556","2569",29
"2d85d6ec39840f8051854b028fa13073","77477","38060111","202603010730","2569",12
"2d85d6ec39840f8051854b028fa13073","10694","18010200","202603010920","2569",1939
"2d85d6ec39840f8051854b028fa13073","04827","38020702","202603010730","2569",203
"2d85d6ec39840f8051854b028fa13073","09324","85020402","202603010640","2569",14
"2d85d6ec39840f8051854b028fa13073","06325","53080506","202602281827","2569",7
"2d85d6ec39840f8051854b028fa13073","08510","75010204","202603010349","2569",3
"2d85d6ec39840f8051854b028fa13073","07432","64060101","202603010428","2569",170
"2d85d6ec39840f8051854b028fa13073","07433","64060203","202603010428","2569",179
"2d85d6ec39840f8051854b028fa13073","07434","64060310","202603010428","2569",175
"2d85d6ec39840f8051854b028fa13073","07435","64060403","202603010428","2569",209
"2d85d6ec39840f8051854b028fa13073","07436","64060506","202603010428","2569",164
"2d85d6ec39840f8051854b028fa13073","09414","86060408","202602181507","2569",51
"2d85d6ec39840f8051854b028fa13073","03911","35080509","202602281150","2569",36
"2d85d6ec39840f8051854b028fa13073","01046","12050303","202603011031","2569",7
"2d85d6ec39840f8051854b028fa13073","01045","12050204","202603011031","2569",17
"2d85d6ec39840f8051854b028fa13073","14138","84170603","202602280412","2569",280
"2d85d6ec39840f8051854b028fa13073","03080","31210401","202602281753","2569",4
"2d85d6ec39840f8051854b028fa13073","03078","31210211","202602281753","2569",1
"2d85d6ec39840f8051854b028fa13073","02205","24020809","202602281731","2569",6
"2d85d6ec39840f8051854b028fa13073","10697","24010100","202602281731","2569",2134
"2d85d6ec39840f8051854b028fa13073","04710","42050202","202602282113","2569",10
"2d85d6ec39840f8051854b028fa13073","04711","42050206","202602282113","2569",8
"2d85d6ec39840f8051854b028fa13073","01558","16110603","202603011235","2569",1
"2d85d6ec39840f8051854b028fa13073","11096","47090111","202603010000","2569",1711
"2d85d6ec39840f8051854b028fa13073","09323","85020203","202603010640","2569",20
"2d85d6ec39840f8051854b028fa13073","11347","82020102","202603010032","2569",39
"2d85d6ec39840f8051854b028fa13073","10986","37030308","202602281029","2569",1842
"2d85d6ec39840f8051854b028fa13073","06858","58030701","202603010737","2569",1
"2d85d6ec39840f8051854b028fa13073","10747","93010100","202603010626","2569",524
"2d85d6ec39840f8051854b028fa13073","07438","64060604","202603010428","2569",139
"2d85d6ec39840f8051854b028fa13073","03906","35080204","202602281150","2569",47
"2d85d6ec39840f8051854b028fa13073","07437","64060603","202603010428","2569",244
"2d85d6ec39840f8051854b028fa13073","11259","66030102","202603011059","2569",416
"2d85d6ec39840f8051854b028fa13073","07439","64060704","202603010428","2569",113
"2d85d6ec39840f8051854b028fa13073","02437","27010301","202603011226","2569",51
"2d85d6ec39840f8051854b028fa13073","10690","16010601","202603011235","2569",8394
"2d85d6ec39840f8051854b028fa13073","01469","16030303","202603011235","2569",3
"2d85d6ec39840f8051854b028fa13073","05720","48090308","202603011222","2569",470
"2d85d6ec39840f8051854b028fa13073","05723","48090502","202603011222","2569",1185
"2d85d6ec39840f8051854b028fa13073","10790","16030105","202603011235","2569",499
"2d85d6ec39840f8051854b028fa13073","10789","16020106","202603011235","2569",620
"2d85d6ec39840f8051854b028fa13073","05722","48090501","202603011222","2569",1108
"2d85d6ec39840f8051854b028fa13073","05724","48090601","202603011222","2569",986
"2d85d6ec39840f8051854b028fa13073","10691","16061902","202603011235","2569",764
"2d85d6ec39840f8051854b028fa13073","06326","53080601","202602281827","2569",17
"2d85d6ec39840f8051854b028fa13073","04843","38030211","202603010730","2569",131
"2d85d6ec39840f8051854b028fa13073","01656","18060202","202603010920","2569",6
"2d85d6ec39840f8051854b028fa13073","10665","25010512","202603010954","2569",1206
"2d85d6ec39840f8051854b028fa13073","11441","96090106","202602280235","2569",808
"2d85d6ec39840f8051854b028fa13073","11428","94080104","202602281538","2569",5
"2d85d6ec39840f8051854b028fa13073","11429","94090802","202602281538","2569",2
"2d85d6ec39840f8051854b028fa13073","03075","31200303","202602281753","2569",1
"2d85d6ec39840f8051854b028fa13073","03269","32150308","202603011225","2569",9
"2d85d6ec39840f8051854b028fa13073","28015","33210205","202602281538","2569",1
"2d85d6ec39840f8051854b028fa13073","09335","85040206","202603010640","2569",1
"2d85d6ec39840f8051854b028fa13073","03268","32150301","202603011225","2569",5
"2d85d6ec39840f8051854b028fa13073","11014","41030105","202602280827","2569",4640
"2d85d6ec39840f8051854b028fa13073","11015","41041507","202602280827","2569",934
"2d85d6ec39840f8051854b028fa13073","11016","41040704","202602280827","2569",705
"2d85d6ec39840f8051854b028fa13073","77560","32010100","202603011225","2569",18
"2d85d6ec39840f8051854b028fa13073","03634","34090104","202602282021","2569",3
"2d85d6ec39840f8051854b028fa13073","03073","31200201","202602281753","2569",49
"2d85d6ec39840f8051854b028fa13073","07442","64060901","202603010428","2569",214
"2d85d6ec39840f8051854b028fa13073","07441","64060806","202603010428","2569",155
"2d85d6ec39840f8051854b028fa13073","07440","64060708","202603010428","2569",132
"2d85d6ec39840f8051854b028fa13073","09848","93060403","202603010626","2569",1
"2d85d6ec39840f8051854b028fa13073","09840","93051310","202603010626","2569",2
"2d85d6ec39840f8051854b028fa13073","04794","43011303","202603010507","2569",685
"2d85d6ec39840f8051854b028fa13073","10241","43070304","202603010507","2569",4
"2d85d6ec39840f8051854b028fa13073","05725","48100604","202603011222","2569",14
"2d85d6ec39840f8051854b028fa13073","03907","35080212","202602281150","2569",23
"2d85d6ec39840f8051854b028fa13073","01048","12050401","202603011031","2569",9
"2d85d6ec39840f8051854b028fa13073","01049","12050403","202603011031","2569",11
"2d85d6ec39840f8051854b028fa13073","01051","12050508","202603011031","2569",10
"2d85d6ec39840f8051854b028fa13073","06328","53080703","202602281827","2569",28
"2d85d6ec39840f8051854b028fa13073","06873","58050506","202603010737","2569",1
"2d85d6ec39840f8051854b028fa13073","07295","63020309","202602281719","2569",18
"2d85d6ec39840f8051854b028fa13073","14094","86070804","202602181507","2569",72
"2d85d6ec39840f8051854b028fa13073","06329","53080804","202602281827","2569",53
"2d85d6ec39840f8051854b028fa13073","11260","66050309","202603011059","2569",1008
"2d85d6ec39840f8051854b028fa13073","06321","53080207","202602281827","2569",66
"2d85d6ec39840f8051854b028fa13073","09255","84130301","202602280412","2569",24
"2d85d6ec39840f8051854b028fa13073","77428","84170103","202602280412","2569",10
"2d85d6ec39840f8051854b028fa13073","77504","84010100","202602280412","2569",6
"2d85d6ec39840f8051854b028fa13073","77565","84010202","202602280412","2569",1
"2d85d6ec39840f8051854b028fa13073","77567","84081006","202602280412","2569",7
"2d85d6ec39840f8051854b028fa13073","77613","84120100","202602280412","2569",1
"2d85d6ec39840f8051854b028fa13073","15102","84010200","202602280412","2569",16
"2d85d6ec39840f8051854b028fa13073","09257","84140205","202602280412","2569",3
"2d85d6ec39840f8051854b028fa13073","09258","84140209","202602280412","2569",2
"2d85d6ec39840f8051854b028fa13073","09259","84140303","202602280412","2569",4
"2d85d6ec39840f8051854b028fa13073","09260","84140401","202602280412","2569",3
"2d85d6ec39840f8051854b028fa13073","09262","84140502","202602280412","2569",5
"2d85d6ec39840f8051854b028fa13073","09274","84160202","202602280412","2569",1
"2d85d6ec39840f8051854b028fa13073","09306","84180402","202602280412","2569",2
"2d85d6ec39840f8051854b028fa13073","03088","31230511","202602281753","2569",31
"2d85d6ec39840f8051854b028fa13073","10792","16050207","202603011235","2569",85
"2d85d6ec39840f8051854b028fa13073","05727","48100206","202603011222","2569",9
"2d85d6ec39840f8051854b028fa13073","28789","46180111","202602280329","2569",1143
"2d85d6ec39840f8051854b028fa13073","11097","47100102","202603010000","2569",728
"2d85d6ec39840f8051854b028fa13073","11098","47110103","202603010000","2569",1877
"2d85d6ec39840f8051854b028fa13073","04905","43150505","202603010507","2569",136
"2d85d6ec39840f8051854b028fa13073","10660","14010104","202602280606","2569",1703
"2d85d6ec39840f8051854b028fa13073","01399","15041306","202603010746","2569",3
"2d85d6ec39840f8051854b028fa13073","01396","15041007","202603010746","2569",30
"2d85d6ec39840f8051854b028fa13073","04906","43160111","202603010507","2569",212
"2d85d6ec39840f8051854b028fa13073","07444","64061009","202603010428","2569",161
"2d85d6ec39840f8051854b028fa13073","07443","64061003","202603010428","2569",170
"2d85d6ec39840f8051854b028fa13073","05980","50150402","202603010057","2569",1
"2d85d6ec39840f8051854b028fa13073","13806","95070105","202602281712","2569",256
"2d85d6ec39840f8051854b028fa13073","01053","12050702","202603011031","2569",14
"2d85d6ec39840f8051854b028fa13073","01054","12050706","202603011031","2569",27
"2d85d6ec39840f8051854b028fa13073","01055","12060203","202603011031","2569",8
"2d85d6ec39840f8051854b028fa13073","01056","12060206","202603011031","2569",14
"2d85d6ec39840f8051854b028fa13073","04893","38070506","202603010730","2569",160
"2d85d6ec39840f8051854b028fa13073","11234","62070106","202602281802","2569",730
"2d85d6ec39840f8051854b028fa13073","11235","62080101","202602281802","2569",679
"2d85d6ec39840f8051854b028fa13073","10683","92010100","202602281830","2569",8135
"2d85d6ec39840f8051854b028fa13073","11460","94070100","202602281538","2569",284
"2d85d6ec39840f8051854b028fa13073","05623","48020602","202603011222","2569",523
"2d85d6ec39840f8051854b028fa13073","05726","48100203","202603011222","2569",2
"2d85d6ec39840f8051854b028fa13073","14136","71040203","202603010506","2569",1
"2d85d6ec39840f8051854b028fa13073","10794","16080510","202603011235","2569",57
"2d85d6ec39840f8051854b028fa13073","07445","64061102","202603010428","2569",131
"2d85d6ec39840f8051854b028fa13073","05624","48020702","202603011222","2569",391
"2d85d6ec39840f8051854b028fa13073","77561","32010100","202603011225","2569",36
"2d85d6ec39840f8051854b028fa13073","11220","60130109","202602281331","2569",22
"2d85d6ec39840f8051854b028fa13073","10981","36130705","202603010731","2569",39
"2d85d6ec39840f8051854b028fa13073","03980","36041202","202603010731","2569",1
"2d85d6ec39840f8051854b028fa13073","11301","73050106","202602281108","2569",122
"2d85d6ec39840f8051854b028fa13073","03640","34090602","202602282021","2569",10
"2d85d6ec39840f8051854b028fa13073","03632","34080507","202602282021","2569",2
"2d85d6ec39840f8051854b028fa13073","14851","34050307","202602282021","2569",1109
"2d85d6ec39840f8051854b028fa13073","10901","31080103","202602281753","2569",93
"2d85d6ec39840f8051854b028fa13073","07446","64061201","202603010428","2569",101
"2d85d6ec39840f8051854b028fa13073","07451","64070403","202603010428","2569",49
"2d85d6ec39840f8051854b028fa13073","07449","64061306","202603010428","2569",110
"2d85d6ec39840f8051854b028fa13073","05728","48100302","202603011222","2569",43
"2d85d6ec39840f8051854b028fa13073","14333","60010609","202602281331","2569",390
"2d85d6ec39840f8051854b028fa13073","23911","11020507","202603010326","2569",139
"2d85d6ec39840f8051854b028fa13073","10778","14130101","202602280606","2569",170
"2d85d6ec39840f8051854b028fa13073","10779","14140605","202602280606","2569",290
"2d85d6ec39840f8051854b028fa13073","77490","90030107","202602280252","2569",11
"2d85d6ec39840f8051854b028fa13073","10787","15060204","202603010746","2569",230
"2d85d6ec39840f8051854b028fa13073","09308","84190212","202602280412","2569",1
"2d85d6ec39840f8051854b028fa13073","10742","84040101","202602280412","2569",901
"2d85d6ec39840f8051854b028fa13073","10681","84010202","202602280412","2569",1387
"2d85d6ec39840f8051854b028fa13073","77692","84150204","202602280412","2569",1
"2d85d6ec39840f8051854b028fa13073","11407","92020402","202602281830","2569",5
"2d85d6ec39840f8051854b028fa13073","09711","92040701","202602281830","2569",26
"2d85d6ec39840f8051854b028fa13073","10833","24100224","202602281731","2569",100
"2d85d6ec39840f8051854b028fa13073","10723","63060100","202602281719","2569",925
"2d85d6ec39840f8051854b028fa13073","01470","16030408","202603011235","2569",3
"2d85d6ec39840f8051854b028fa13073","01472","16030602","202603011235","2569",9
"2d85d6ec39840f8051854b028fa13073","05625","48020707","202603011222","2569",549
"2d85d6ec39840f8051854b028fa13073","01473","16030702","202603011235","2569",7
"2d85d6ec39840f8051854b028fa13073","06643","56080502","202602281735","2569",49
"2d85d6ec39840f8051854b028fa13073","10717","56010700","202602281735","2569",647
"2d85d6ec39840f8051854b028fa13073","10718","56030104","202602281735","2569",3275
"2d85d6ec39840f8051854b028fa13073","06637","56080103","202602281735","2569",220
"2d85d6ec39840f8051854b028fa13073","10722","63010100","202602281719","2569",461
"2d85d6ec39840f8051854b028fa13073","06330","53090101","202602281827","2569",104
"2d85d6ec39840f8051854b028fa13073","09767","92090504","202602281830","2569",8
"2d85d6ec39840f8051854b028fa13073","11184","56020107","202602281735","2569",2127
"2d85d6ec39840f8051854b028fa13073","11185","56040201","202602281735","2569",409
"2d85d6ec39840f8051854b028fa13073","11186","56050208","202602281735","2569",3960
"2d85d6ec39840f8051854b028fa13073","11408","92030106","202602281830","2569",1
"2d85d6ec39840f8051854b028fa13073","13818","96120102","202602280235","2569",1030
"2d85d6ec39840f8051854b028fa13073","11188","56070209","202602281735","2569",1449
"2d85d6ec39840f8051854b028fa13073","09716","92041101","202602281830","2569",61
"2d85d6ec39840f8051854b028fa13073","14099","92011406","202602281830","2569",88
"2d85d6ec39840f8051854b028fa13073","40744","56080200","202602281735","2569",72
"2d85d6ec39840f8051854b028fa13073","40745","56090100","202602281735","2569",653
"2d85d6ec39840f8051854b028fa13073","06601","56040302","202602281735","2569",277
"2d85d6ec39840f8051854b028fa13073","01057","12060305","202603011031","2569",314
"2d85d6ec39840f8051854b028fa13073","03270","32150404","202603011225","2569",5
"2d85d6ec39840f8051854b028fa13073","03273","32160205","202603011225","2569",8
"2d85d6ec39840f8051854b028fa13073","03271","32150501","202603011225","2569",3
"2d85d6ec39840f8051854b028fa13073","03272","32160101","202603011225","2569",171
"2d85d6ec39840f8051854b028fa13073","10793","16070109","202603011235","2569",453
"2d85d6ec39840f8051854b028fa13073","08727","77050501","202603010556","2569",38
"2d85d6ec39840f8051854b028fa13073","11018","41060106","202602280827","2569",7342
"2d85d6ec39840f8051854b028fa13073","11017","41050102","202602280827","2569",2647
"2d85d6ec39840f8051854b028fa13073","03908","35080207","202602281150","2569",55
"2d85d6ec39840f8051854b028fa13073","07452","64070501","202603010428","2569",175
"2d85d6ec39840f8051854b028fa13073","11444","35080301","202602281150","2569",655
"2d85d6ec39840f8051854b028fa13073","10795","16090102","202603011235","2569",528
"2d85d6ec39840f8051854b028fa13073","10850","24020901","202602281731","2569",104
"2d85d6ec39840f8051854b028fa13073","01058","12060404","202603011031","2569",5
"2d85d6ec39840f8051854b028fa13073","01068","12061010","202603011031","2569",32
"2d85d6ec39840f8051854b028fa13073","03915","35081011","202602281150","2569",21
"2d85d6ec39840f8051854b028fa13073","10043","95030508","202602281712","2569",17
"2d85d6ec39840f8051854b028fa13073","03986","36050420","202603010731","2569",1
"2d85d6ec39840f8051854b028fa13073","01095","13020413","202602280734","2569",9
"2d85d6ec39840f8051854b028fa13073","03274","32160302","202603011225","2569",4
"2d85d6ec39840f8051854b028fa13073","03275","32160407","202603011225","2569",10
"2d85d6ec39840f8051854b028fa13073","21343","34010821","202602282021","2569",92
"2d85d6ec39840f8051854b028fa13073","07454","64070703","202603010428","2569",113
"2d85d6ec39840f8051854b028fa13073","11357","84020709","202602280412","2569",417
"2d85d6ec39840f8051854b028fa13073","11358","84030105","202602280412","2569",144
"2d85d6ec39840f8051854b028fa13073","11359","84050104","202602280412","2569",168
"2d85d6ec39840f8051854b028fa13073","11360","84060101","202602280412","2569",70
"2d85d6ec39840f8051854b028fa13073","11361","84070110","202602280412","2569",156
"2d85d6ec39840f8051854b028fa13073","09413","86060401","202602181507","2569",33
"2d85d6ec39840f8051854b028fa13073","09415","86070202","202602181507","2569",156
"2d85d6ec39840f8051854b028fa13073","28791","46150104","202602280329","2569",1284
"2d85d6ec39840f8051854b028fa13073","28790","46170206","202602280329","2569",178
"2d85d6ec39840f8051854b028fa13073","10780","14150106","202602280606","2569",8
"2d85d6ec39840f8051854b028fa13073","09514","90070202","202602280252","2569",1
"2d85d6ec39840f8051854b028fa13073","09516","90070406","202602280252","2569",18
"2d85d6ec39840f8051854b028fa13073","09518","90070504","202602280252","2569",1
"2d85d6ec39840f8051854b028fa13073","11019","41070111","202602280827","2569",1360
"2d85d6ec39840f8051854b028fa13073","11021","41090208","202602280827","2569",787
"2d85d6ec39840f8051854b028fa13073","11020","41080105","202602280827","2569",87
"2d85d6ec39840f8051854b028fa13073","06331","53090103","202602281827","2569",138
"2d85d6ec39840f8051854b028fa13073","10851","24030402","202602281731","2569",45
"2d85d6ec39840f8051854b028fa13073","21984","34011200","202602282021","2569",283
"2d85d6ec39840f8051854b028fa13073","23161","34010801","202602282021","2569",185
"2d85d6ec39840f8051854b028fa13073","01060","12060603","202603011031","2569",5
"2d85d6ec39840f8051854b028fa13073","10686","12010406","202603011031","2569",1149
"2d85d6ec39840f8051854b028fa13073","11099","47130109","202603010000","2569",1508
"2d85d6ec39840f8051854b028fa13073","11362","84080807","202602280412","2569",16
"2d85d6ec39840f8051854b028fa13073","11116","49051412","202603011154","2569",606
"2d85d6ec39840f8051854b028fa13073","09851","93060502","202603010626","2569",1
"2d85d6ec39840f8051854b028fa13073","04795","43011603","202603010507","2569",30
"2d85d6ec39840f8051854b028fa13073","11413","92080102","202602281830","2569",10
"2d85d6ec39840f8051854b028fa13073","08601","76040205","202602281718","2569",169
"2d85d6ec39840f8051854b028fa13073","11309","76030111","202602281718","2569",100
"2d85d6ec39840f8051854b028fa13073","08669","76080402","202602281718","2569",120
"2d85d6ec39840f8051854b028fa13073","07946","70060302","202602280605","2569",25
"2d85d6ec39840f8051854b028fa13073","11041","38020308","202603010730","2569",787
"2d85d6ec39840f8051854b028fa13073","01406","15050503","202603010746","2569",5
"2d85d6ec39840f8051854b028fa13073","07456","64070806","202603010428","2569",47
"2d85d6ec39840f8051854b028fa13073","07453","64070602","202603010428","2569",199
"2d85d6ec39840f8051854b028fa13073","06332","53090214","202602281827","2569",4
"2d85d6ec39840f8051854b028fa13073","10735","75010100","202603010349","2569",104
"2d85d6ec39840f8051854b028fa13073","11402","91020206","202603010244","2569",234
"2d85d6ec39840f8051854b028fa13073","02173","23050705","202603010112","2569",17
"2d85d6ec39840f8051854b028fa13073","09326","85020502","202603010640","2569",6
"2d85d6ec39840f8051854b028fa13073","02159","23040202","202603010112","2569",2
"2d85d6ec39840f8051854b028fa13073","02165","23040404","202603010112","2569",1
"2d85d6ec39840f8051854b028fa13073","09327","85020504","202603010640","2569",15
"2d85d6ec39840f8051854b028fa13073","07455","64070804","202603010428","2569",76
"2d85d6ec39840f8051854b028fa13073","11022","41100611","202602280827","2569",2719
"2d85d6ec39840f8051854b028fa13073","11023","41170102","202602280827","2569",23640
"2d85d6ec39840f8051854b028fa13073","11302","73060801","202602281108","2569",181
"2d85d6ec39840f8051854b028fa13073","02174","23050706","202603010112","2569",39
"2d85d6ec39840f8051854b028fa13073","24822","85010501","202603010640","2569",3
"2d85d6ec39840f8051854b028fa13073","11261","66060102","202603011059","2569",599
"2d85d6ec39840f8051854b028fa13073","07457","64070901","202603010428","2569",28
"2d85d6ec39840f8051854b028fa13073","09421","86070703","202602181507","2569",109
"2d85d6ec39840f8051854b028fa13073","02442","27010406","202603011226","2569",10
"2d85d6ec39840f8051854b028fa13073","13884","35060509","202602281150","2569",77
"2d85d6ec39840f8051854b028fa13073","02531","27090110","202603011226","2569",1
"2d85d6ec39840f8051854b028fa13073","11238","63020107","202602281719","2569",873
"2d85d6ec39840f8051854b028fa13073","03276","32160502","202603011225","2569",6
"2d85d6ec39840f8051854b028fa13073","11024","41181001","202602280827","2569",772
"2d85d6ec39840f8051854b028fa13073","04709","42040504","202602282113","2569",2
"2d85d6ec39840f8051854b028fa13073","04716","42050609","202602282113","2569",1
"2d85d6ec39840f8051854b028fa13073","41436","83010608","202603010923","2569",20
"2d85d6ec39840f8051854b028fa13073","06152","52030402","202602280906","2569",6
"2d85d6ec39840f8051854b028fa13073","04719","42050804","202602282113","2569",7
"2d85d6ec39840f8051854b028fa13073","04715","42050613","202602282113","2569",22
"2d85d6ec39840f8051854b028fa13073","06148","52030105","202602280906","2569",3
"2d85d6ec39840f8051854b028fa13073","04717","42050702","202602282113","2569",5
"2d85d6ec39840f8051854b028fa13073","06144","52020304","202602280906","2569",3
"2d85d6ec39840f8051854b028fa13073","04721","42051003","202602282113","2569",58
"2d85d6ec39840f8051854b028fa13073","06182","52060504","202602280906","2569",4
"2d85d6ec39840f8051854b028fa13073","04722","42060202","202602282113","2569",4
"2d85d6ec39840f8051854b028fa13073","06196","52080208","202602280906","2569",4
"2d85d6ec39840f8051854b028fa13073","04726","42070205","202602282113","2569",48
"2d85d6ec39840f8051854b028fa13073","10832","21060101","202602280521","2569",87
"2d85d6ec39840f8051854b028fa13073","06197","52080205","202602280906","2569",2
"2d85d6ec39840f8051854b028fa13073","22734","21070202","202602280521","2569",742
"2d85d6ec39840f8051854b028fa13073","04731","42070601","202602282113","2569",59
"2d85d6ec39840f8051854b028fa13073","08602","76040303","202602281718","2569",33
"2d85d6ec39840f8051854b028fa13073","06200","52080402","202602280906","2569",1
"2d85d6ec39840f8051854b028fa13073","23962","21080302","202602280521","2569",9116
"2d85d6ec39840f8051854b028fa13073","04730","42070501","202602282113","2569",34
"2d85d6ec39840f8051854b028fa13073","77510","21010202","202602280521","2569",23
"2d85d6ec39840f8051854b028fa13073","06199","52080303","202602280906","2569",10
"2d85d6ec39840f8051854b028fa13073","77511","21010902","202602280521","2569",57
"2d85d6ec39840f8051854b028fa13073","04729","42070403","202602282113","2569",46
"2d85d6ec39840f8051854b028fa13073","06204","52080507","202602280906","2569",8
"2d85d6ec39840f8051854b028fa13073","04728","42070401","202602282113","2569",73
"2d85d6ec39840f8051854b028fa13073","04734","42080209","202602282113","2569",1
"2d85d6ec39840f8051854b028fa13073","06202","52080503","202602280906","2569",13
"2d85d6ec39840f8051854b028fa13073","04733","42080202","202602282113","2569",2
"2d85d6ec39840f8051854b028fa13073","06201","52080403","202602280906","2569",3
"2d85d6ec39840f8051854b028fa13073","04732","42080105","202602282113","2569",4
"2d85d6ec39840f8051854b028fa13073","06206","52080602","202602280906","2569",15
"2d85d6ec39840f8051854b028fa13073","04739","42080604","202602282113","2569",4
"2d85d6ec39840f8051854b028fa13073","06205","52080508","202602280906","2569",8
"2d85d6ec39840f8051854b028fa13073","06208","52080702","202602280906","2569",1
"2d85d6ec39840f8051854b028fa13073","04742","42090303","202602282113","2569",1
"2d85d6ec39840f8051854b028fa13073","06209","52080705","202602280906","2569",1
"2d85d6ec39840f8051854b028fa13073","04743","42090313","202602282113","2569",1
"2d85d6ec39840f8051854b028fa13073","04752","42091111","202602282113","2569",1
"2d85d6ec39840f8051854b028fa13073","06210","52080810","202602280906","2569",2
"2d85d6ec39840f8051854b028fa13073","11037","42100708","202602282113","2569",387
"2d85d6ec39840f8051854b028fa13073","11146","52020411","202602280906","2569",500
"2d85d6ec39840f8051854b028fa13073","11036","42090103","202602282113","2569",206
"2d85d6ec39840f8051854b028fa13073","10672","52010200","202602280906","2569",4489
"2d85d6ec39840f8051854b028fa13073","11035","42080101","202602282113","2569",8
"2d85d6ec39840f8051854b028fa13073","11147","52030503","202602280906","2569",873
"2d85d6ec39840f8051854b028fa13073","11038","42110203","202602282113","2569",683
"2d85d6ec39840f8051854b028fa13073","11148","52040101","202602280906","2569",2631
"2d85d6ec39840f8051854b028fa13073","11034","42070106","202602282113","2569",310
"2d85d6ec39840f8051854b028fa13073","07459","64071105","202603010428","2569",167
"2d85d6ec39840f8051854b028fa13073","11042","43050103","202603010507","2569",2116
"2d85d6ec39840f8051854b028fa13073","09841","93051602","202603010626","2569",35
"2d85d6ec39840f8051854b028fa13073","10797","16110107","202603011235","2569",180
"2d85d6ec39840f8051854b028fa13073","10711","48010100","202603011222","2569",300
"2d85d6ec39840f8051854b028fa13073","11625","55150101","202603010451","2569",26
"2d85d6ec39840f8051854b028fa13073","05627","48030201","202603011222","2569",19
"2d85d6ec39840f8051854b028fa13073","13820","16050110","202603011235","2569",87
"2d85d6ec39840f8051854b028fa13073","10853","24050101","202602281731","2569",232
"2d85d6ec39840f8051854b028fa13073","05979","50150302","202603010057","2569",1
"2d85d6ec39840f8051854b028fa13073","23736","50250103","202603010057","2569",424
"2d85d6ec39840f8051854b028fa13073","05997","50160506","202603010057","2569",10
"2d85d6ec39840f8051854b028fa13073","10781","14160201","202602280606","2569",178
"2d85d6ec39840f8051854b028fa13073","11342","81040109","202602280157","2569",1675
"2d85d6ec39840f8051854b028fa13073","77475","33010200","202602281538","2569",15
"2d85d6ec39840f8051854b028fa13073","11263","66080204","202603011059","2569",137
"2d85d6ec39840f8051854b028fa13073","11456","66040100","202603011059","2569",506
"2d85d6ec39840f8051854b028fa13073","03913","35080701","202602281150","2569",540
"2d85d6ec39840f8051854b028fa13073","03916","35081102","202602281150","2569",655
"2d85d6ec39840f8051854b028fa13073","03928","35090506","202602281150","2569",169
"2d85d6ec39840f8051854b028fa13073","03921","35081401","202602281150","2569",22
"2d85d6ec39840f8051854b028fa13073","03922","35081402","202602281150","2569",72
"2d85d6ec39840f8051854b028fa13073","10219","32101107","202603011225","2569",2
"2d85d6ec39840f8051854b028fa13073","11025","41190101","202602280827","2569",5147
"2d85d6ec39840f8051854b028fa13073","11158","53020202","202602281827","2569",574
"2d85d6ec39840f8051854b028fa13073","11241","63050202","202602281719","2569",232
"2d85d6ec39840f8051854b028fa13073","03423","33091013","202602281538","2569",1
"2d85d6ec39840f8051854b028fa13073","11363","84090103","202602280412","2569",200
"2d85d6ec39840f8051854b028fa13073","11364","84100503","202602280412","2569",141
"2d85d6ec39840f8051854b028fa13073","11365","84110101","202602280412","2569",217
"2d85d6ec39840f8051854b028fa13073","11366","84120100","202602280412","2569",1077
"2d85d6ec39840f8051854b028fa13073","10766","13060609","202602280734","2569",56
"2d85d6ec39840f8051854b028fa13073","01097","13020513","202602280734","2569",2
"2d85d6ec39840f8051854b028fa13073","23749","34011215","202602282021","2569",88
"2d85d6ec39840f8051854b028fa13073","23798","34020114","202602282021","2569",7
"2d85d6ec39840f8051854b028fa13073","23815","34010100","202602282021","2569",2
"2d85d6ec39840f8051854b028fa13073","24032","34300105","202602282021","2569",3495
"2d85d6ec39840f8051854b028fa13073","24821","34290100","202602282021","2569",663
"2d85d6ec39840f8051854b028fa13073","24965","34010703","202602282021","2569",307
"2d85d6ec39840f8051854b028fa13073","13827","30011412","202602161458","2569",1
"2d85d6ec39840f8051854b028fa13073","13826","30010804","202602161458","2569",1
"2d85d6ec39840f8051854b028fa13073","02175","23060101","202603010112","2569",13
"2d85d6ec39840f8051854b028fa13073","04892","38070401","202603010730","2569",148
"2d85d6ec39840f8051854b028fa13073","01398","15041201","202603010746","2569",8
"2d85d6ec39840f8051854b028fa13073","01402","15041508","202603010746","2569",862
"2d85d6ec39840f8051854b028fa13073","07460","64071202","202603010428","2569",68
"2d85d6ec39840f8051854b028fa13073","07463","64080202","202603010428","2569",506
"2d85d6ec39840f8051854b028fa13073","10900","31070103","202602281753","2569",357
"2d85d6ec39840f8051854b028fa13073","10898","31050601","202602281753","2569",44
"2d85d6ec39840f8051854b028fa13073","10899","31060108","202602281753","2569",233
"2d85d6ec39840f8051854b028fa13073","14334","60010100","202602281331","2569",179
"2d85d6ec39840f8051854b028fa13073","11027","41210407","202602280827","2569",2253
"2d85d6ec39840f8051854b028fa13073","09523","90071003","202602280252","2569",7
"2d85d6ec39840f8051854b028fa13073","10240","38030404","202603010730","2569",51
"2d85d6ec39840f8051854b028fa13073","09839","93051211","202603010626","2569",33
"2d85d6ec39840f8051854b028fa13073","10706","43010103","202603010507","2569",1103
"2d85d6ec39840f8051854b028fa13073","07467","64090102","202603010428","2569",162
"2d85d6ec39840f8051854b028fa13073","07468","64090103","202603010428","2569",216
"2d85d6ec39840f8051854b028fa13073","07461","64071301","202603010428","2569",32
"2d85d6ec39840f8051854b028fa13073","10725","64060108","202603010428","2569",276
"2d85d6ec39840f8051854b028fa13073","27968","34330305","202602282021","2569",76
"2d85d6ec39840f8051854b028fa13073","27967","34320412","202602282021","2569",1647
"2d85d6ec39840f8051854b028fa13073","28022","34011201","202602282021","2569",75
"2d85d6ec39840f8051854b028fa13073","27976","34310106","202602282021","2569",571
"2d85d6ec39840f8051854b028fa13073","28828","34152006","202602282021","2569",284
"2d85d6ec39840f8051854b028fa13073","03656","34100806","202602282021","2569",1
"2d85d6ec39840f8051854b028fa13073","03653","34100510","202602282021","2569",1
"2d85d6ec39840f8051854b028fa13073","03651","34100501","202602282021","2569",2
"2d85d6ec39840f8051854b028fa13073","03652","34100506","202602282021","2569",2
"2d85d6ec39840f8051854b028fa13073","10993","39040107","202603010629","2569",593
"2d85d6ec39840f8051854b028fa13073","07462","64071402","202603010428","2569",180
"2d85d6ec39840f8051854b028fa13073","05729","48100303","202603011222","2569",27
"2d85d6ec39840f8051854b028fa13073","06334","53090401","202602281827","2569",228
"2d85d6ec39840f8051854b028fa13073","11026","41200104","202602280827","2569",157
"2d85d6ec39840f8051854b028fa13073","10220","32101705","202603011225","2569",22
"2d85d6ec39840f8051854b028fa13073","99932","40180111","202603011301","2569",2
"2d85d6ec39840f8051854b028fa13073","77741","56040101","202602281735","2569",1
"2d85d6ec39840f8051854b028fa13073","11033","42060105","202602282113","2569",62
"2d85d6ec39840f8051854b028fa13073","11269","67080109","202602281127","2569",116
"2d85d6ec39840f8051854b028fa13073","11270","67090105","202602281127","2569",384
"2d85d6ec39840f8051854b028fa13073","11271","67100101","202602281127","2569",301
"2d85d6ec39840f8051854b028fa13073","07464","64080302","202603010428","2569",453
"2d85d6ec39840f8051854b028fa13073","11343","81050107","202602280157","2569",248
"2d85d6ec39840f8051854b028fa13073","10757","12030103","202603011031","2569",254
"2d85d6ec39840f8051854b028fa13073","03912","35080604","202602281150","2569",25
"2d85d6ec39840f8051854b028fa13073","01474","16030710","202603011235","2569",3
"2d85d6ec39840f8051854b028fa13073","05730","48100402","202603011222","2569",9
"2d85d6ec39840f8051854b028fa13073","11673","16080210","202603011235","2569",164
"2d85d6ec39840f8051854b028fa13073","05731","48100510","202603011222","2569",23
"2d85d6ec39840f8051854b028fa13073","05739","48110301","202603011222","2569",309
"2d85d6ec39840f8051854b028fa13073","11236","62090204","202602281802","2569",17
"2d85d6ec39840f8051854b028fa13073","11410","92050106","202602281830","2569",222
"2d85d6ec39840f8051854b028fa13073","09719","92041305","202602281830","2569",6
"2d85d6ec39840f8051854b028fa13073","10897","31040125","202602281753","2569",135
"2d85d6ec39840f8051854b028fa13073","11149","52050104","202602280906","2569",464
"2d85d6ec39840f8051854b028fa13073","03649","34100309","202602282021","2569",4
"2d85d6ec39840f8051854b028fa13073","03648","34100308","202602282021","2569",2
"2d85d6ec39840f8051854b028fa13073","03658","34110205","202602282021","2569",7
"2d85d6ec39840f8051854b028fa13073","03685","34120202","202602282021","2569",197
"2d85d6ec39840f8051854b028fa13073","03686","34120207","202602282021","2569",45
"2d85d6ec39840f8051854b028fa13073","11295","72090315","202602280526","2569",316
"2d85d6ec39840f8051854b028fa13073","11296","72100105","202602280526","2569",96
"2d85d6ec39840f8051854b028fa13073","04881","38050202","202603010730","2569",47
"2d85d6ec39840f8051854b028fa13073","04840","43051311","202603010507","2569",167
"2d85d6ec39840f8051854b028fa13073","07465","64080402","202603010428","2569",127
"2d85d6ec39840f8051854b028fa13073","07472","64090410","202603010428","2569",126
"2d85d6ec39840f8051854b028fa13073","14270","16090504","202603011235","2569",98
"2d85d6ec39840f8051854b028fa13073","11105","48030206","202603011222","2569",2888
"2d85d6ec39840f8051854b028fa13073","14139","92090100","202602281830","2569",174
"2d85d6ec39840f8051854b028fa13073","14135","62100307","202602281802","2569",316
"2d85d6ec39840f8051854b028fa13073","08603","76040402","202602281718","2569",13
"2d85d6ec39840f8051854b028fa13073","15079","60010610","202602281331","2569",154
"2d85d6ec39840f8051854b028fa13073","11367","84130102","202602280412","2569",107
"2d85d6ec39840f8051854b028fa13073","11368","84140102","202602280412","2569",4343
"2d85d6ec39840f8051854b028fa13073","77738","46010101","202602280329","2569",14
"2d85d6ec39840f8051854b028fa13073","11039","42120308","202602282113","2569",588
"2d85d6ec39840f8051854b028fa13073","11447","42050103","202602282113","2569",4
"2d85d6ec39840f8051854b028fa13073","04755","42091303","202602282113","2569",1
"2d85d6ec39840f8051854b028fa13073","13926","42050204","202602282113","2569",23
"2d85d6ec39840f8051854b028fa13073","11045","43080203","202603010507","2569",205
"2d85d6ec39840f8051854b028fa13073","23367","39060100","202603010629","2569",73
"2d85d6ec39840f8051854b028fa13073","10994","39050606","202603010629","2569",1154
"2d85d6ec39840f8051854b028fa13073","04792","43011014","202603010507","2569",210
"2d85d6ec39840f8051854b028fa13073","07474","64090503","202603010428","2569",213
"2d85d6ec39840f8051854b028fa13073","09859","93070105","202603010626","2569",2
"2d85d6ec39840f8051854b028fa13073","07469","64090202","202603010428","2569",142
"2d85d6ec39840f8051854b028fa13073","07471","64090405","202603010428","2569",180
"2d85d6ec39840f8051854b028fa13073","03419","33090701","202602281538","2569",4
"2d85d6ec39840f8051854b028fa13073","03917","35081201","202602281150","2569",273
"2d85d6ec39840f8051854b028fa13073","11104","48020102","202603011222","2569",3915
"2d85d6ec39840f8051854b028fa13073","10856","24090204","202602281731","2569",30
"2d85d6ec39840f8051854b028fa13073","11108","48060209","202603011222","2569",453
"2d85d6ec39840f8051854b028fa13073","77734","16010100","202603011235","2569",21
"2d85d6ec39840f8051854b028fa13073","02171","23050701","202603010112","2569",152
"2d85d6ec39840f8051854b028fa13073","09422","86070705","202602181507","2569",85
"2d85d6ec39840f8051854b028fa13073","03918","35081209","202602281150","2569",368
"2d85d6ec39840f8051854b028fa13073","10673","53010100","202602281827","2569",3435
"2d85d6ec39840f8051854b028fa13073","10895","31020106","202602281753","2569",794
"2d85d6ec39840f8051854b028fa13073","27839","30300105","202602161458","2569",120
"2d85d6ec39840f8051854b028fa13073","24692","30320215","202602161458","2569",111
"2d85d6ec39840f8051854b028fa13073","03687","34120301","202602282021","2569",117
"2d85d6ec39840f8051854b028fa13073","03688","34120309","202602282021","2569",11
"2d85d6ec39840f8051854b028fa13073","03689","34120402","202602282021","2569",68
"2d85d6ec39840f8051854b028fa13073","03690","34120411","202602282021","2569",113
"2d85d6ec39840f8051854b028fa13073","03691","34120512","202602282021","2569",11
"2d85d6ec39840f8051854b028fa13073","03693","34140207","202602282021","2569",1
"2d85d6ec39840f8051854b028fa13073","03703","34140709","202602282021","2569",84
"2d85d6ec39840f8051854b028fa13073","03704","34140801","202602282021","2569",3
"2d85d6ec39840f8051854b028fa13073","03707","34141001","202602282021","2569",5
"2d85d6ec39840f8051854b028fa13073","03713","34141306","202602282021","2569",7
"2d85d6ec39840f8051854b028fa13073","03716","34150407","202602282021","2569",84
"2d85d6ec39840f8051854b028fa13073","03717","34150502","202602282021","2569",71
"2d85d6ec39840f8051854b028fa13073","03718","34150704","202602282021","2569",51
"2d85d6ec39840f8051854b028fa13073","03719","34150811","202602282021","2569",178
"2d85d6ec39840f8051854b028fa13073","03723","34151116","202602282021","2569",53
"2d85d6ec39840f8051854b028fa13073","03721","34151004","202602282021","2569",22
"2d85d6ec39840f8051854b028fa13073","11303","73070101","202602281108","2569",189
"2d85d6ec39840f8051854b028fa13073","11100","47140106","202603010000","2569",243
"2d85d6ec39840f8051854b028fa13073","04849","38030509","202603010730","2569",116
"2d85d6ec39840f8051854b028fa13073","11448","43020113","202603010507","2569",391
"2d85d6ec39840f8051854b028fa13073","11417","93050109","202603010626","2569",41
"2d85d6ec39840f8051854b028fa13073","13933","43070410","202603010507","2569",214
"2d85d6ec39840f8051854b028fa13073","09853","93060508","202603010626","2569",5
"2d85d6ec39840f8051854b028fa13073","08604","76040408","202602281718","2569",205
"2d85d6ec39840f8051854b028fa13073","11344","81060105","202602280157","2569",4
"2d85d6ec39840f8051854b028fa13073","04848","38030514","202603010730","2569",52
"2d85d6ec39840f8051854b028fa13073","09419","86070505","202602181507","2569",182
"2d85d6ec39840f8051854b028fa13073","11106","48040102","202603011222","2569",3899
"2d85d6ec39840f8051854b028fa13073","11107","48110304","202603011222","2569",18
"2d85d6ec39840f8051854b028fa13073","11109","48071207","202603011222","2569",147
"2d85d6ec39840f8051854b028fa13073","10812","19070102","202603010910","2569",221
"2d85d6ec39840f8051854b028fa13073","11110","48080101","202603011222","2569",442
"2d85d6ec39840f8051854b028fa13073","11151","52070204","202602280906","2569",1948
"2d85d6ec39840f8051854b028fa13073","04763","42140101","202602282113","2569",15
"2d85d6ec39840f8051854b028fa13073","11150","52060703","202602280906","2569",574
"2d85d6ec39840f8051854b028fa13073","11223","61040105","202603010939","2569",105
"2d85d6ec39840f8051854b028fa13073","10963","35020100","202602281150","2569",812
"2d85d6ec39840f8051854b028fa13073","10701","35010308","202602281150","2569",6494
"2d85d6ec39840f8051854b028fa13073","11442","96110101","202602280235","2569",742
"2d85d6ec39840f8051854b028fa13073","11028","41220107","202602280827","2569",2834
"2d85d6ec39840f8051854b028fa13073","10668","32010100","202603011225","2569",583
"2d85d6ec39840f8051854b028fa13073","11029","41230111","202602280827","2569",657
"2d85d6ec39840f8051854b028fa13073","10915","32020101","202603011225","2569",208
"2d85d6ec39840f8051854b028fa13073","13904","41010608","202602280827","2569",153
"2d85d6ec39840f8051854b028fa13073","10916","32030107","202603011225","2569",478
"2d85d6ec39840f8051854b028fa13073","11446","41110107","202602280827","2569",6271
"2d85d6ec39840f8051854b028fa13073","10917","32040106","202603011225","2569",426
"2d85d6ec39840f8051854b028fa13073","13906","41012104","202602280827","2569",307
"2d85d6ec39840f8051854b028fa13073","10918","32050102","202603011225","2569",100
"2d85d6ec39840f8051854b028fa13073","13907","41020206","202602280827","2569",273
"2d85d6ec39840f8051854b028fa13073","10919","32060101","202603011225","2569",181
"2d85d6ec39840f8051854b028fa13073","13908","41020706","202602280827","2569",117
"2d85d6ec39840f8051854b028fa13073","10921","32080103","202603011225","2569",17
"2d85d6ec39840f8051854b028fa13073","13910","41030409","202602280827","2569",710
"2d85d6ec39840f8051854b028fa13073","10920","32070108","202603011225","2569",4072
"2d85d6ec39840f8051854b028fa13073","13911","41030602","202602280827","2569",126
"2d85d6ec39840f8051854b028fa13073","10922","32090101","202603011225","2569",859
"2d85d6ec39840f8051854b028fa13073","13913","41050511","202602280827","2569",63
"2d85d6ec39840f8051854b028fa13073","10923","32100101","202603011225","2569",414
"2d85d6ec39840f8051854b028fa13073","13915","41070303","202602280827","2569",1164
"2d85d6ec39840f8051854b028fa13073","10924","32110103","202603011225","2569",583
"2d85d6ec39840f8051854b028fa13073","13909","41030109","202602280827","2569",128
"2d85d6ec39840f8051854b028fa13073","10925","32120201","202603011225","2569",88
"2d85d6ec39840f8051854b028fa13073","13914","41061408","202602280827","2569",582
"2d85d6ec39840f8051854b028fa13073","10926","32130101","202603011225","2569",32
"2d85d6ec39840f8051854b028fa13073","13921","41180612","202602280827","2569",1035
"2d85d6ec39840f8051854b028fa13073","13848","32010410","202603011225","2569",24
"2d85d6ec39840f8051854b028fa13073","13849","32011801","202603011225","2569",46
"2d85d6ec39840f8051854b028fa13073","13850","32020203","202603011225","2569",6
"2d85d6ec39840f8051854b028fa13073","13851","32030516","202603011225","2569",22
"2d85d6ec39840f8051854b028fa13073","13852","32040610","202603011225","2569",1
"2d85d6ec39840f8051854b028fa13073","13855","32050903","202603011225","2569",1
"2d85d6ec39840f8051854b028fa13073","13859","32080510","202603011225","2569",35
"2d85d6ec39840f8051854b028fa13073","13860","32090610","202603011225","2569",56
"2d85d6ec39840f8051854b028fa13073","13861","32090904","202603011225","2569",95
"2d85d6ec39840f8051854b028fa13073","77562","32010100","202603011225","2569",76
"2d85d6ec39840f8051854b028fa13073","13863","32101112","202603011225","2569",112
"2d85d6ec39840f8051854b028fa13073","13862","32091113","202603011225","2569",10
"2d85d6ec39840f8051854b028fa13073","13864","32101305","202603011225","2569",3
"2d85d6ec39840f8051854b028fa13073","13865","32130507","202603011225","2569",5
"2d85d6ec39840f8051854b028fa13073","14876","32051102","202603011225","2569",6
"2d85d6ec39840f8051854b028fa13073","14878","32090705","202603011225","2569",38
"2d85d6ec39840f8051854b028fa13073","22302","32140118","202603011225","2569",101
"2d85d6ec39840f8051854b028fa13073","27842","32160106","202603011225","2569",68
"2d85d6ec39840f8051854b028fa13073","10610","64050410","202603010428","2569",13
"2d85d6ec39840f8051854b028fa13073","07475","64090506","202603010428","2569",197
"2d85d6ec39840f8051854b028fa13073","10724","64010601","202603010428","2569",856
"2d85d6ec39840f8051854b028fa13073","09852","93060504","202603010626","2569",1
"2d85d6ec39840f8051854b028fa13073","11416","93040101","202603010626","2569",129
"2d85d6ec39840f8051854b028fa13073","27840","30310101","202602161458","2569",492
"2d85d6ec39840f8051854b028fa13073","03724","34151505","202602282021","2569",72
"2d85d6ec39840f8051854b028fa13073","03725","34151606","202602282021","2569",18
"2d85d6ec39840f8051854b028fa13073","03726","34151807","202602282021","2569",192
"2d85d6ec39840f8051854b028fa13073","03728","34152105","202602282021","2569",77
"2d85d6ec39840f8051854b028fa13073","03729","34152203","202602282021","2569",136
"2d85d6ec39840f8051854b028fa13073","03730","34152402","202602282021","2569",42
"2d85d6ec39840f8051854b028fa13073","03731","34152601","202602282021","2569",30
"2d85d6ec39840f8051854b028fa13073","03732","34190206","202602282021","2569",332
"2d85d6ec39840f8051854b028fa13073","03733","34190401","202602282021","2569",27
"2d85d6ec39840f8051854b028fa13073","03734","34190409","202602282021","2569",188
"2d85d6ec39840f8051854b028fa13073","03736","34190601","202602282021","2569",68
"2d85d6ec39840f8051854b028fa13073","03737","34190605","202602282021","2569",92
"2d85d6ec39840f8051854b028fa13073","03738","34190702","202602282021","2569",26
"2d85d6ec39840f8051854b028fa13073","03740","34190903","202602282021","2569",52
"2d85d6ec39840f8051854b028fa13073","03743","34191102","202602282021","2569",666
"2d85d6ec39840f8051854b028fa13073","03745","34191302","202602282021","2569",1
"2d85d6ec39840f8051854b028fa13073","10360","53040502","202602281827","2569",58
"2d85d6ec39840f8051854b028fa13073","24689","95080203","202602281712","2569",19
"2d85d6ec39840f8051854b028fa13073","11242","63070102","202602281719","2569",2576
"2d85d6ec39840f8051854b028fa13073","11187","56060601","202602281735","2569",2614
"2d85d6ec39840f8051854b028fa13073","10982","36140203","202603010731","2569",47
"2d85d6ec39840f8051854b028fa13073","10983","36150105","202603010731","2569",166
"2d85d6ec39840f8051854b028fa13073","01401","15041502","202603010746","2569",3
"2d85d6ec39840f8051854b028fa13073","14028","58070404","202603010737","2569",7
"2d85d6ec39840f8051854b028fa13073","06885","58070106","202603010737","2569",20
"2d85d6ec39840f8051854b028fa13073","04904","43150501","202603010507","2569",104
"2d85d6ec39840f8051854b028fa13073","11418","93060101","202603010626","2569",398
"2d85d6ec39840f8051854b028fa13073","11244","64020202","202603010428","2569",2346
"2d85d6ec39840f8051854b028fa13073","11246","64040202","202603010428","2569",255
"2d85d6ec39840f8051854b028fa13073","11245","64030107","202603010428","2569",192
"2d85d6ec39840f8051854b028fa13073","10699","27010102","202603011226","2569",2324
"2d85d6ec39840f8051854b028fa13073","14424","35010100","202602281150","2569",63
"2d85d6ec39840f8051854b028fa13073","11112","48100105","202603011222","2569",4055
"2d85d6ec39840f8051854b028fa13073","27844","32170106","202603011225","2569",192
"2d85d6ec39840f8051854b028fa13073","10896","31030109","202602281753","2569",1668
"2d85d6ec39840f8051854b028fa13073","08605","76040501","202602281718","2569",20
"2d85d6ec39840f8051854b028fa13073","77735","62010100","202602281802","2569",38
"2d85d6ec39840f8051854b028fa13073","28010","62110103","202602281802","2569",242
"2d85d6ec39840f8051854b028fa13073","08606","76040601","202602281718","2569",278
"2d85d6ec39840f8051854b028fa13073","11152","52080107","202602280906","2569",1623
"2d85d6ec39840f8051854b028fa13073","13916","41090302","202602280827","2569",166
"2d85d6ec39840f8051854b028fa13073","13918","41100304","202602280827","2569",54
"2d85d6ec39840f8051854b028fa13073","10858","25030201","202603010954","2569",5
"2d85d6ec39840f8051854b028fa13073","10865","26040904","202603010547","2569",178
"2d85d6ec39840f8051854b028fa13073","09869","93080302","202603010626","2569",76
"2d85d6ec39840f8051854b028fa13073","28778","43170107","202603010507","2569",237
"2d85d6ec39840f8051854b028fa13073","11247","64050103","202603010428","2569",112
"2d85d6ec39840f8051854b028fa13073","09870","93080409","202603010626","2569",21
"2d85d6ec39840f8051854b028fa13073","11419","93070109","202603010626","2569",3
"2d85d6ec39840f8051854b028fa13073","09322","85020105","202603010640","2569",14
"2d85d6ec39840f8051854b028fa13073","10243","38040514","202603010730","2569",82
"2d85d6ec39840f8051854b028fa13073","10803","18030100","202603010920","2569",21
"2d85d6ec39840f8051854b028fa13073","09423","86070805","202602181507","2569",99
"2d85d6ec39840f8051854b028fa13073","01424","15061501","202603010746","2569",9
"2d85d6ec39840f8051854b028fa13073","14109","95040203","202602281712","2569",2
"2d85d6ec39840f8051854b028fa13073","11160","53040104","202602281827","2569",236
"2d85d6ec39840f8051854b028fa13073","11464","94110101","202602281538","2569",1265
"2d85d6ec39840f8051854b028fa13073","10107","96030302","202602280235","2569",12
"2d85d6ec39840f8051854b028fa13073","14118","96080401","202602280235","2569",5
"2d85d6ec39840f8051854b028fa13073","08607","76040702","202602281718","2569",11
"2d85d6ec39840f8051854b028fa13073","09733","92060602","202602281830","2569",12
"2d85d6ec39840f8051854b028fa13073","05436","46160405","202602280329","2569",17
"2d85d6ec39840f8051854b028fa13073","03744","34191204","202602282021","2569",618
"2d85d6ec39840f8051854b028fa13073","03747","34191402","202602282021","2569",216
"2d85d6ec39840f8051854b028fa13073","03756","34200508","202602282021","2569",15
"2d85d6ec39840f8051854b028fa13073","03758","34210106","202602282021","2569",65
"2d85d6ec39840f8051854b028fa13073","03759","34210201","202602282021","2569",62
"2d85d6ec39840f8051854b028fa13073","03761","34210310","202602282021","2569",8
"2d85d6ec39840f8051854b028fa13073","03757","34200602","202602282021","2569",18
"2d85d6ec39840f8051854b028fa13073","03760","34210206","202602282021","2569",13
"2d85d6ec39840f8051854b028fa13073","03762","34210305","202602282021","2569",117
"2d85d6ec39840f8051854b028fa13073","03763","34210401","202602282021","2569",39
"2d85d6ec39840f8051854b028fa13073","11101","47150108","202603010000","2569",644
"2d85d6ec39840f8051854b028fa13073","24029","11010303","202603010326","2569",2
"2d85d6ec39840f8051854b028fa13073","09331","85030401","202603010640","2569",1
"2d85d6ec39840f8051854b028fa13073","02179","23070104","202603010112","2569",7
"2d85d6ec39840f8051854b028fa13073","10740","82050200","202603010032","2569",1099
"2d85d6ec39840f8051854b028fa13073","11420","93080608","202603010626","2569",37
"2d85d6ec39840f8051854b028fa13073","11248","64070204","202603010428","2569",1066
"2d85d6ec39840f8051854b028fa13073","14208","93040302","202603010626","2569",1
"2d85d6ec39840f8051854b028fa13073","14053","64071304","202603010428","2569",69
"2d85d6ec39840f8051854b028fa13073","07466","64080504","202603010428","2569",344
"2d85d6ec39840f8051854b028fa13073","10966","35050104","202602281150","2569",1778
"2d85d6ec39840f8051854b028fa13073","10965","35040102","202602281150","2569",246
"2d85d6ec39840f8051854b028fa13073","11411","92060802","202602281830","2569",127
"2d85d6ec39840f8051854b028fa13073","23221","24010100","202602281731","2569",2
"2d85d6ec39840f8051854b028fa13073","10813","19080109","202603010910","2569",2410
"2d85d6ec39840f8051854b028fa13073","09520","90070703","202602280252","2569",18
"2d85d6ec39840f8051854b028fa13073","09525","90071202","202602280252","2569",4
"2d85d6ec39840f8051854b028fa13073","02908","31030307","202602281753","2569",70
"2d85d6ec39840f8051854b028fa13073","10667","31010105","202602281753","2569",559
"2d85d6ec39840f8051854b028fa13073","07999","70090102","202602280605","2569",2
"2d85d6ec39840f8051854b028fa13073","09333","85030501","202603010640","2569",1
"2d85d6ec39840f8051854b028fa13073","02180","23070201","202603010112","2569",4
"2d85d6ec39840f8051854b028fa13073","14052","64071207","202603010428","2569",53
"2d85d6ec39840f8051854b028fa13073","04815","38010705","202603010730","2569",148
"2d85d6ec39840f8051854b028fa13073","02181","23070205","202603010112","2569",6
"2d85d6ec39840f8051854b028fa13073","11348","82030301","202603010032","2569",504
"2d85d6ec39840f8051854b028fa13073","02182","23070203","202603010112","2569",11
"2d85d6ec39840f8051854b028fa13073","14027","58060402","202603010737","2569",1
"2d85d6ec39840f8051854b028fa13073","14269","16110301","202603011235","2569",31
"2d85d6ec39840f8051854b028fa13073","11451","48050107","202603011222","2569",6018
"2d85d6ec39840f8051854b028fa13073","11873","48051207","202603011222","2569",4
"2d85d6ec39840f8051854b028fa13073","03998","36060310","202603010731","2569",4
"2d85d6ec39840f8051854b028fa13073","15080","60010704","202602281331","2569",36
"2d85d6ec39840f8051854b028fa13073","11369","84160101","202602280412","2569",566
"2d85d6ec39840f8051854b028fa13073","11162","53060203","202602281827","2569",665
"2d85d6ec39840f8051854b028fa13073","04775","42120507","202602282113","2569",1
"2d85d6ec39840f8051854b028fa13073","04770","42120102","202602282113","2569",1
"2d85d6ec39840f8051854b028fa13073","10804","18040405","202603010920","2569",8
"2d85d6ec39840f8051854b028fa13073","11349","82040602","202603010032","2569",135
"2d85d6ec39840f8051854b028fa13073","11353","82070101","202603010032","2569",30
"2d85d6ec39840f8051854b028fa13073","14365","85010902","202603010640","2569",5
"2d85d6ec39840f8051854b028fa13073","11224","61050105","202603010939","2569",752
"2d85d6ec39840f8051854b028fa13073","11040","38010101","202603010730","2569",1565
"2d85d6ec39840f8051854b028fa13073","10987","37040102","202602281029","2569",2019
"2d85d6ec39840f8051854b028fa13073","10967","35060104","202602281150","2569",3131
"2d85d6ec39840f8051854b028fa13073","10814","19100102","202603010910","2569",189
"2d85d6ec39840f8051854b028fa13073","04004","36061101","202603010731","2569",138
"2d85d6ec39840f8051854b028fa13073","23976","50250207","202603010057","2569",70
"2d85d6ec39840f8051854b028fa13073","14133","42130203","202602282113","2569",46
"2d85d6ec39840f8051854b028fa13073","14352","42010405","202602282113","2569",1
"2d85d6ec39840f8051854b028fa13073","10902","31090203","202602281753","2569",22
"2d85d6ec39840f8051854b028fa13073","10904","31100107","202602281753","2569",840
"2d85d6ec39840f8051854b028fa13073","10911","31170110","202602281753","2569",645
"2d85d6ec39840f8051854b028fa13073","03764","34210501","202602282021","2569",37
"2d85d6ec39840f8051854b028fa13073","03765","34210601","202602282021","2569",1
"2d85d6ec39840f8051854b028fa13073","03766","34210605","202602282021","2569",21
"2d85d6ec39840f8051854b028fa13073","03771","34220406","202602282021","2569",9
"2d85d6ec39840f8051854b028fa13073","03769","34220301","202602282021","2569",5
"2d85d6ec39840f8051854b028fa13073","03773","34220508","202602282021","2569",54
"2d85d6ec39840f8051854b028fa13073","03772","34220503","202602282021","2569",17
"2d85d6ec39840f8051854b028fa13073","03755","34200501","202602282021","2569",20
"2d85d6ec39840f8051854b028fa13073","03751","34200104","202602282021","2569",22
"2d85d6ec39840f8051854b028fa13073","03750","34191906","202602282021","2569",21
"2d85d6ec39840f8051854b028fa13073","03778","34220907","202602282021","2569",13
"2d85d6ec39840f8051854b028fa13073","13919","41100402","202602280827","2569",1206
"2d85d6ec39840f8051854b028fa13073","13917","41090705","202602280827","2569",260
"2d85d6ec39840f8051854b028fa13073","13922","41220403","202602280827","2569",472
"2d85d6ec39840f8051854b028fa13073","06886","58070201","202603010737","2569",3
"2d85d6ec39840f8051854b028fa13073","10860","25070104","202603010954","2569",42
"2d85d6ec39840f8051854b028fa13073","11115","49040103","202603011154","2569",383
"2d85d6ec39840f8051854b028fa13073","09427","86071001","202602181507","2569",227
"2d85d6ec39840f8051854b028fa13073","06597","56031407","202602281735","2569",1
"2d85d6ec39840f8051854b028fa13073","04772","42120208","202602282113","2569",29
"2d85d6ec39840f8051854b028fa13073","28861","42140100","202602282113","2569",49
"2d85d6ec39840f8051854b028fa13073","10866","27020101","202603011226","2569",500
"2d85d6ec39840f8051854b028fa13073","11102","47160202","202603010000","2569",531
"2d85d6ec39840f8051854b028fa13073","10989","37060807","202602281029","2569",263
"2d85d6ec39840f8051854b028fa13073","10806","18060902","202603010920","2569",133
"2d85d6ec39840f8051854b028fa13073","11044","43070101","202603010507","2569",197
"2d85d6ec39840f8051854b028fa13073","09531","90090204","202602280252","2569",1
"2d85d6ec39840f8051854b028fa13073","09567","90111210","202602280252","2569",7
"2d85d6ec39840f8051854b028fa13073","07096","61030508","202603010939","2569",6
"2d85d6ec39840f8051854b028fa13073","13979","48011108","202603011222","2569",197
"2d85d6ec39840f8051854b028fa13073","14246","41190507","202602280827","2569",611
"2d85d6ec39840f8051854b028fa13073","99791","62010100","202602281802","2569",4
"2d85d6ec39840f8051854b028fa13073","28817","92100109","202602281830","2569",2
"2d85d6ec39840f8051854b028fa13073","10912","31180108","202602281753","2569",511
"2d85d6ec39840f8051854b028fa13073","04781","42130401","202602282113","2569",3
"2d85d6ec39840f8051854b028fa13073","03749","34191905","202602282021","2569",6
"2d85d6ec39840f8051854b028fa13073","03748","34191808","202602282021","2569",57
"2d85d6ec39840f8051854b028fa13073","10696","23010700","202603010112","2569",1344
"2d85d6ec39840f8051854b028fa13073","11374","85050205","202603010640","2569",600
"2d85d6ec39840f8051854b028fa13073","11350","82050304","202603010032","2569",147
"2d85d6ec39840f8051854b028fa13073","09878","93090303","202603010626","2569",2
"2d85d6ec39840f8051854b028fa13073","07368","64010203","202603010428","2569",9
"2d85d6ec39840f8051854b028fa13073","14051","64071112","202603010428","2569",101
"2d85d6ec39840f8051854b028fa13073","11268","67071006","202602281127","2569",540
"2d85d6ec39840f8051854b028fa13073","10859","25060201","202603010954","2569",10
"2d85d6ec39840f8051854b028fa13073","09425","86070906","202602181507","2569",93
"2d85d6ec39840f8051854b028fa13073","11161","53050101","202602281827","2569",179
"2d85d6ec39840f8051854b028fa13073","10913","31190101","202602281753","2569",61
"2d85d6ec39840f8051854b028fa13073","10914","31200107","202602281753","2569",92
"2d85d6ec39840f8051854b028fa13073","10910","31160808","202602281753","2569",3031
"2d85d6ec39840f8051854b028fa13073","10909","31150401","202602281753","2569",1944
"2d85d6ec39840f8051854b028fa13073","11310","76040100","202602281718","2569",31
"2d85d6ec39840f8051854b028fa13073","09741","92061407","202602281830","2569",2
"2d85d6ec39840f8051854b028fa13073","09428","86071103","202602181507","2569",701
"2d85d6ec39840f8051854b028fa13073","08611","76040806","202602281718","2569",90
"2d85d6ec39840f8051854b028fa13073","28006","20110114","202603010539","2569",116
"2d85d6ec39840f8051854b028fa13073","11103","47170210","202603010000","2569",1660
"2d85d6ec39840f8051854b028fa13073","10846","23030201","202603010112","2569",41
"2d85d6ec39840f8051854b028fa13073","11422","93100101","202603010626","2569",107
"2d85d6ec39840f8051854b028fa13073","11631","66120113","202603011059","2569",273
"2d85d6ec39840f8051854b028fa13073","10802","18020504","202603010920","2569",2
"2d85d6ec39840f8051854b028fa13073","15269","16041802","202603011235","2569",152
"2d85d6ec39840f8051854b028fa13073","10815","19110209","202603010910","2569",279
"2d85d6ec39840f8051854b028fa13073","13980","48040901","202603011222","2569",13
"2d85d6ec39840f8051854b028fa13073","13981","48070107","202603011222","2569",63
"2d85d6ec39840f8051854b028fa13073","77730","19030100","202603010910","2569",697
"2d85d6ec39840f8051854b028fa13073","05732","48100502","202603011222","2569",65
"2d85d6ec39840f8051854b028fa13073","05734","48100701","202603011222","2569",4
"2d85d6ec39840f8051854b028fa13073","05735","48110103","202603011222","2569",261
"2d85d6ec39840f8051854b028fa13073","06600","56040206","202602281735","2569",67
"2d85d6ec39840f8051854b028fa13073","06621","56060307","202602281735","2569",426
"2d85d6ec39840f8051854b028fa13073","10744","86010100","202602181507","2569",319
"2d85d6ec39840f8051854b028fa13073","11311","76050101","202602281718","2569",208
"2d85d6ec39840f8051854b028fa13073","28843","44130103","202602282224","2569",1317
"2d85d6ec39840f8051854b028fa13073","10705","42010101","202602282113","2569",1206
"2d85d6ec39840f8051854b028fa13073","11153","52090405","202602280906","2569",464
"2d85d6ec39840f8051854b028fa13073","11226","61070102","202603010939","2569",85
"2d85d6ec39840f8051854b028fa13073","14050","64060608","202603010428","2569",94
"2d85d6ec39840f8051854b028fa13073","25058","41240107","202602280827","2569",185
"2d85d6ec39840f8051854b028fa13073","25059","41250103","202602280827","2569",1187
"2d85d6ec39840f8051854b028fa13073","14248","41240101","202602280827","2569",169
"2d85d6ec39840f8051854b028fa13073","10862","25090104","202603010954","2569",3
"2d85d6ec39840f8051854b028fa13073","13886","35090401","202602281150","2569",273
"2d85d6ec39840f8051854b028fa13073","10988","37050101","202602281029","2569",484
"2d85d6ec39840f8051854b028fa13073","10756","12020108","202603011031","2569",91
"2d85d6ec39840f8051854b028fa13073","13982","48071505","202603011222","2569",12
"2d85d6ec39840f8051854b028fa13073","11111","48090105","202603011222","2569",135
"2d85d6ec39840f8051854b028fa13073","77686","24030110","202602281731","2569",5
"2d85d6ec39840f8051854b028fa13073","14278","48060810","202603011222","2569",24
"2d85d6ec39840f8051854b028fa13073","03777","34220801","202602282021","2569",10
"2d85d6ec39840f8051854b028fa13073","03775","34220607","202602282021","2569",2
"2d85d6ec39840f8051854b028fa13073","03774","34220603","202602282021","2569",1
"2d85d6ec39840f8051854b028fa13073","03783","34250109","202602282021","2569",111
"2d85d6ec39840f8051854b028fa13073","03784","34250203","202602282021","2569",1184
"2d85d6ec39840f8051854b028fa13073","11043","38030102","202603010730","2569",988
"2d85d6ec39840f8051854b028fa13073","11114","49030107","202603011154","2569",2
"2d85d6ec39840f8051854b028fa13073","27978","66090112","202603011059","2569",260
"2d85d6ec39840f8051854b028fa13073","10867","27030101","202603011226","2569",620
"2d85d6ec39840f8051854b028fa13073","11164","53080501","202602281827","2569",36
"2d85d6ec39840f8051854b028fa13073","03849","35020503","202602281150","2569",80
"2d85d6ec39840f8051854b028fa13073","10908","31140102","202602281753","2569",80
"2d85d6ec39840f8051854b028fa13073","09745","92061702","202602281830","2569",12
"2d85d6ec39840f8051854b028fa13073","10721","62010100","202602281802","2569",748
"2d85d6ec39840f8051854b028fa13073","11312","76061608","202602281718","2569",54
"2d85d6ec39840f8051854b028fa13073","11030","42020106","202602282113","2569",105
"2d85d6ec39840f8051854b028fa13073","11154","52100110","202602280906","2569",207
"2d85d6ec39840f8051854b028fa13073","10709","46010100","202602280329","2569",941
"2d85d6ec39840f8051854b028fa13073","11077","46020107","202602280329","2569",1175
"2d85d6ec39840f8051854b028fa13073","10743","85010100","202603010640","2569",1118
"2d85d6ec39840f8051854b028fa13073","09566","90111205","202602280252","2569",1
"2d85d6ec39840f8051854b028fa13073","09561","90110504","202602280252","2569",1
"2d85d6ec39840f8051854b028fa13073","09570","90111407","202602280252","2569",4
"2d85d6ec39840f8051854b028fa13073","10788","15070110","202603010746","2569",72
"2d85d6ec39840f8051854b028fa13073","11117","49060109","202603011154","2569",22
"2d85d6ec39840f8051854b028fa13073","14049","64050310","202603010428","2569",201
"2d85d6ec39840f8051854b028fa13073","14209","93051303","202603010626","2569",50
"2d85d6ec39840f8051854b028fa13073","21557","93010100","202603010626","2569",6
"2d85d6ec39840f8051854b028fa13073","41701","71120110","202603010506","2569",23
"2d85d6ec39840f8051854b028fa13073","07945","70060209","202602280605","2569",16
"2d85d6ec39840f8051854b028fa13073","10868","27040106","202603011226","2569",2081
"2d85d6ec39840f8051854b028fa13073","13885","35080612","202602281150","2569",51
"2d85d6ec39840f8051854b028fa13073","11376","86020902","202602181507","2569",594
"2d85d6ec39840f8051854b028fa13073","11313","76070103","202602281718","2569",527
"2d85d6ec39840f8051854b028fa13073","27979","66100502","202603011059","2569",91
"2d85d6ec39840f8051854b028fa13073","06620","56060302","202602281735","2569",376
"2d85d6ec39840f8051854b028fa13073","11370","84170103","202602280412","2569",4322
"2d85d6ec39840f8051854b028fa13073","11371","84180103","202602280412","2569",321
"2d85d6ec39840f8051854b028fa13073","11459","84150210","202602280412","2569",517
"2d85d6ec39840f8051854b028fa13073","10907","31130508","202602281753","2569",40
"2d85d6ec39840f8051854b028fa13073","13972","47080309","202603010000","2569",4
"2d85d6ec39840f8051854b028fa13073","14247","41230207","202602280827","2569",1021
"2d85d6ec39840f8051854b028fa13073","14245","41171102","202602280827","2569",101
"2d85d6ec39840f8051854b028fa13073","14845","41020103","202602280827","2569",214
"2d85d6ec39840f8051854b028fa13073","01358","15010604","202603010746","2569",4
"2d85d6ec39840f8051854b028fa13073","11031","42030102","202602282113","2569",110
"2d85d6ec39840f8051854b028fa13073","03788","34250602","202602282021","2569",75
"2d85d6ec39840f8051854b028fa13073","03789","34250605","202602282021","2569",216
"2d85d6ec39840f8051854b028fa13073","03804","34300301","202602282021","2569",2
"2d85d6ec39840f8051854b028fa13073","03802","34300203","202602282021","2569",1
"2d85d6ec39840f8051854b028fa13073","03795","34260606","202602282021","2569",3
"2d85d6ec39840f8051854b028fa13073","10712","49010100","202603011154","2569",1444
"2d85d6ec39840f8051854b028fa13073","11372","85030201","202603010640","2569",65
"2d85d6ec39840f8051854b028fa13073","11354","82080109","202603010032","2569",7
"2d85d6ec39840f8051854b028fa13073","09574","90120105","202602280252","2569",1
"2d85d6ec39840f8051854b028fa13073","09585","90140209","202602280252","2569",15
"2d85d6ec39840f8051854b028fa13073","42717","32011111","202603011225","2569",5
"2d85d6ec39840f8051854b028fa13073","07981","70080101","202602280605","2569",11
"2d85d6ec39840f8051854b028fa13073","04852","38030708","202603010730","2569",36
"2d85d6ec39840f8051854b028fa13073","11046","38040101","202603010730","2569",907
"2d85d6ec39840f8051854b028fa13073","08725","77050403","202603010556","2569",5
"2d85d6ec39840f8051854b028fa13073","07084","61020805","202603010939","2569",123
"2d85d6ec39840f8051854b028fa13073","01407","15050510","202603010746","2569",7
"2d85d6ec39840f8051854b028fa13073","11047","38050404","202603010730","2569",1593
"2d85d6ec39840f8051854b028fa13073","01613","18010710","202603010920","2569",2
"2d85d6ec39840f8051854b028fa13073","04869","38040210","202603010730","2569",422
"2d85d6ec39840f8051854b028fa13073","27974","18070101","202603010920","2569",17
"2d85d6ec39840f8051854b028fa13073","11048","38060111","202603010730","2569",190
"2d85d6ec39840f8051854b028fa13073","01409","15050704","202603010746","2569",22
"2d85d6ec39840f8051854b028fa13073","11049","38070111","202603010730","2569",62
"2d85d6ec39840f8051854b028fa13073","11225","61060101","202603010939","2569",481
"2d85d6ec39840f8051854b028fa13073","01357","15010501","202603010746","2569",5
"2d85d6ec39840f8051854b028fa13073","07087","61021007","202603010939","2569",3
"2d85d6ec39840f8051854b028fa13073","04873","38040504","202603010730","2569",209
"2d85d6ec39840f8051854b028fa13073","01405","15050406","202603010746","2569",2
"2d85d6ec39840f8051854b028fa13073","10693","17060301","202603010704","2569",58
"2d85d6ec39840f8051854b028fa13073","07091","61030307","202603010939","2569",17
"2d85d6ec39840f8051854b028fa13073","11050","38080102","202603010730","2569",761
"2d85d6ec39840f8051854b028fa13073","11227","61080105","202603010939","2569",156
"2d85d6ec39840f8051854b028fa13073","13932","38010305","202603010730","2569",26
"2d85d6ec39840f8051854b028fa13073","13934","38050304","202603010730","2569",9
"2d85d6ec39840f8051854b028fa13073","10798","17020306","202603010704","2569",120
"2d85d6ec39840f8051854b028fa13073","77746","61010100","202603010939","2569",8
"2d85d6ec39840f8051854b028fa13073","01413","15060504","202603010746","2569",185
"2d85d6ec39840f8051854b028fa13073","07109","61041004","202603010939","2569",4
"2d85d6ec39840f8051854b028fa13073","01404","15050302","202603010746","2569",11
"2d85d6ec39840f8051854b028fa13073","10800","17040403","202603010704","2569",21
"2d85d6ec39840f8051854b028fa13073","11118","49070604","202603011154","2569",536
"2d85d6ec39840f8051854b028fa13073","01414","15060606","202603010746","2569",167
"2d85d6ec39840f8051854b028fa13073","01419","15061002","202603010746","2569",307
"2d85d6ec39840f8051854b028fa13073","10799","17030211","202603010704","2569",965
"2d85d6ec39840f8051854b028fa13073","13935","38080101","202603010730","2569",95
"2d85d6ec39840f8051854b028fa13073","01418","15060904","202603010746","2569",73
"2d85d6ec39840f8051854b028fa13073","07107","61040904","202603010939","2569",92
"2d85d6ec39840f8051854b028fa13073","10692","17010100","202603010704","2569",117
"2d85d6ec39840f8051854b028fa13073","11159","53030101","202602281827","2569",87
"2d85d6ec39840f8051854b028fa13073","05733","48100504","202603011222","2569",83
"2d85d6ec39840f8051854b028fa13073","06622","56060402","202602281735","2569",187
"2d85d6ec39840f8051854b028fa13073","11163","53070101","202602281827","2569",646
"2d85d6ec39840f8051854b028fa13073","02178","23070103","202603010112","2569",10
"2d85d6ec39840f8051854b028fa13073","14846","41040206","202602280827","2569",2033
"2d85d6ec39840f8051854b028fa13073","07370","64010302","202603010428","2569",139
"2d85d6ec39840f8051854b028fa13073","11450","47120111","202603010000","2569",3385
"2d85d6ec39840f8051854b028fa13073","24724","48070305","202603011222","2569",49
"2d85d6ec39840f8051854b028fa13073","77724","48050113","202603011222","2569",54
"2d85d6ec39840f8051854b028fa13073","77472","95010100","202602281712","2569",2
"2d85d6ec39840f8051854b028fa13073","23771","96040104","202602280235","2569",1309
"2d85d6ec39840f8051854b028fa13073","10905","31110207","202602281753","2569",210
"2d85d6ec39840f8051854b028fa13073","07992","70080904","202602280605","2569",61
"2d85d6ec39840f8051854b028fa13073","01412","15060403","202603010746","2569",25
"2d85d6ec39840f8051854b028fa13073","06623","56060404","202602281735","2569",90
"2d85d6ec39840f8051854b028fa13073","11654","84190204","202602280412","2569",149
"2d85d6ec39840f8051854b028fa13073","09584","90140204","202602280252","2569",8
"2d85d6ec39840f8051854b028fa13073","10677","70010101","202602280605","2569",4179
"2d85d6ec39840f8051854b028fa13073","11373","85040103","202603010640","2569",87
"2d85d6ec39840f8051854b028fa13073","11267","67060212","202602281127","2569",3165
"2d85d6ec39840f8051854b028fa13073","14847","41090403","202602280827","2569",41
"2d85d6ec39840f8051854b028fa13073","10847","23040104","202603010112","2569",1128
"2d85d6ec39840f8051854b028fa13073","03793","34260401","202602282021","2569",63
"2d85d6ec39840f8051854b028fa13073","03792","34260305","202602282021","2569",2
"2d85d6ec39840f8051854b028fa13073","03791","34260301","202602282021","2569",18
"2d85d6ec39840f8051854b028fa13073","03790","34260201","202602282021","2569",1
"2d85d6ec39840f8051854b028fa13073","07678","66120409","202603011059","2569",1
"2d85d6ec39840f8051854b028fa13073","08612","76040905","202602281718","2569",97
"2d85d6ec39840f8051854b028fa13073","24412","11060102","202603010326","2569",4
"2d85d6ec39840f8051854b028fa13073","11155","52110102","202602280906","2569",1666
"2d85d6ec39840f8051854b028fa13073","06883","58060502","202603010737","2569",17
"2d85d6ec39840f8051854b028fa13073","01417","15060802","202603010746","2569",117
"2d85d6ec39840f8051854b028fa13073","11165","53090209","202602281827","2569",126
"2d85d6ec39840f8051854b028fa13073","06888","58070401","202603010737","2569",12
"2d85d6ec39840f8051854b028fa13073","10050","95040201","202602281712","2569",9
"2d85d6ec39840f8051854b028fa13073","11314","76080305","202602281718","2569",410
"2d85d6ec39840f8051854b028fa13073","06639","56080205","202602281735","2569",364
"2d85d6ec39840f8051854b028fa13073","14849","41180105","202602280827","2569",733
"2d85d6ec39840f8051854b028fa13073","11078","46030111","202602280329","2569",234
"2d85d6ec39840f8051854b028fa13073","14184","43160407","202603010507","2569",86
"2d85d6ec39840f8051854b028fa13073","09095","82050403","202603010032","2569",2
"2d85d6ec39840f8051854b028fa13073","14182","38020601","202603010730","2569",99
"2d85d6ec39840f8051854b028fa13073","01411","15060301","202603010746","2569",68
"2d85d6ec39840f8051854b028fa13073","01410","15060103","202603010746","2569",286
"2d85d6ec39840f8051854b028fa13073","10906","31120103","202602281753","2569",117
"2d85d6ec39840f8051854b028fa13073","10801","17050204","202603010704","2569",282
"2d85d6ec39840f8051854b028fa13073","10739","82010100","202603010032","2569",520
"2d85d6ec39840f8051854b028fa13073","09586","90140305","202602280252","2569",12
"2d85d6ec39840f8051854b028fa13073","14048","64050202","202603010428","2569",253
"2d85d6ec39840f8051854b028fa13073","11250","64090308","202603010428","2569",113
"2d85d6ec39840f8051854b028fa13073","01416","15060712","202603010746","2569",207
"2d85d6ec39840f8051854b028fa13073","10990","37070101","202602281029","2569",550
"2d85d6ec39840f8051854b028fa13073","23748","47010100","202603010000","2569",909
"2d85d6ec39840f8051854b028fa13073","23816","47010100","202603010000","2569",29
"2d85d6ec39840f8051854b028fa13073","10869","27050111","202603011226","2569",1819
"2d85d6ec39840f8051854b028fa13073","06259","53010805","202602281827","2569",128
"2d85d6ec39840f8051854b028fa13073","10969","35090101","202602281150","2569",743
"2d85d6ec39840f8051854b028fa13073","23212","35040504","202602281150","2569",296
"2d85d6ec39840f8051854b028fa13073","06018","50190605","202603010057","2569",5
"2d85d6ec39840f8051854b028fa13073","11323","85020303","202603010640","2569",2208
"2d85d6ec39840f8051854b028fa13073","14322","52080509","202602280906","2569",18
"2d85d6ec39840f8051854b028fa13073","01422","15061302","202603010746","2569",19
"2d85d6ec39840f8051854b028fa13073","10870","27060101","202603011226","2569",2011
"2d85d6ec39840f8051854b028fa13073","05737","48110201","202603011222","2569",234
"2d85d6ec39840f8051854b028fa13073","77776","16061900","202603011235","2569",2
"2d85d6ec39840f8051854b028fa13073","05738","48110202","202603011222","2569",181
"2d85d6ec39840f8051854b028fa13073","21985","60010100","202602281331","2569",169
"2d85d6ec39840f8051854b028fa13073","10854","24060604","202602281731","2569",123
"2d85d6ec39840f8051854b028fa13073","14007","53080504","202602281827","2569",94
"2d85d6ec39840f8051854b028fa13073","13847","31220107","202602281753","2569",10
"2d85d6ec39840f8051854b028fa13073","99734","81070105","202602280157","2569",1
"2d85d6ec39840f8051854b028fa13073","77659","81040102","202602280157","2569",469
"2d85d6ec39840f8051854b028fa13073","08613","76040907","202602281718","2569",17
"2d85d6ec39840f8051854b028fa13073","06640","56080304","202602281735","2569",59
"2d85d6ec39840f8051854b028fa13073","27841","30260114","202602161458","2569",315
"2d85d6ec39840f8051854b028fa13073","14366","85020602","202603010640","2569",2
"2d85d6ec39840f8051854b028fa13073","14367","85020701","202603010640","2569",8
"2d85d6ec39840f8051854b028fa13073","11249","64080103","202603010428","2569",76
"2d85d6ec39840f8051854b028fa13073","14223","64050303","202603010428","2569",1513
"2d85d6ec39840f8051854b028fa13073","13817","27070106","202603011226","2569",177
"2d85d6ec39840f8051854b028fa13073","27980","66110502","202603011059","2569",240
"2d85d6ec39840f8051854b028fa13073","07685","66120310","202603011059","2569",5
"2d85d6ec39840f8051854b028fa13073","13882","35020404","202602281150","2569",106
"2d85d6ec39840f8051854b028fa13073","28849","27090104","202603011226","2569",135
"2d85d6ec39840f8051854b028fa13073","13846","31190108","202602281753","2569",4
"2d85d6ec39840f8051854b028fa13073","03805","34300403","202602282021","2569",2
"2d85d6ec39840f8051854b028fa13073","03812","34320101","202602282021","2569",15
"2d85d6ec39840f8051854b028fa13073","03813","34320106","202602282021","2569",2
"2d85d6ec39840f8051854b028fa13073","03814","34320212","202602282021","2569",25
"2d85d6ec39840f8051854b028fa13073","03815","34320304","202602282021","2569",7
"2d85d6ec39840f8051854b028fa13073","03820","34330202","202602282021","2569",5
"2d85d6ec39840f8051854b028fa13073","10948","34080111","202602282021","2569",13
"2d85d6ec39840f8051854b028fa13073","10669","34010110","202602282021","2569",514
"2d85d6ec39840f8051854b028fa13073","10944","34020115","202602282021","2569",1022
"2d85d6ec39840f8051854b028fa13073","10945","34030102","202602282021","2569",474
"2d85d6ec39840f8051854b028fa13073","14089","84050206","202602280412","2569",2
"2d85d6ec39840f8051854b028fa13073","09587","90140404","202602280252","2569",5
"2d85d6ec39840f8051854b028fa13073","77704","38040100","202603010730","2569",138
"2d85d6ec39840f8051854b028fa13073","11113","49020111","202603011154","2569",170
"2d85d6ec39840f8051854b028fa13073","14870","73012005","202602281108","2569",2
"2d85d6ec39840f8051854b028fa13073","40749","60150107","202602281331","2569",1
"2d85d6ec39840f8051854b028fa13073","77608","31010203","202602281753","2569",1
"2d85d6ec39840f8051854b028fa13073","77670","31010100","202602281753","2569",1
"2d85d6ec39840f8051854b028fa13073","77681","92060100","202602281830","2569",24
"2d85d6ec39840f8051854b028fa13073","21323","47180300","202603010000","2569",1071
"2d85d6ec39840f8051854b028fa13073","06642","56080408","202602281735","2569",59
"2d85d6ec39840f8051854b028fa13073","11308","76020105","202602281718","2569",25
"2d85d6ec39840f8051854b028fa13073","08002","70090207","202602280605","2569",4
"2d85d6ec39840f8051854b028fa13073","07369","64010205","202603010428","2569",5
"2d85d6ec39840f8051854b028fa13073","09600","90160404","202602280252","2569",6
"2d85d6ec39840f8051854b028fa13073","09602","90160203","202602280252","2569",1
"2d85d6ec39840f8051854b028fa13073","99772","90120203","202602280252","2569",1
"2d85d6ec39840f8051854b028fa13073","10946","34040106","202602282021","2569",3786
"2d85d6ec39840f8051854b028fa13073","10947","34050107","202602282021","2569",3313
"2d85d6ec39840f8051854b028fa13073","10951","34110108","202602282021","2569",13136
"2d85d6ec39840f8051854b028fa13073","10954","34151003","202602282021","2569",502
"2d85d6ec39840f8051854b028fa13073","28894","34320204","202602282021","2569",64
"2d85d6ec39840f8051854b028fa13073","10950","34100101","202602282021","2569",660
"2d85d6ec39840f8051854b028fa13073","10949","34090712","202602282021","2569",1205
"2d85d6ec39840f8051854b028fa13073","10957","34200102","202602282021","2569",2613
"2d85d6ec39840f8051854b028fa13073","10956","34190100","202602282021","2569",911
"2d85d6ec39840f8051854b028fa13073","77672","34011216","202602282021","2569",33
"2d85d6ec39840f8051854b028fa13073","10958","34210111","202602282021","2569",1683
"2d85d6ec39840f8051854b028fa13073","10953","34140110","202602282021","2569",3222
"2d85d6ec39840f8051854b028fa13073","10952","34120114","202602282021","2569",30
"2d85d6ec39840f8051854b028fa13073","28850","27080108","202603011226","2569",215
"2d85d6ec39840f8051854b028fa13073","77648","84010204","202602280412","2569",6
"2d85d6ec39840f8051854b028fa13073","02541","30010615","202602161458","2569",53
"2d85d6ec39840f8051854b028fa13073","02538","30010401","202602161458","2569",2
"2d85d6ec39840f8051854b028fa13073","14006","53030704","202602281827","2569",24
"2d85d6ec39840f8051854b028fa13073","11989","63011205","202602281719","2569",1
"2d85d6ec39840f8051854b028fa13073","07347","63060704","202602281719","2569",3
"2d85d6ec39840f8051854b028fa13073","15010","96130101","202602280235","2569",494
"2d85d6ec39840f8051854b028fa13073","28826","11011005","202603010326","2569",2236
"2d85d6ec39840f8051854b028fa13073","24410","11050510","202603010326","2569",283
"2d85d6ec39840f8051854b028fa13073","11990","63011407","202602281719","2569",28
"2d85d6ec39840f8051854b028fa13073","77481","95030102","202602281712","2569",4
"2d85d6ec39840f8051854b028fa13073","11619","31230202","202602281753","2569",5
"2d85d6ec39840f8051854b028fa13073","77671","31010104","202602281753","2569",7
"2d85d6ec39840f8051854b028fa13073","10848","23050106","202603010112","2569",396
"2d85d6ec39840f8051854b028fa13073","08728","77050503","202603010556","2569",5
"2d85d6ec39840f8051854b028fa13073","10849","23060201","202603010112","2569",3
"2d85d6ec39840f8051854b028fa13073","08349","73012406","202602281108","2569",1
